"","sample","Area.12.0","Area.BHT","Area.13.0","Area.i.14.0","Area.14.0","Area.14.1n.9","Area.14.1n.7","Area.14.1n.5","Area.i.15.0","Area.ai.15.0","Area.15.0","Area.i16.0","Area.16.0","Area.16.1n.11","Area.16.1n.9","Area.16.1n.7","Area.16.1n.5","Area.17.1.a.","Area.i.17.0","Area.16.2n.6","Area.ai.17.0","Area.17.1.b.","Area.16.2n.4","Area.17.0","Area.Phytane","Area.16.3n.4","Area.17.1","Area.16.4n.3","Area.16.4n.1","Area.18.0","Area.18.1n.13","Area.18.1n.11","Area.18.1n.9","Area.18.1n.7","Area.18.1n.5","Area.18.2d5.11","Area.18.2n.7","Area.18.2n.6","Area.18.2n.4","Area.18.3n.6","Area.18.3n.4","Area.18.3n.3","Area.18.3n.1","Area.18.4n.3","Area.18.4n.1","Area.20.0","Area.20.1n.11","Area.20.1n.9","Area.20.1n.7","Area.20.2NMID1","Area.20.2n.9","Area.20.2NMID2","Area.20.2n.6","Area.20.3NMIT","Area.20.3n.6","Area.20.4n.6","Area.20.3n.3","Area.20.4n.3","Area.20.5n.3","Area.22.0","Area.22.1n.11","Area.22.1n.9","Area.22.1n.7","Area.22.2NMID1","Area.22.2NMID2","Area.22.2n.6","Area.21.5n.3","Area.23.0","Area.22.4n.6","Area.22.5n.6","Area.22.4n.3","Area.22.5n.3","Area.24.0","Area.22.6n.3","Area.24.1n.9","Area.12.0.1","Area.BHT.1","Area.13.0.1","Area.i.14.0.1","Area.14.0.1","Area.14.1n.9.1","Area.14.1n.7.1","Area.14.1n.5.1","Area.i.15.0.1","Area.ai.15.0.1","Area.15.0.1","Area.i16.0.1","Area.16.0.1","Area.16.1n.11.1","Area.16.1n.9.1","Area.16.1n.7.1","Area.16.1n.5.1","Area.17.1.a..1","Area.i.17.0.1","Area.16.2n.6.1","Area.ai.17.0.1","Area.17.1.b..1","Area.16.2n.4.1","Area.17.0.1","Area.Phytane.1","Area.16.3n.4.1","Area.17.1.1","Area.16.4n.3.1","Area.16.4n.1.1","Area.18.0.1","Area.18.1n.13.1","Area.18.1n.11.1","Area.18.1n.9.1","Area.18.1n.7.1","Area.18.1n.5.1","Area.18.2d5.11.1","Area.18.2n.7.1","Area.18.2n.6.1","Area.18.2n.4.1","Area.18.3n.6.1","Area.18.3n.4.1","Area.18.3n.3.1","Area.18.3n.1.1","Area.18.4n.3.1","Area.18.4n.1.1","Area.20.0.1","Area.20.1n.11.1","Area.20.1n.9.1","Area.20.1n.7.1","Area.20.2NMID1.1","Area.20.2n.9.1","Area.20.2NMID2.1","Area.20.2n.6.1","Area.20.3NMIT.1","Area.20.3n.6.1","Area.20.4n.6.1","Area.20.3n.3.1","Area.20.4n.3.1","Area.20.5n.3.1","Area.22.0.1","Area.22.1n.11.1","Area.22.1n.9.1","Area.22.1n.7.1","Area.22.2NMID1.1","Area.22.2NMID2.1","Area.22.2n.6.1","Area.21.5n.3.1","Area.23.0.1","Area.22.4n.6.1","Area.22.5n.6.1","Area.22.4n.3.1","Area.22.5n.3.1","Area.24.0.1","Area.22.6n.3.1","Area.24.1n.9.1","Quantity.12.0","Quantity.BHT","Quantity.13.0","Quantity.i.14.0","Quantity.14.0","Quantity.14.1n.9","Quantity.14.1n.7","Quantity.14.1n.5","Quantity.i.15.0","Quantity.ai.15.0","Quantity.15.0","Quantity.i16.0","Quantity.16.0","Quantity.16.1n.11","Quantity.16.1n.9","Quantity.16.1n.7","Quantity.16.1n.5","Quantity.17.1.a.","Quantity.i.17.0","Quantity.16.2n.6","Quantity.ai.17.0","Quantity.17.1.b.","Quantity.16.2n.4","Quantity.17.0","Quantity.Phytane","Quantity.16.3n.4","Quantity.17.1","Quantity.16.4n.3","Quantity.16.4n.1","Quantity.18.0","Quantity.18.1n.13","Quantity.18.1n.11","Quantity.18.1n.9","Quantity.18.1n.7","Quantity.18.1n.5","Quantity.18.2d5.11","Quantity.18.2n.7","Quantity.18.2n.6","Quantity.18.2n.4","Quantity.18.3n.6","Quantity.18.3n.4","Quantity.18.3n.3","Quantity.18.3n.1","Quantity.18.4n.3","Quantity.18.4n.1","Quantity.20.0","Quantity.20.1n.11","Quantity.20.1n.9","Quantity.20.1n.7","Quantity.20.2NMID1","Quantity.20.2n.9","Quantity.20.2NMID2","Quantity.20.2n.6","Quantity.20.3NMIT","Quantity.20.3n.6","Quantity.20.4n.6","Quantity.20.3n.3","Quantity.20.4n.3","Quantity.20.5n.3","Quantity.22.0","Quantity.22.1n.11","Quantity.22.1n.9","Quantity.22.1n.7","Quantity.22.2NMID1","Quantity.22.2NMID2","Quantity.22.2n.6","Quantity.21.5n.3","Quantity.23.0","Quantity.22.4n.6","Quantity.22.5n.6","Quantity.22.4n.3","Quantity.22.5n.3","Quantity.24.0","Quantity.22.6n.3","Quantity.24.1n.9","Total.Peak.Area","file","Area.DMA.1","Area.DMA.2","Area.DMA.1.1","Area.DMA.2.1","Quantity.DMA.1","Quantity.DMA.2"
"1","2025\06\26\SCAL_0037.DATA",1,5628.8,1.9,1.4,116.7,NA,NA,NA,6.2,1.1,53.9,20,1897.9,29.4,10.9,83.7,25,NA,53.5,4.5,14,6.5,3.5,60.2,64,0.1,6.9,NA,4.5,634.7,10.7,NA,83.7,373,18.1,4.2,NA,22.9,21.2,10,2.4,17.9,5.9,114.9,219,5.6,73.4,63.5,40.3,NA,7.3,NA,37.1,4.5,5.5,127.3,11.4,24.9,1919.1,9.9,NA,2.1,6.7,6.7,NA,3.7,92.3,2283.9,5.7,48.3,4.8,87.6,2.1,3491.6,NA,61.1,337726,114.1,83.8,6999.1,NA,NA,NA,374.8,67.3,3233.5,1199.3,113871,1763.7,651.5,5022.9,1501.1,NA,3211.3,270.1,838.2,387.9,210.2,3611.7,3838.1,8.7,411.4,NA,269.8,38080.2,642.9,NA,5019.8,22381.4,1085.8,250.5,NA,1376.4,1273.4,601.3,147,1071.7,351.2,6893.4,13137.2,334.6,4406.4,3811.9,2416.8,NA,435.7,NA,2227.1,268.6,331.9,7637.5,685.2,1491.9,115148.6,593.5,NA,126.1,403.1,404.4,NA,221.9,5539.9,137033,341.6,2899,289.9,5254.9,125.2,209495.7,NA,0.01,0,0.02,0.01,1.03,NA,NA,NA,0.06,0.01,0.48,0.17,16.29,0.25,0.09,0.72,0.22,NA,0.45,0.04,0.12,0.05,0.03,0.51,0.56,0,0.06,NA,0.04,5.25,0.09,NA,0.7,3.1,0.15,0.03,NA,0.19,0.18,0.08,0.02,0.15,0.05,0.95,1.81,0.05,0.6,0.51,0.33,NA,0.06,NA,0.3,0.04,0.04,1.02,0.09,0.2,15.4,0.08,NA,0.02,0.05,0.05,NA,0.03,0.74,18.33,0.04,0.38,0.04,0.69,0.02,26.94,NA,18344.42,"C:/Users/freya/OneDrive - Dalhousie University/Ch 1/Freya_Scallops/SCAL_Freya_06-26_2025-11-14.csv",NA,NA,NA,NA,NA,NA
"2","2025\06\26\SCAL_0038.DATA",1.3,5438.3,2.2,1.2,127,4.2,NA,NA,6,1.2,63.5,34.7,2131.7,29.3,12.4,95.3,26.9,NA,53.7,5.3,15.3,7.3,4,65,63,1.2,8.9,2.9,4.7,716.1,11.5,7.1,105.6,462.5,20.7,4.7,NA,25,24.8,11.9,3.4,21.1,6.5,161,6.1,6.4,94.9,74.3,46.6,42.7,NA,8.4,40.5,5.5,5.9,131.7,14.1,33.2,2112.5,12.8,4.8,4.2,NA,9.7,17.9,4.4,102.3,2870.7,6.2,48.2,4.4,100,3.6,3857.8,NA,76.1,326300.6,129.8,69.1,7617.6,254,NA,NA,359.1,73.2,3807.7,2079.2,127904.3,1755.7,744.8,5718.9,1612.6,NA,3222.7,317,916.2,435.5,238.3,3898.7,3781.6,73.1,534.1,174.4,280.7,42964.9,690.4,428.2,6335.7,27749.8,1240.7,283.7,NA,1498.3,1486.8,715.7,203.6,1266.8,390,9661.6,366,382.5,5692.5,4456.1,2794.3,2564.2,NA,503.2,2431.8,328.7,353.6,7901.7,847.9,1990.3,126752.3,770.1,290.8,254.3,NA,580.9,1073.4,262.9,6135.5,172240.2,374.6,2894.9,262.6,5997.6,218.4,231466.1,NA,0.01,0,0.02,0.01,0.96,0.03,NA,NA,0.05,0.01,0.48,0.25,15.67,0.22,0.09,0.7,0.2,NA,0.39,0.04,0.11,0.05,0.03,0.47,0.47,0.01,0.06,0.02,0.03,5.08,0.08,0.05,0.75,3.29,0.15,0.03,NA,0.18,0.18,0.08,0.02,0.15,0.05,1.14,0.04,0.04,0.66,0.52,0.32,0.3,NA,0.06,0.28,0.04,0.04,0.91,0.1,0.23,14.52,0.09,0.03,0.03,NA,0.07,0.12,0.03,0.7,19.74,0.04,0.33,0.03,0.67,0.02,25.5,NA,20047.7,"C:/Users/freya/OneDrive - Dalhousie University/Ch 1/Freya_Scallops/SCAL_Freya_06-26_2025-11-14.csv",NA,NA,NA,NA,NA,NA
"3","2025\06\26\SCAL_0039.DATA",1.7,6080.8,2.3,0.7,125,4.1,NA,NA,5.8,1,59.4,25.2,1913,32,11.9,106.4,24,NA,61.7,6.2,10.2,7.9,5.7,71.4,69,3.8,7.9,2.5,6.2,782.7,12.9,6.8,99.7,333.8,20,5.9,NA,30.9,23.9,12.7,3.9,24.4,6.2,160.9,6.5,7.2,101.4,80.6,59.5,45.3,NA,10.5,40.6,8.5,NA,145.3,14.7,47.8,2122.1,12.9,5.3,4.9,NA,11.2,16,4.8,111.2,2613.4,8.2,54.6,4.8,92.8,2.8,3600.7,NA,100.5,364845.4,137.7,42,7500.5,248.4,NA,NA,350.6,60.9,3564.4,1512.9,114778.7,1918.9,716.9,6383.6,1439.5,NA,3704.4,372.8,612.2,474.1,341.2,4281.6,4140,229.1,471.9,150.5,369.7,46961.3,771.1,408.5,5981.4,20028.6,1201.9,351.1,NA,1851.3,1432.8,761.7,232.5,1465.8,374.3,9651.4,392.7,432.9,6086.8,4835.2,3571,2719.9,NA,632.4,2434.4,507.5,NA,8716.5,879.5,2868.7,127325.3,772.7,319.7,296.1,NA,671.6,958.6,286.5,6671.6,156802.4,490.3,3273.5,290,5568.4,166.7,216042,NA,0.01,0,0.02,0.01,1,0.03,NA,NA,0.05,0.01,0.47,0.19,14.75,0.25,0.09,0.82,0.19,NA,0.47,0.05,0.08,0.06,0.04,0.54,0.54,0.03,0.06,0.02,0.05,5.82,0.1,0.05,0.74,2.49,0.15,0.04,NA,0.23,0.18,0.09,0.03,0.18,0.05,1.2,0.05,0.05,0.74,0.59,0.43,0.33,NA,0.08,0.29,0.06,NA,1.05,0.11,0.34,15.3,0.09,0.04,0.04,NA,0.08,0.12,0.03,0.8,18.84,0.06,0.39,0.03,0.66,0.02,24.96,NA,20137.27,"C:/Users/freya/OneDrive - Dalhousie University/Ch 1/Freya_Scallops/SCAL_Freya_06-26_2025-11-14.csv",NA,NA,NA,NA,NA,NA
"4","2025\06\26\SCAL_0040.DATA",0.4,4284.6,1.5,NA,136.8,2.5,NA,NA,5.3,1.2,72,8.9,2311.1,33.7,13.3,120.1,34.2,NA,55.6,4.5,15,6.9,4.7,71.5,57.4,1.7,11,3.3,4.7,646.2,NA,4.8,106,430.8,25.8,5.7,NA,33.2,32.3,15.4,11.1,30.5,9.3,212.4,5.7,6.8,78,91.1,65.5,28.9,NA,7.3,49.4,9.1,NA,123.3,16.7,48.8,2402.2,9.9,3.2,4.8,NA,8.8,15.4,4.7,128.8,2480.2,7.7,48.7,3.9,112.5,1.9,3588.9,NA,21.1,257079,88.3,NA,8207.5,148.5,NA,NA,318.4,74.8,4321.8,532,138668.9,2019.5,795.2,7208.7,2050.5,NA,3338.3,267.5,901.8,413.4,279.8,4292.2,3444.1,100.5,660.5,200.7,280,38771,NA,285.2,6359,25848.2,1545.2,343.4,NA,1990.9,1937.2,923.2,665.3,1832.7,558.7,12741.3,341.6,410,4679.5,5465.2,3928,1733.9,NA,440.5,2965.1,547.8,NA,7398.2,1005,2926,144132.3,591.2,191.9,288.2,NA,530.6,925.1,283.1,7725.3,148810.4,459.5,2922,231.8,6748.8,111.4,215336.4,NA,0,0,0.01,NA,1.05,0.02,NA,NA,0.04,0.01,0.55,0.07,17.13,0.25,0.1,0.9,0.25,NA,0.41,0.03,0.11,0.05,0.03,0.52,0.43,0.01,0.08,0.02,0.03,4.62,NA,0.03,0.76,3.09,0.18,0.04,NA,0.24,0.23,0.11,0.08,0.22,0.07,1.52,0.04,0.05,0.55,0.64,0.46,0.2,NA,0.05,0.34,0.06,NA,0.85,0.12,0.34,16.64,0.07,0.02,0.03,NA,0.06,0.11,0.03,0.89,17.18,0.05,0.33,0.03,0.76,0.01,23.91,NA,18863.25,"C:/Users/freya/OneDrive - Dalhousie University/Ch 1/Freya_Scallops/SCAL_Freya_06-26_2025-11-14.csv",NA,NA,NA,NA,NA,NA
"5","2025\06\26\SCAL_0041.DATA",1.2,5838.6,2.4,NA,128.9,3.5,NA,NA,5.9,1.1,53.4,32.5,1943.4,30.2,13.4,130.3,24.4,NA,66.8,6.2,10.8,8.1,5.9,67.1,77.1,9.6,13.3,3.8,5,663.8,13.3,7.8,112.1,444.5,26,5.4,NA,25.9,26.8,12.5,4,23.4,10,171.1,6.9,7.2,97.7,92.8,62.4,50.5,NA,9.3,40.1,5.8,6.5,129.5,13.7,26.5,1897.8,14.4,30.9,13.7,NA,6.6,15.4,4.9,95.4,2468.6,6.3,43.9,3.2,83.8,3.3,3361.4,NA,70.9,350315.7,146.6,NA,7733.4,208.7,NA,NA,355.6,65.4,3204.1,1950.4,116604.2,1810.9,805.6,7819.4,1461.9,NA,4010,371.7,649.5,483.2,354.5,4027.4,4628.2,575.7,795.7,229.6,297.2,39825.3,797.2,470.7,6723.8,26672.7,1557.9,323,NA,1555.1,1608.9,750.3,240.5,1403.4,597.8,10265.7,416.5,431.5,5864.2,5565.3,3743.3,3032.7,NA,559.2,2406.2,345.5,390.1,7767.2,820.5,1591.8,113870.7,863,1855.8,823.6,NA,394.1,926.1,291.7,5723.9,148117.2,378.3,2636.7,192.9,5025.1,196.4,201686.8,NA,0.01,0,0.02,NA,1.07,0.03,NA,NA,0.05,0.01,0.44,0.26,15.54,0.24,0.11,1.05,0.2,NA,0.53,0.05,0.09,0.06,0.05,0.53,0.63,0.08,0.1,0.03,0.04,5.12,0.1,0.06,0.87,3.45,0.2,0.04,NA,0.2,0.21,0.1,0.03,0.18,0.08,1.32,0.05,0.05,0.74,0.7,0.47,0.38,NA,0.07,0.3,0.04,0.05,0.97,0.1,0.2,14.19,0.11,0.23,0.1,NA,0.05,0.12,0.04,0.71,18.46,0.05,0.32,0.02,0.61,0.02,24.17,NA,19410,"C:/Users/freya/OneDrive - Dalhousie University/Ch 1/Freya_Scallops/SCAL_Freya_06-26_2025-11-14.csv",NA,NA,NA,NA,NA,NA
"6","2025\06\26\SCAL_0042.DATA",1.1,5121.8,NA,NA,137.1,3,NA,NA,6,1.4,67.9,31.3,2131.4,32.3,12.5,108.2,27.6,NA,67,4.3,11.9,7.3,4.9,68.4,64.6,1.9,8.6,3.5,3.3,672.4,12,6.4,88.5,393.4,24,5.5,NA,29.7,21.6,12.2,2.4,21.4,6.2,133.7,NA,6.7,88.2,77.2,46.8,36.9,NA,9.1,39.9,7.5,NA,143.9,11.8,25.4,2127.8,12.2,6.7,5.7,NA,8.8,14.2,4.1,105.7,2611.8,6.7,49,3.6,97.5,3.5,3751.6,NA,64.6,307309.9,NA,NA,8226.8,181.8,NA,NA,359.6,86.1,4071,1878.1,127886.9,1939.4,752.8,6489.2,1656.3,NA,4019.6,258.2,713.4,440.2,295.4,4105.5,3875.2,111.4,516.6,211.7,198.9,40344.5,720.6,385.9,5311.2,23601.6,1438.5,331.9,NA,1779.6,1298.9,734,142.7,1286.6,374,8024.8,NA,400.1,5290.8,4635,2809.5,2215.1,NA,547.9,2395.4,447.8,NA,8636.3,708,1521,127670,734.6,399.7,344.9,NA,530.3,853.9,245.9,6342.6,156705.6,399.5,2941.5,216.8,5851,209.9,225098.8,NA,0.01,0,NA,NA,1.08,0.02,NA,NA,0.05,0.01,0.53,0.24,16.24,0.25,0.1,0.83,0.21,NA,0.5,0.03,0.09,0.05,0.04,0.52,0.5,0.01,0.06,0.03,0.03,4.94,0.09,0.05,0.65,2.9,0.18,0.04,NA,0.22,0.16,0.09,0.02,0.16,0.05,0.98,NA,0.05,0.63,0.56,0.34,0.26,NA,0.07,0.29,0.05,NA,1.03,0.08,0.18,15.16,0.09,0.05,0.04,NA,0.06,0.1,0.03,0.75,18.6,0.05,0.34,0.03,0.68,0.02,25.7,NA,19345.17,"C:/Users/freya/OneDrive - Dalhousie University/Ch 1/Freya_Scallops/SCAL_Freya_06-26_2025-11-14.csv",NA,NA,NA,NA,NA,NA
"7","2025\06\26\SCAL_0044.DATA",1.1,3389.9,NA,NA,91.3,NA,NA,NA,3.5,NA,48.8,18.4,1601.8,22,11.1,83.8,21.5,NA,43,4,10.3,4.7,3,53,39,0.8,6.6,2.3,3,553.1,8.6,4.7,81.4,311.2,18.7,3.5,NA,23.4,18.3,8.4,4.3,20.4,4.6,141.9,5,3.8,65.6,67.3,47.5,32,NA,7.4,33,5.4,6.7,109.5,11.6,32.3,1770,8.5,NA,7,NA,7.5,12.4,3.5,90.5,1868.7,5.5,38.2,NA,93.8,1.7,2889.3,NA,66.4,203393.6,NA,NA,5477.8,NA,NA,NA,210.8,NA,2930.4,1102,96108.9,1317.8,665.7,5028.4,1289.9,NA,2580.4,240.7,615.2,279.4,182.1,3181.2,2337.1,49.9,393.4,136.4,182.4,33187.7,518.5,280.7,4882.1,18674.4,1124.5,211.9,NA,1404.5,1099.8,501,255.5,1221.5,277.9,8515.9,300,226.8,3934.5,4039.5,2848.1,1918.1,NA,442.3,1979.6,324.8,403.2,6569.6,697.4,1936.8,106201.3,510.6,NA,418.6,NA,450.1,746.2,210.8,5430.7,112122.7,331.8,2291,NA,5626.3,104.9,173360.6,NA,0.01,0,NA,NA,0.93,NA,NA,NA,0.04,NA,0.49,0.18,15.73,0.22,0.11,0.83,0.21,NA,0.42,0.04,0.1,0.04,0.03,0.52,0.39,0.01,0.06,0.02,0.03,5.24,0.08,0.04,0.77,2.96,0.18,0.03,NA,0.22,0.17,0.08,0.04,0.19,0.04,1.34,0.05,0.04,0.61,0.62,0.44,0.3,NA,0.07,0.3,0.05,0.06,1.01,0.11,0.3,16.25,0.08,NA,0.06,NA,0.07,0.11,0.03,0.83,17.16,0.05,0.34,NA,0.84,0.02,25.51,NA,14380.65,"C:/Users/freya/OneDrive - Dalhousie University/Ch 1/Freya_Scallops/SCAL_Freya_06-26_2025-11-14.csv",NA,NA,NA,NA,NA,NA
"8","2025\06\26\SCAL_0045_1.DATA",3.3,5400.1,NA,1,116,3.5,NA,NA,4.9,1.2,66.4,26.5,2024.4,30.5,10.5,99.5,26,NA,66.9,3.6,13,7.6,3.8,80,66.6,NA,10.8,1.3,4.9,666.8,12.1,6.5,100.7,403.9,26.5,5,NA,27,24.5,13.5,3.6,19.7,7.6,160.8,NA,5.9,110.3,89.1,67.9,38.5,NA,8.2,44.6,7.4,7.4,151.6,13.8,35.8,2167.4,8.5,2.3,6,NA,8.9,13.7,2.9,109.7,2648.1,7.2,58.1,NA,95.6,1.6,3854.7,NA,195.3,324007.9,NA,59.4,6959.8,208.8,NA,NA,292,72.8,3983.1,1592.9,121465.5,1829.7,629.8,5971.6,1557.5,NA,4012.3,215.1,780.9,457.2,229.9,4798.6,3997.5,NA,651,79.6,293.8,40008.6,725.7,391.2,6041.9,24236.6,1591,300.8,NA,1617.3,1468.3,808.1,218.5,1184.9,455.8,9646.5,NA,353.4,6615.4,5343.6,4072.3,2309.9,NA,489.5,2673.8,442.1,443.4,9095.8,826.7,2147.5,130044.3,512.6,140.2,358.6,NA,535.7,824.2,176.7,6579.5,158887.9,433.9,3485.2,NA,5737.1,96.6,231282.6,NA,0.02,0,NA,0.01,0.9,0.02,NA,NA,0.04,0.01,0.51,0.2,15.22,0.23,0.08,0.75,0.2,NA,0.5,0.03,0.1,0.05,0.03,0.59,0.51,NA,0.08,0.01,0.04,4.83,0.09,0.05,0.73,2.94,0.19,0.04,NA,0.2,0.18,0.1,0.03,0.14,0.06,1.17,NA,0.04,0.78,0.63,0.48,0.27,NA,0.06,0.31,0.05,0.05,1.07,0.1,0.25,15.24,0.06,0.02,0.04,NA,0.06,0.1,0.02,0.77,18.61,0.05,0.4,NA,0.66,0.01,26.05,NA,19748.46,"C:/Users/freya/OneDrive - Dalhousie University/Ch 1/Freya_Scallops/SCAL_Freya_06-26_2025-11-14.csv",NA,NA,NA,NA,NA,NA
"9","2025\06\26\SCAL_0045_2.DATA",3.3,5248.5,1.6,NA,113.3,3.5,NA,NA,4.9,1.2,64.8,26.5,1983.6,30.8,11.9,101.3,27.3,NA,66.9,4.2,11.6,7.1,3.6,78.2,69.8,1.7,9.8,3.7,5,654.4,11.9,6.8,99.8,398.5,26.6,5,NA,26.1,23.9,13.6,3.8,20.6,7.9,158.9,NA,6.3,109.1,87.4,67.5,38.5,NA,8.3,43.7,6.2,6.7,149.1,13.7,35,2135.6,8.1,2.4,6.3,NA,8.5,13.9,NA,108.2,2619.3,8.1,58.4,NA,95,1.4,3811.8,NA,199.1,314909.5,93.6,NA,6798.9,210.6,NA,NA,293.4,72.4,3886.5,1588,119015.7,1847.1,711.4,6078.2,1638.1,NA,4016.2,249.6,697.2,428.6,216.6,4691,4189.7,102.9,587,219.1,300.9,39263.6,716.7,409,5988.2,23907.4,1594.2,298.6,NA,1568.4,1436.8,817.6,229.9,1234.4,473.8,9535.6,NA,378.3,6544.3,5241.4,4051.9,2309.5,NA,498.5,2623.7,373.1,404.1,8947,822.9,2101.8,128135.3,485.6,146.2,380.5,NA,511.3,831,NA,6489.6,157160.9,488.7,3501.9,NA,5699.5,83.3,228706.8,NA,0.02,0,0.01,NA,0.89,0.02,NA,NA,0.04,0.01,0.51,0.2,15.09,0.24,0.09,0.77,0.21,NA,0.5,0.03,0.09,0.05,0.03,0.59,0.54,0.01,0.07,0.03,0.04,4.8,0.09,0.05,0.74,2.94,0.2,0.04,NA,0.19,0.18,0.1,0.03,0.15,0.06,1.17,NA,0.05,0.78,0.63,0.49,0.28,NA,0.06,0.31,0.04,0.05,1.06,0.1,0.25,15.19,0.06,0.02,0.05,NA,0.06,0.1,NA,0.77,18.63,0.06,0.41,NA,0.66,0.01,26.07,NA,19399.05,"C:/Users/freya/OneDrive - Dalhousie University/Ch 1/Freya_Scallops/SCAL_Freya_06-26_2025-11-14.csv",NA,NA,NA,NA,NA,NA
"10","2025\06\26\SCAL_0046.DATA",1.7,4757.8,1.7,NA,114.2,NA,NA,NA,4.3,1,59,23.2,2050.1,29.4,14.1,111.4,26.6,NA,56,3.6,13,5.2,3.4,66.4,53.9,2.1,8.8,2.9,3.8,669.3,13,6.3,109.9,435.2,26.5,6,NA,26,27.7,11.4,4.3,22.3,7.5,198.6,4.1,6.5,86.6,75.9,62,35,NA,7.5,41.8,6.7,6.7,116.3,15.1,37.8,2172.1,10.2,NA,5.9,NA,7.3,13.8,NA,117.2,2177,6.1,43,NA,93,1.3,3589.4,NA,103.7,285468,102.4,NA,6852,NA,NA,NA,260.3,57.4,3539.5,1391.1,123008.7,1762.5,844,6682.1,1596.4,NA,3360.7,216.9,782.1,314.6,201.8,3985.6,3231.1,128.9,529,172.1,228.6,40158.3,777.8,375,6591.9,26111.3,1588.4,358.8,NA,1561.7,1660.9,682.7,260.5,1337.7,451.9,11913.9,245,390.7,5195.5,4554,3722.6,2097.2,NA,449,2509.7,403.9,402.9,6977.2,904,2270.5,130326.7,609.9,NA,356.2,NA,437.1,826.9,NA,7033.7,130621,363.1,2581.6,NA,5581.3,79.5,215366.8,NA,0.01,0,0.01,NA,0.94,NA,NA,NA,0.04,0.01,0.48,0.18,16.3,0.23,0.11,0.89,0.21,NA,0.44,0.03,0.1,0.04,0.03,0.52,0.44,0.02,0.07,0.02,0.03,5.13,0.1,0.05,0.85,3.35,0.2,0.05,NA,0.2,0.21,0.09,0.03,0.17,0.06,1.52,0.03,0.05,0.65,0.57,0.47,0.26,NA,0.06,0.31,0.05,0.05,0.86,0.11,0.28,16.15,0.08,NA,0.04,NA,0.05,0.1,NA,0.87,16.18,0.04,0.31,NA,0.68,0.01,25.66,NA,18367.19,"C:/Users/freya/OneDrive - Dalhousie University/Ch 1/Freya_Scallops/SCAL_Freya_06-26_2025-11-14.csv",NA,NA,NA,NA,NA,NA
"11","2025\06\26\SCAL_0048.DATA",2.2,5214.9,2,NA,132.1,NA,NA,NA,5.8,1.4,58.4,24.1,2165.7,31.9,13,126.3,34.4,NA,59.6,5.2,12.9,6.4,5.8,62.7,67.7,2.1,7.6,2.7,4.8,600.5,14.1,6.1,93.1,436,20.2,4.9,NA,25.8,25.3,11.8,1.9,20.4,5,119.4,3.7,5.6,83.2,76.6,55.4,28.9,NA,7.3,39,4.8,5.8,138.3,10.7,23.2,2198.5,9.4,2.6,3.1,NA,8.3,14.3,4.8,111.4,2282.7,7,49.4,NA,97,2.4,3862.4,NA,129,312895.7,118.4,NA,7925.6,NA,NA,NA,348.2,81.2,3505.7,1443.2,129939.6,1912.5,780.3,7576.6,2064.8,NA,3574,310,776.6,382,346.6,3761.6,4060.8,123.5,454,161.5,287.9,36030.1,843.6,367.2,5588.1,26159.2,1209.9,294.4,NA,1550.9,1515.4,706.2,116.4,1224.2,297.3,7165.4,223.8,336.6,4990.1,4595.4,3322.2,1731.8,NA,439.6,2340.5,285.6,350.8,8296.9,644.3,1391.1,131907.4,565.3,157.6,184.1,NA,499.2,857.3,289.6,6685.4,136962.7,422.6,2962.3,NA,5821.6,143.9,231743.5,NA,0.02,0,0.02,NA,1.05,NA,NA,NA,0.05,0.01,0.46,0.19,16.74,0.25,0.1,0.98,0.27,NA,0.46,0.04,0.1,0.05,0.04,0.48,0.53,0.02,0.05,0.02,0.04,4.47,0.11,0.05,0.7,3.27,0.15,0.04,NA,0.19,0.19,0.09,0.01,0.15,0.04,0.89,0.03,0.04,0.61,0.56,0.4,0.21,NA,0.05,0.28,0.03,0.04,1,0.08,0.17,15.89,0.07,0.02,0.02,NA,0.06,0.1,0.03,0.81,16.5,0.05,0.35,NA,0.69,0.02,26.84,NA,19185.7,"C:/Users/freya/OneDrive - Dalhousie University/Ch 1/Freya_Scallops/SCAL_Freya_06-26_2025-11-14.csv",NA,NA,NA,NA,NA,NA
"12","2025\06\26\SCAL_0049.DATA",1.8,7700.7,1.5,NA,146.9,NA,NA,NA,6.4,2,71.2,34.6,2602.7,40.3,14.6,128.4,37.3,NA,72.5,5.6,14.1,8.9,5.8,84.7,87.3,2.7,9.8,NA,5.4,803.4,17.1,7.8,110.7,533.5,30.2,6,NA,34.5,27.4,14.8,2.6,23.7,9.8,151.9,NA,6,106.5,85.1,69,42.9,NA,11.5,53.3,6.9,8.1,185.4,15.3,25.2,2765,9.2,4.2,5,NA,10.9,17.8,5.9,132.1,3702.4,11.1,67.6,NA,139,1.6,4987.6,NA,110.7,462042.2,89.6,NA,8816.9,NA,NA,NA,386.8,117.9,4271.4,2073.9,156160.3,2420.6,875.4,7704.9,2238.6,NA,4347.2,334.9,848.2,532.8,350.1,5080.3,5237.7,159.7,587.4,NA,324.6,48202.8,1027.9,467.3,6643.3,32008.9,1811.7,362.7,NA,2068.4,1642.9,890.7,154.6,1423.6,590.6,9116.4,NA,357.2,6389,5103.8,4138.7,2574.7,NA,691,3196.9,412.7,484.7,11126.9,918.8,1509.4,165900.5,552.5,249.5,300.3,NA,652.9,1066.4,354.4,7924.6,222142.5,668.5,4058.8,NA,8337.9,95.3,299253.9,NA,0.01,0,0.01,NA,0.89,NA,NA,NA,0.04,0.01,0.43,0.2,15.25,0.24,0.09,0.76,0.22,NA,0.42,0.03,0.08,0.05,0.03,0.49,0.52,0.02,0.05,NA,0.03,4.54,0.1,0.04,0.63,3.03,0.17,0.03,NA,0.19,0.15,0.08,0.01,0.13,0.06,0.86,NA,0.03,0.59,0.47,0.38,0.24,NA,0.06,0.29,0.04,0.04,1.02,0.08,0.14,15.15,0.05,0.02,0.03,NA,0.06,0.1,0.03,0.72,20.28,0.06,0.36,NA,0.75,0.01,26.27,NA,26090.18,"C:/Users/freya/OneDrive - Dalhousie University/Ch 1/Freya_Scallops/SCAL_Freya_06-26_2025-11-14.csv",NA,NA,NA,NA,NA,NA
"13","2025\06\26\SCAL_0052.DATA",NA,4290.3,NA,NA,99.9,NA,NA,NA,4.9,1.3,45.2,22.3,1628.9,25.3,9.9,97.2,23.2,NA,51.1,4.3,11.8,5.5,4,51.4,68.5,NA,5.9,NA,3.5,519.9,9.9,4.4,77.7,348.3,18.5,4.1,NA,21,20.7,9.8,2.5,16.9,6.5,122.7,4.4,4.4,78,64.1,53.9,33.8,NA,6.4,36,5,5.2,113.4,11.2,20.6,1706,7,3.1,5.5,NA,7.8,12.2,3.8,89.5,2300.5,6,42.5,NA,89.9,NA,3319.2,NA,NA,257419.1,NA,NA,5996.3,NA,NA,NA,292.1,77.2,2712.8,1337.9,97731.2,1517.8,593.4,5833.8,1394.8,NA,3067.6,257.6,705.6,330.1,242.2,3085.1,4110.9,NA,352.3,NA,207.9,31195.5,593,265.3,4661.3,20895.8,1107.5,245.5,NA,1257.3,1242.8,587,150.1,1014,390.9,7363.7,262.6,266.2,4678.8,3844.6,3235.1,2029.1,NA,385.2,2160.7,301.8,312.1,6806.5,669.5,1233.4,102361.5,421.3,184.8,327.8,NA,470.6,731.7,226.9,5370,138028.6,357.1,2552.9,NA,5394.5,NA,199153.1,NA,NA,0,NA,NA,0.93,NA,NA,NA,0.05,0.01,0.42,0.2,14.69,0.23,0.09,0.88,0.21,NA,0.46,0.04,0.1,0.05,0.04,0.46,0.63,NA,0.05,NA,0.03,4.52,0.09,0.04,0.68,3.04,0.16,0.04,NA,0.18,0.18,0.09,0.02,0.15,0.06,1.07,0.04,0.04,0.66,0.55,0.46,0.29,NA,0.05,0.31,0.04,0.04,0.96,0.09,0.17,14.38,0.06,0.03,0.05,NA,0.07,0.1,0.03,0.75,19.4,0.05,0.35,NA,0.74,NA,26.91,NA,16195.41,"C:/Users/freya/OneDrive - Dalhousie University/Ch 1/Freya_Scallops/SCAL_Freya_06-26_2025-11-14.csv",NA,NA,NA,NA,NA,NA
"14","2025\06\26\SCAL_0053.DATA",2.6,8041,1.9,NA,162.3,3.7,NA,NA,7.1,1.6,80.4,37,2780.2,44.3,17.6,166,38.3,NA,86.6,6.5,17.1,9.8,7.5,93.9,82,2.1,11.9,2.7,6.4,865.8,18.4,6.7,132.7,552.2,33.4,6.8,NA,36.7,38.9,18,4.2,32.3,8.1,240,7.3,7.2,118.6,109.7,82.6,44.5,NA,11,64,8.3,9.6,178.6,21.1,44.9,3129.5,10.4,8.1,4.4,NA,13.7,18.4,5.7,155.4,3321.6,11.7,69.5,3.4,152.2,2.6,5345.3,NA,157.3,482460.1,112.8,NA,9738.9,221.1,NA,NA,425.8,96.1,4821.2,2217.9,166809.3,2656.3,1057.5,9960.6,2295.6,NA,5197.4,390.6,1024.5,588.3,452,5633.3,4918.3,128.6,712.6,162.1,382.5,51946.8,1105,400.1,7960.4,33133,2003.8,410,NA,2201.7,2331.2,1082.3,249.7,1939.2,483.7,14397.3,435.4,431.4,7117.1,6581.7,4954.7,2668.1,NA,662.2,3842.1,496.5,576.9,10715,1265,2694.3,187771.3,624.5,483,266.4,NA,824.6,1103.5,344.5,9325.5,199296.2,703.5,4169.4,205.5,9130.4,153.3,320717.7,NA,0.01,0,0.01,NA,0.93,0.02,NA,NA,0.04,0.01,0.46,0.2,15.37,0.25,0.1,0.92,0.21,NA,0.47,0.04,0.09,0.05,0.04,0.51,0.46,0.01,0.06,0.02,0.04,4.61,0.1,0.04,0.71,2.96,0.18,0.04,NA,0.2,0.21,0.1,0.02,0.17,0.04,1.28,0.04,0.04,0.62,0.57,0.43,0.23,NA,0.06,0.33,0.04,0.05,0.92,0.11,0.23,16.18,0.05,0.04,0.02,NA,0.07,0.1,0.03,0.8,17.17,0.06,0.35,0.02,0.77,0.01,26.57,NA,27556.42,"C:/Users/freya/OneDrive - Dalhousie University/Ch 1/Freya_Scallops/SCAL_Freya_06-26_2025-11-14.csv",NA,NA,NA,NA,NA,NA
"15","2025\06\26\SCAL_0054.DATA",1.9,5027.7,1.1,NA,114,2,NA,NA,4.9,1.2,56.2,25.9,2035.7,29.6,10.7,100.1,25.6,NA,67.5,4.5,13.7,6.9,4.3,67,66.9,2,6.8,NA,4.1,609.1,12.1,5.2,87.1,353.9,23.6,4.6,NA,24.2,22.3,10.3,2.5,18.2,6.8,112.7,NA,4.8,85,76.1,60,33,NA,6.8,40.7,5.3,6.7,128.6,10.7,21.7,2048.9,7.2,4,4.1,NA,8.3,11.6,3.9,103.9,2285.3,6.2,49.5,NA,95.7,1.5,3667.5,NA,116,301662.1,67.8,NA,6839,121.4,NA,NA,294.6,70.7,3369.2,1556.5,122141.1,1776.6,644.6,6005.1,1538.5,NA,4050.7,267.8,822.4,415.6,255.3,4021.6,4015.8,117.7,408.7,NA,243.9,36545.9,726.9,313.5,5228.8,21233,1414.8,274.4,NA,1452.9,1337.9,619.2,152.2,1089.4,405.5,6763.1,NA,289.7,5097.5,4564.3,3602.8,1979.4,NA,407.8,2442.3,315.3,401.8,7714.7,639.8,1300.1,122935.6,435,240.9,245.8,NA,500.9,695.3,232.8,6235.4,137120.6,370.6,2970.9,NA,5741.5,88.5,220049,NA,0.01,0,0.01,NA,0.95,0.02,NA,NA,0.04,0.01,0.47,0.21,16.48,0.24,0.09,0.81,0.21,NA,0.54,0.04,0.11,0.05,0.03,0.54,0.55,0.02,0.05,NA,0.03,4.75,0.1,0.04,0.68,2.78,0.18,0.04,NA,0.19,0.17,0.08,0.02,0.14,0.05,0.88,NA,0.04,0.65,0.58,0.46,0.25,NA,0.05,0.31,0.04,0.05,0.97,0.08,0.16,15.51,0.05,0.03,0.03,NA,0.06,0.09,0.03,0.79,17.3,0.05,0.37,NA,0.71,0.01,26.69,NA,18314.18,"C:/Users/freya/OneDrive - Dalhousie University/Ch 1/Freya_Scallops/SCAL_Freya_06-26_2025-11-14.csv",NA,NA,NA,NA,NA,NA
"16","2025\06\26\SCAL_0055_1.DATA",1.5,4550,0.5,NA,109.4,NA,NA,NA,4.2,1,60.8,24.8,2121.4,29,11,100.6,26.4,NA,54.3,3.4,11.7,6.6,3,65.7,63.4,1.5,9.3,3.2,4.5,622.9,10.7,5.3,100.2,437.7,21.5,4.7,NA,28.7,19.3,10.8,NA,17.2,4.7,109.4,NA,5.3,90.1,64.2,46.1,32.5,NA,11.2,41.9,4.6,7.3,139.9,10,21.3,2154,8.9,2.7,NA,NA,9,13.7,3.6,110.8,2546.6,6.4,56.6,NA,98.6,1.8,3804.3,NA,92,272998.6,30.8,NA,6564.8,NA,NA,NA,253.4,61,3649.4,1486.2,127284.3,1739.9,660.5,6038.4,1581.1,NA,3258.4,204.1,702.8,396.3,180.3,3943.1,3802.9,91.1,557.6,191.6,271.7,37375.9,645,318,6010.9,26264.7,1288.4,284.7,NA,1722.9,1160.4,645.7,NA,1031,284.6,6562.3,NA,317.3,5407.4,3851.8,2766.6,1949,NA,672.8,2514.9,277,435.1,8394,598.8,1276.6,129240.7,534.9,162.7,NA,NA,539.2,820.3,216.5,6646.2,152794.8,383.9,3394.9,NA,5914.7,106.9,228260.4,NA,0.01,0,0,NA,0.87,NA,NA,NA,0.03,0.01,0.48,0.19,16.34,0.22,0.09,0.78,0.2,NA,0.41,0.03,0.09,0.05,0.02,0.5,0.5,0.01,0.07,0.02,0.04,4.63,0.08,0.04,0.75,3.27,0.16,0.04,NA,0.21,0.14,0.08,NA,0.13,0.04,0.81,NA,0.04,0.66,0.47,0.34,0.24,NA,0.08,0.3,0.03,0.05,1.01,0.07,0.15,15.52,0.06,0.02,NA,NA,0.06,0.1,0.03,0.8,18.34,0.05,0.4,NA,0.7,0.01,26.35,NA,18621.58,"C:/Users/freya/OneDrive - Dalhousie University/Ch 1/Freya_Scallops/SCAL_Freya_06-26_2025-11-14.csv",NA,NA,NA,NA,NA,NA
"17","2025\06\26\SCAL_0055_2.DATA",1.6,4475.3,NA,NA,107.4,NA,NA,NA,4,1,59.6,23.6,2070.4,28.1,10.5,98.4,25.6,NA,53.2,3.6,12.2,6.4,3.2,63.8,63.6,1.8,8.9,3.3,4.5,610.2,11.3,5.4,98.3,428,20,4,NA,28.3,19.4,10.1,NA,16.1,5.3,107.7,NA,5.6,89,62.5,42.5,28.2,NA,10.8,40.5,4.1,6.5,136.8,10.1,21.1,2119,8.6,2.2,NA,NA,8.7,13.6,3.5,108.6,2519.4,6.5,55.4,NA,97.3,2.3,3762.5,NA,98.9,268516.2,NA,NA,6444.6,NA,NA,NA,237.4,60.5,3575.2,1416.1,124223.5,1684,629.6,5903.9,1536.9,NA,3192.9,215,729.8,384.1,189.6,3829.2,3813.7,109.3,533.9,196,269,36614.4,676,324.2,5899.8,25678.2,1197.4,241.7,NA,1700,1161.1,608.3,NA,963.8,317.3,6464.4,NA,335,5340.6,3752.7,2551,1691.7,NA,645.7,2429.9,247.6,392.1,8209.1,608.6,1263.4,127139.2,516.7,130.5,NA,NA,520.1,813.1,207.1,6516.3,151165.1,389.5,3322.5,NA,5840,139.5,225747.2,NA,0.01,0,NA,NA,0.87,NA,NA,NA,0.03,0.01,0.48,0.18,16.22,0.22,0.08,0.77,0.2,NA,0.41,0.03,0.09,0.05,0.02,0.49,0.51,0.01,0.07,0.03,0.04,4.61,0.09,0.04,0.75,3.25,0.15,0.03,NA,0.21,0.15,0.08,NA,0.12,0.04,0.81,NA,0.04,0.66,0.46,0.31,0.21,NA,0.08,0.3,0.03,0.05,1,0.07,0.15,15.52,0.06,0.02,NA,NA,0.06,0.1,0.03,0.8,18.45,0.05,0.4,NA,0.7,0.02,26.5,NA,18248.23,"C:/Users/freya/OneDrive - Dalhousie University/Ch 1/Freya_Scallops/SCAL_Freya_06-26_2025-11-14.csv",NA,NA,NA,NA,NA,NA
"18","2025\06\26\SCAL_0056.DATA",1.9,4564.1,1.8,NA,124.6,NA,NA,NA,5.1,1,61.9,21.6,1953.7,33.2,13.8,123,27,NA,60.6,5.3,12.9,6.5,4.4,67.8,50,2,9.7,2.7,4.6,600.6,14,5.6,113.1,414.6,23.1,6.3,NA,29.8,29.7,12.8,4.1,23.7,0.6,180.7,4.8,6.4,83.3,81.5,59.4,33.1,NA,6,42.3,6.7,6.9,100.9,15.2,40.9,2097.6,9.7,2.3,2.7,NA,7.1,13.5,3.5,113.3,2368.3,5.9,42.7,NA,92.2,1.8,3377.8,NA,112.7,273849,109.3,NA,7473.7,NA,NA,NA,304.7,59.8,3715.7,1296.4,117221.7,1992.9,829.1,7382.2,1617.2,NA,3634.5,316.4,774.5,391.5,262.5,4065,2999.2,117.2,584.7,161.9,275.3,36036.4,842.7,335.5,6785.1,24878.7,1387.4,379.7,NA,1786.1,1781.2,770.5,246.1,1420.2,37.3,10842.4,285.6,381.9,4998,4888.3,3563.7,1984,NA,361.3,2538.6,399.4,414.3,6055.9,913.1,2455.9,125857.8,582.5,140.4,164.3,NA,425.9,808.6,209,6799.4,142098.2,352.5,2562,NA,5533.8,107.9,202665.1,NA,0.01,0,0.02,NA,1.05,NA,NA,NA,0.04,0.01,0.52,0.18,15.89,0.27,0.11,1.01,0.22,NA,0.49,0.04,0.1,0.05,0.04,0.55,0.41,0.02,0.07,0.02,0.04,4.71,0.11,0.04,0.89,3.27,0.18,0.05,NA,0.23,0.23,0.1,0.03,0.19,0,1.42,0.04,0.05,0.64,0.63,0.46,0.25,NA,0.05,0.32,0.05,0.05,0.77,0.12,0.31,15.95,0.07,0.02,0.02,NA,0.05,0.1,0.03,0.86,18.01,0.04,0.32,NA,0.69,0.01,24.69,NA,17855.35,"C:/Users/freya/OneDrive - Dalhousie University/Ch 1/Freya_Scallops/SCAL_Freya_06-26_2025-11-14.csv",NA,NA,NA,NA,NA,NA
"19","2025\06\26\SCAL_0057.DATA",2,4887.7,NA,NA,128.4,2.8,NA,NA,5.3,1.2,57.9,23.7,2203,31,12.8,113.5,26.4,NA,65.1,4.2,13.7,5.2,3.7,66.7,61.9,NA,8.1,3.1,4.2,643.7,13.6,5.1,105.2,413.9,24.5,5.5,NA,26.1,18.9,10.2,1.9,18.6,4.3,121.1,NA,6.2,67,73.6,52,32,NA,7.9,37,5.1,5.9,118.8,9.3,18.6,2169.8,10.1,3.2,2.8,NA,5.7,5.5,4.5,95.7,2430,6.8,47.2,NA,95.4,2.6,3829.7,NA,117.5,293262.9,NA,NA,7705,170.4,NA,NA,320.3,73.3,3476,1425,132177.9,1860.8,770,6812.9,1581.5,NA,3907.5,253.9,819.8,312.9,221.4,4003.8,3715.1,NA,488.2,186.4,254.5,38624.6,814.3,303.7,6311.3,24836.3,1470.7,327,NA,1563.4,1133.6,614,116.1,1114.4,255.6,7263.7,NA,371.3,4020.8,4414.8,3120.2,1923,NA,474.6,2222.5,305.8,356.6,7130.3,556.3,1114.3,130188.5,606.6,189.2,165.9,NA,343.9,332.8,270.4,5743.8,145802,405.8,2832.3,NA,5725.6,155.8,229781.9,NA,0.01,0,NA,NA,1.02,0.02,NA,NA,0.04,0.01,0.46,0.18,16.98,0.24,0.1,0.88,0.2,NA,0.5,0.03,0.1,0.04,0.03,0.51,0.49,NA,0.06,0.02,0.03,4.78,0.1,0.04,0.79,3.09,0.18,0.04,NA,0.19,0.14,0.08,0.01,0.14,0.03,0.9,NA,0.05,0.49,0.54,0.38,0.23,NA,0.06,0.27,0.04,0.04,0.86,0.07,0.13,15.64,0.07,0.02,0.02,NA,0.04,0.04,0.03,0.69,17.51,0.05,0.33,NA,0.67,0.02,26.54,NA,18910.09,"C:/Users/freya/OneDrive - Dalhousie University/Ch 1/Freya_Scallops/SCAL_Freya_06-26_2025-11-14.csv",NA,NA,NA,NA,NA,NA
"20","2025\06\26\SCAL_0058.DATA",1.8,5462.7,NA,NA,112.5,2.8,NA,NA,5.2,1.2,53.7,21.9,2136.7,30.8,12.7,112.2,28.2,NA,70.4,5.1,12.9,7.1,6,74.7,65.3,1.8,8.8,3.6,5,639.8,13.5,4.9,94.5,390.5,25.8,8.7,NA,27.6,27.2,11.6,2.8,24.4,6.5,158.2,4.6,6,82.7,78.3,61.2,34.9,NA,6.9,47.3,6.5,7.2,139.7,13.8,23.5,2188.9,12.4,3,NA,NA,8.1,13.3,5,111.7,2461.3,8.3,0.7,NA,96.3,2.4,3957.4,NA,110.9,327759.7,NA,NA,6747.4,165.4,NA,NA,309.8,70.1,3223.4,1316.1,128203.7,1849.8,764.5,6734.1,1689.5,NA,4226.4,304.6,773.1,423.7,358.8,4484.8,3919.9,110.4,525.3,216.1,300.1,38386.9,811.9,294.8,5669,23430.5,1546.4,522.6,NA,1657.1,1631.7,697.6,166.1,1462,389,9492.6,278.4,357.5,4960.2,4696.7,3674,2093.7,NA,416.1,2836.2,389.2,430,8380.8,828.4,1409.4,131334.3,741.4,181.4,NA,NA,484.2,795,302.3,6701.1,147676.6,500.5,40.6,NA,5776.9,141.8,237441.7,NA,0.01,0,NA,NA,0.88,0.02,NA,NA,0.04,0.01,0.42,0.17,16.22,0.24,0.1,0.86,0.21,NA,0.53,0.04,0.1,0.05,0.05,0.56,0.5,0.01,0.06,0.03,0.04,4.68,0.1,0.04,0.69,2.87,0.19,0.06,NA,0.2,0.2,0.09,0.02,0.18,0.05,1.16,0.03,0.04,0.59,0.56,0.44,0.25,NA,0.05,0.34,0.05,0.05,0.99,0.1,0.17,15.54,0.09,0.02,NA,NA,0.06,0.09,0.04,0.79,17.47,0.06,0,NA,0.67,0.02,27.01,NA,19742.5,"C:/Users/freya/OneDrive - Dalhousie University/Ch 1/Freya_Scallops/SCAL_Freya_06-26_2025-11-14.csv",NA,NA,NA,NA,NA,NA
"21","2025\06\26\SCAL_0059.DATA",1.7,3449.2,1.2,NA,95.5,NA,NA,NA,4.6,NA,46.1,18,1635.8,24.5,9.2,78.8,20.4,NA,47.7,2.5,10,4.4,2.7,53.5,43.7,1.4,5.5,2.7,4.2,492.1,NA,2.8,83.8,287.7,15.9,6.3,NA,34.2,16.3,8.6,NA,20.5,4.8,97.8,3.9,4.3,61.8,50.1,31.2,22.6,NA,5.4,29.7,3,5,97.1,8.4,18.2,1572.8,8,NA,NA,NA,5.2,5.6,NA,84,2030.6,5.5,40.3,NA,83.6,1.6,2923.2,11.8,100.7,206952.5,71.5,NA,5727.9,NA,NA,NA,273.2,NA,2763.1,1078.4,98148.8,1472.9,550,4727.7,1222.2,NA,2863.8,148.1,599.1,263.6,163.7,3210.8,2622.8,82.7,328.3,159.8,251.2,29523.4,NA,169.1,5030.1,17264.7,953.9,380.8,NA,2052.8,975.2,516.9,NA,1229,286.6,5867.9,235.2,258.1,3709.1,3006.9,1870.7,1356.1,NA,324.8,1784.5,182.1,300.2,5826.1,501.7,1094.5,94369.5,481.1,NA,NA,NA,309.5,335.7,NA,5040.9,121834,332.2,2417.5,NA,5013.7,96.5,175391.4,705,0.02,0,0.01,NA,0.99,NA,NA,NA,0.05,NA,0.47,0.18,16.42,0.25,0.09,0.8,0.21,NA,0.47,0.02,0.1,0.04,0.03,0.53,0.45,0.01,0.05,0.03,0.04,4.76,NA,0.03,0.82,2.8,0.15,0.06,NA,0.33,0.16,0.08,NA,0.2,0.05,0.95,0.04,0.04,0.59,0.48,0.3,0.21,NA,0.05,0.28,0.03,0.05,0.91,0.08,0.17,14.76,0.08,NA,NA,NA,0.05,0.05,NA,0.79,19.06,0.05,0.37,NA,0.77,0.01,26.38,0.11,14138.11,"C:/Users/freya/OneDrive - Dalhousie University/Ch 1/Freya_Scallops/SCAL_Freya_06-26_2025-11-14.csv",NA,NA,NA,NA,NA,NA
"22","2025\06\26\SCAL_0060.DATA",3.4,4596.4,NA,NA,97.1,NA,NA,NA,4.3,0.8,51.7,22.4,2163.6,27.7,13.1,109.5,27.1,NA,64.7,5.1,17.5,6.8,4.7,63.1,58.7,1.7,9.1,3,3.5,638.4,10.1,4.3,113.1,452.4,24.3,7.7,NA,23.8,22.9,10.1,2.4,17.5,6.6,129.2,NA,5.9,81.8,80.6,57.9,30.1,NA,6.8,40.1,5.8,6.6,109,12.6,33.6,2052.5,11.1,2.6,5.6,NA,7.3,7.8,4,110.4,2003.7,7.1,44.4,NA,108.5,2.4,3853.1,NA,205.9,275782.2,NA,NA,5824.1,NA,NA,NA,258.4,49.1,3101.8,1341.6,129813.7,1662.2,788.2,6567.1,1627.6,NA,3881.1,306.1,1052.6,409.5,280.3,3784.1,3519.9,100.1,548,177.8,212.8,38305.6,606.8,256.4,6784.8,27142.7,1458.9,463,NA,1426.4,1376.2,606.1,142.9,1051.5,395,7750.7,NA,356.4,4905.8,4838,3476.6,1805.3,NA,408.5,2405.2,345.3,396.2,6540.9,757.5,2015.9,123149.1,663.6,157.5,336.3,NA,438.8,468.1,238.1,6621.6,120219.8,426.2,2665.7,NA,6511.4,145.3,231184.6,NA,0.03,0,NA,NA,0.8,NA,NA,NA,0.04,0.01,0.42,0.18,17.27,0.22,0.11,0.88,0.22,NA,0.51,0.04,0.14,0.05,0.04,0.5,0.48,0.01,0.07,0.02,0.03,4.91,0.08,0.03,0.87,3.5,0.19,0.06,NA,0.18,0.18,0.08,0.02,0.13,0.05,0.99,NA,0.04,0.62,0.61,0.44,0.23,NA,0.05,0.3,0.04,0.05,0.81,0.09,0.25,15.32,0.08,0.02,0.04,NA,0.05,0.06,0.03,0.82,14.95,0.05,0.33,NA,0.79,0.02,27.64,NA,18036.01,"C:/Users/freya/OneDrive - Dalhousie University/Ch 1/Freya_Scallops/SCAL_Freya_06-26_2025-11-14.csv",NA,NA,NA,NA,NA,NA
"23","2025\06\26\SCAL_0061.DATA",NA,2851.1,NA,NA,99.3,NA,NA,NA,3.8,1,55.5,23.9,1848.7,26.9,11.9,80.6,24.4,NA,50.6,3.6,12.5,5.7,2.8,59.4,67.7,1.5,7.6,3,3.7,615.6,0.2,3.3,85.2,451.1,18.3,7.7,NA,22.9,24.7,11,2.2,14.3,5.4,90.7,NA,6.3,81.5,60.8,45.6,29.8,NA,8.4,36,5,5.3,119.5,9.4,17.9,1880.4,9.2,2.4,1.8,NA,7.9,13.5,NA,92.6,2556.3,5.9,45.7,NA,89.3,2.3,3408.2,NA,NA,171064.9,NA,NA,5956,NA,NA,NA,227.5,58.6,3328.8,1433.5,110922,1615.2,713.2,4838.9,1462.7,NA,3035.6,214.6,748,340.4,170.7,3561.5,4063.9,93,454.4,181.3,224.6,36935,11.7,197.9,5112.6,27064.7,1099,464.6,NA,1376.3,1484.5,657.6,131,857.6,325.6,5444.3,NA,380.1,4892.9,3650.7,2734.4,1789.5,NA,505.9,2157.1,299.3,320.1,7168.6,563.1,1073.1,112824.3,549.8,145.1,105.9,NA,473.4,808.8,NA,5554.8,153376.1,355.4,2741.3,NA,5356.5,138.1,204489.4,NA,NA,0,NA,NA,0.86,NA,NA,NA,0.03,0.01,0.48,0.2,15.47,0.23,0.1,0.68,0.21,NA,0.42,0.03,0.1,0.04,0.02,0.49,0.58,0.01,0.06,0.03,0.03,4.96,0,0.03,0.69,3.66,0.15,0.06,NA,0.18,0.2,0.09,0.02,0.12,0.04,0.73,NA,0.05,0.64,0.48,0.36,0.23,NA,0.07,0.28,0.04,0.04,0.93,0.07,0.14,14.71,0.07,0.02,0.01,NA,0.06,0.11,NA,0.72,20,0.05,0.35,NA,0.68,0.02,25.64,NA,15746.78,"C:/Users/freya/OneDrive - Dalhousie University/Ch 1/Freya_Scallops/SCAL_Freya_06-26_2025-11-14.csv",NA,NA,NA,NA,NA,NA
"24","2025\06\26\SCAL_0062.DATA",NA,1764.5,1.3,NA,109.6,3.3,NA,NA,5.7,1.4,58.2,23.4,2287.2,38.2,17.5,109.9,28.9,NA,80.6,5.3,15.5,6.7,4.9,77.5,72.5,3.2,12.6,3.2,5.4,693.6,16.6,5.9,125.2,447.6,30.9,9.4,NA,27.3,19.6,12.5,3.2,26.8,5.7,157.4,5.2,6.5,82.3,83.5,59.9,33.8,NA,7.4,47.7,5.2,6.7,129.7,19.6,33,1975.1,10.4,3.9,2.2,NA,8.2,13.5,4,95.4,2786.1,8.5,53.1,NA,86.8,1.8,4049.9,NA,NA,105871,79.5,NA,6579,197,NA,NA,344.8,86.5,3489.3,1404.7,137233.8,2294.7,1052.1,6593.1,1732.6,NA,4838.9,319.8,928.9,399.9,294,4650,4347.6,191.8,754.1,190.3,321.2,41616.4,998.2,352.7,7511.5,26854.3,1854.2,564.2,NA,1635.8,1176.2,748.5,193.1,1605.6,341.4,9443.7,312.7,392.3,4939.8,5009.4,3594.2,2028.8,NA,441.2,2864.7,311.6,400.2,7783.6,1174.5,1981.4,118507,624.7,235.6,132.6,NA,493.9,811.7,239.8,5726.6,167164.1,508.8,3187.5,NA,5210.1,106.8,242993.1,NA,NA,0,0.01,NA,0.83,0.02,NA,NA,0.04,0.01,0.44,0.17,16.71,0.28,0.13,0.81,0.21,NA,0.58,0.04,0.11,0.05,0.04,0.56,0.54,0.02,0.09,0.02,0.04,4.88,0.12,0.04,0.89,3.17,0.22,0.07,NA,0.19,0.14,0.09,0.02,0.19,0.04,1.11,0.04,0.05,0.57,0.58,0.41,0.23,NA,0.05,0.33,0.04,0.05,0.89,0.13,0.23,13.49,0.07,0.03,0.02,NA,0.06,0.09,0.03,0.65,19.03,0.06,0.36,NA,0.58,0.01,26.6,NA,16651.68,"C:/Users/freya/OneDrive - Dalhousie University/Ch 1/Freya_Scallops/SCAL_Freya_06-26_2025-11-14.csv",NA,NA,NA,NA,NA,NA
"25","2025\06\26\SCAL_0065_1.DATA",2.2,4510.2,1.5,NA,154.5,NA,NA,NA,6.1,1.8,79.4,29.7,3248.7,43.2,22.5,195.8,39.7,NA,70.9,5.8,23.3,7.9,5.9,86.3,75.9,4.5,19.1,4.3,7.2,938.4,16.6,6.8,182.4,696.7,35.8,9.7,NA,38.6,45,16.1,11.3,32.2,8.1,298,9.2,7.1,114.5,121.1,88.2,52.1,NA,10.5,64.2,8.9,9.4,147.3,19.1,57.6,3325.7,13.9,3.4,2,NA,11.1,20.1,6.4,171.1,3328,9.3,59.9,3.2,139.8,2.2,5279.5,NA,130.4,270613.1,92.8,NA,9270.8,NA,NA,NA,363.6,105.7,4764.2,1781.1,194921.4,2589.9,1349.5,11750.9,2384.9,NA,4251,350.7,1397,476.8,352.7,5179.1,4556.5,270.7,1147.7,258.8,432.5,56306.1,994.3,406.7,10942.6,41802.6,2148.7,584.1,NA,2316.4,2698.7,965.9,680.8,1933.7,483.2,17880.4,550.5,424.9,6872.8,7267.5,5293,3128.8,NA,632.4,3854.5,533.2,562.4,8835.4,1145.4,3453.6,199543.3,832.1,203.8,118.8,NA,667.2,1205.9,382.6,10266.5,199680.4,559.4,3591.2,191.6,8385.2,134.3,316770.1,NA,0.01,0,0.01,NA,0.84,NA,NA,NA,0.03,0.01,0.43,0.16,17.14,0.23,0.12,1.04,0.21,NA,0.37,0.03,0.12,0.04,0.03,0.45,0.41,0.02,0.09,0.02,0.04,4.77,0.08,0.03,0.93,3.56,0.18,0.05,NA,0.2,0.23,0.08,0.06,0.16,0.04,1.52,0.05,0.04,0.57,0.6,0.44,0.26,NA,0.05,0.32,0.04,0.05,0.73,0.09,0.28,16.4,0.07,0.02,0.01,NA,0.05,0.1,0.03,0.84,16.41,0.05,0.29,0.02,0.68,0.01,25.04,NA,24803.54,"C:/Users/freya/OneDrive - Dalhousie University/Ch 1/Freya_Scallops/SCAL_Freya_06-26_2025-11-14.csv",NA,NA,NA,NA,NA,NA
"26","2025\06\26\SCAL_0065_2.DATA",0.7,4555.9,2,NA,157.8,NA,NA,NA,6.4,1.8,81.2,30,3284.5,41.8,22.8,198.7,40.4,NA,72.2,8,22.1,7.8,6.3,88.1,76.5,4.5,18.6,4.3,7.5,948.9,16.9,7.2,186.5,706,38.7,11.6,2,39.3,45.8,15.1,11.4,33.1,8.4,300.7,9.2,7,115,121.8,87.4,53.9,NA,11.2,66.1,9.8,10,149.1,21.9,59,3354.3,14.1,3.1,2.9,NA,11,20.3,6.6,173.1,3350.4,7.9,60.5,2.7,140.8,3,5325.9,NA,41.3,273356.6,117.4,NA,9466.2,NA,NA,NA,385.1,109.4,4869,1802.8,197069.5,2510.7,1367.3,11924.9,2425.8,NA,4334.4,481.5,1328.3,470.7,380.6,5286.9,4591.1,271.5,1115.4,259.1,447.8,56935.3,1016.1,429.5,11188.1,42362.4,2319.6,694.5,122.5,2355.5,2745.1,906.3,682.2,1988.1,506.4,18040.9,551.3,421.9,6898.6,7309.1,5241.5,3231.7,NA,672.9,3967.2,586.4,598.5,8948.8,1313.4,3540.4,201260.3,845.3,187.7,173,NA,661.5,1218,393.2,10384.7,201022.1,471.2,3630.9,163.8,8446.9,181.7,319555.3,NA,0,0,0.01,NA,0.85,NA,NA,NA,0.03,0.01,0.44,0.16,17.15,0.22,0.12,1.04,0.21,NA,0.37,0.04,0.11,0.04,0.03,0.46,0.41,0.02,0.09,0.02,0.04,4.78,0.09,0.04,0.94,3.57,0.2,0.06,0.01,0.2,0.23,0.08,0.06,0.17,0.04,1.51,0.05,0.03,0.57,0.6,0.43,0.26,NA,0.06,0.32,0.05,0.05,0.73,0.11,0.29,16.38,0.07,0.02,0.01,NA,0.05,0.1,0.03,0.85,16.36,0.04,0.29,0.01,0.67,0.01,25.01,NA,25102.25,"C:/Users/freya/OneDrive - Dalhousie University/Ch 1/Freya_Scallops/SCAL_Freya_06-26_2025-11-14.csv",NA,NA,NA,NA,NA,NA
"27","2025\06\26\SCAL_0066.DATA",NA,3252.6,0.7,NA,137.6,NA,NA,NA,6,2,73.7,25.1,2508.1,39.7,16.6,155.6,32.4,NA,73.9,6.2,16.6,9.1,5,82.5,80.9,2.4,13.1,3.3,6.4,764.7,16.3,5.6,128,512.1,29.7,11.6,NA,37.2,31.3,15.7,2.8,29.1,6.8,222.7,NA,7.5,109.7,92,67,40,NA,9.5,54,6.1,8.4,152.7,15.4,32.8,2670.3,10.8,5.5,3.1,NA,10,16.7,5.3,131,3479.8,7.8,62.2,NA,121.8,2.2,4579.1,NA,NA,195154,41.3,NA,8255.1,NA,NA,NA,361.8,120.1,4424.3,1506.9,150484.2,2380.7,996.5,9337.3,1941.7,NA,4434.6,369.4,995.8,543.1,301.3,4949.1,4854.5,145.8,787.4,199.7,383.5,45880,978.2,338.7,7677.4,30728.6,1781.7,695.8,NA,2232.3,1880,943,170.6,1743.8,407,13363.9,NA,449.5,6580.8,5517.4,4017.9,2402.5,NA,569,3238.3,367.2,503.3,9163,925.4,1965.7,160217.9,646.9,330.7,187.1,NA,600.6,1000.7,317.6,7858.6,208787.8,466.8,3734.4,NA,7307.6,132.5,274745,NA,NA,0,0,NA,0.87,NA,NA,NA,0.04,0.01,0.46,0.15,15.36,0.24,0.1,0.96,0.2,NA,0.45,0.04,0.1,0.05,0.03,0.5,0.5,0.01,0.08,0.02,0.04,4.51,0.1,0.03,0.76,3.04,0.18,0.07,NA,0.22,0.18,0.09,0.02,0.17,0.04,1.31,NA,0.04,0.63,0.53,0.39,0.23,NA,0.05,0.31,0.04,0.05,0.87,0.09,0.19,15.29,0.06,0.03,0.02,NA,0.06,0.1,0.03,0.75,19.92,0.04,0.35,NA,0.68,0.01,25.21,NA,20933.82,"C:/Users/freya/OneDrive - Dalhousie University/Ch 1/Freya_Scallops/SCAL_Freya_06-26_2025-11-14.csv",NA,NA,NA,NA,NA,NA
"28","2025\06\26\SCAL_0104.DATA",1.3,3961.3,1.6,NA,104.4,NA,NA,NA,3.6,NA,52.6,18.8,1788.1,26.2,12.1,103,22.9,NA,51.3,3.7,9.6,6.2,2.9,59.9,47,1.7,7.2,NA,4.8,627.5,NA,3.1,75,359.7,20.1,8,NA,28,22.6,10.1,4.1,16.7,5.4,129.2,NA,5.8,71.9,91.8,64.8,30.1,NA,9.3,40.7,5.7,9.6,113,12.5,43.9,2024.5,8.9,20,17,NA,8.4,13.8,NA,101.4,2268.1,5.9,38.2,NA,96.9,2,3023.3,NA,76.2,237677.6,96.1,NA,6265,NA,NA,NA,216.5,NA,3153.6,1127.3,107288.6,1569.5,724,6180,1374.8,NA,3080.4,220.3,578.7,372.5,173.3,3596.1,2821.8,101.2,433.8,NA,286.2,37650.6,NA,187.7,4498.9,21581.2,1203.2,479.7,NA,1682.5,1358.8,607.9,244.9,1003.3,322.2,7749.1,NA,347.6,4312,5510.6,3885.6,1808.8,NA,558.6,2444.3,343.4,575.8,6780,748.4,2634.1,121467.5,536.9,1199.6,1019.7,NA,503.7,828,NA,6082.6,136088.6,352.6,2292.3,NA,5812.4,122.3,181395.1,NA,0.01,0,0.01,NA,0.94,NA,NA,NA,0.03,NA,0.47,0.16,15.64,0.23,0.11,0.91,0.2,NA,0.44,0.03,0.08,0.05,0.03,0.52,0.42,0.01,0.06,NA,0.04,5.29,NA,0.03,0.64,3.05,0.17,0.07,NA,0.24,0.19,0.09,0.03,0.14,0.05,1.09,NA,0.05,0.59,0.76,0.53,0.25,NA,0.08,0.33,0.05,0.08,0.92,0.1,0.36,16.56,0.07,0.16,0.14,NA,0.07,0.11,NA,0.83,18.55,0.05,0.31,NA,0.78,0.02,23.77,NA,16353.01,"C:/Users/freya/OneDrive - Dalhousie University/Ch 1/Freya_Scallops/SCAL_Freya_06-26_2025-11-14.csv",NA,NA,NA,NA,NA,NA
"29","2025\06\26\SCAL_0107.DATA",NA,4285.4,1.8,NA,139,NA,NA,NA,4.5,0.9,68.4,26,1918.8,29.1,12.6,116.5,27.2,NA,51.2,3.8,16.3,6.8,2.9,63.2,63,2.3,9.7,3.4,4.7,594.4,NA,3.3,95.9,520.3,18.6,8.1,NA,24.1,28.9,10.9,2.8,17.3,5.3,129.4,NA,6.4,110.4,73.9,53.3,33.7,NA,9.6,40.3,5.8,6.4,114.4,12,28.4,2041.1,9.2,NA,8.6,NA,9.9,15.3,2.8,95.2,2651.1,5.6,42.7,NA,114.1,2.5,3338.3,NA,NA,257123.8,108.6,NA,8342.2,NA,NA,NA,271,54.2,4106,1560.7,115127.5,1746.9,757.3,6988.9,1630.1,NA,3074.5,228.6,979.4,408.9,171.8,3794.1,3782,136.3,580.3,204.4,284.4,35665.3,NA,198.7,5755.9,31217.3,1117.6,483.8,NA,1448.3,1734.7,654,169.6,1036.3,315.3,7764.1,NA,381.2,6624.8,4433.8,3199,2024,NA,574.2,2417.7,347.4,385.1,6862.1,717.3,1706,122464.1,552.5,NA,518.6,NA,592.6,919.1,167.1,5710,159066.7,334.3,2563.9,NA,6845.6,149.3,200297.1,NA,NA,0,0.02,NA,1.15,NA,NA,NA,0.04,0.01,0.56,0.21,15.35,0.23,0.1,0.94,0.22,NA,0.41,0.03,0.13,0.05,0.02,0.5,0.51,0.02,0.07,0.03,0.04,4.58,NA,0.03,0.74,4.03,0.14,0.06,NA,0.19,0.22,0.08,0.02,0.13,0.04,1,NA,0.05,0.83,0.56,0.4,0.25,NA,0.07,0.3,0.04,0.05,0.86,0.09,0.21,15.27,0.07,NA,0.06,NA,0.07,0.11,0.02,0.71,19.83,0.04,0.31,NA,0.84,0.02,24.01,NA,17799.93,"C:/Users/freya/OneDrive - Dalhousie University/Ch 1/Freya_Scallops/SCAL_Freya_06-26_2025-11-14.csv",NA,NA,NA,NA,NA,NA
"30","2025\06\26\SCAL_0108.DATA",NA,3868.7,NA,NA,98.7,NA,NA,NA,3.9,0.9,51.4,17.9,1770.1,25.9,11.5,119.6,25.8,NA,52.1,4.5,12.1,6.7,4.2,58.2,61,2.2,9,3.1,4.1,539.9,10.9,4.6,101.1,401.8,21.4,9.2,NA,27.3,22.5,11.6,2.6,21.7,NA,121.2,NA,5.5,86.7,62.4,51,27.4,NA,7.5,35.4,5.8,6.2,109.3,10.9,24.1,1864.4,7.3,NA,3.1,NA,8.7,13.7,3.3,93.3,1891.2,6.3,42.7,NA,86.4,2.1,3078.6,NA,NA,232121,NA,NA,5924.1,NA,NA,NA,235.5,52.6,3086.9,1072.8,106207.1,1554.7,692.1,7177.8,1547.1,NA,3125.1,271.1,724.9,400.2,254.8,3494.7,3658.2,129.2,541.1,187.2,244,32391.2,655.6,275,6066.3,24107.2,1286.2,552.4,NA,1636.1,1350.4,696.2,157.5,1300.7,NA,7273,NA,331.2,5204.4,3746.7,3060.6,1644.5,NA,450,2123.7,347.6,372.7,6559.7,654.5,1443,111862.1,437.6,NA,184.5,NA,522.6,822.2,196.5,5598.9,113469.6,379.8,2563.4,NA,5182.8,128.2,184715.7,NA,NA,0,NA,NA,0.94,NA,NA,NA,0.04,0.01,0.49,0.16,16.27,0.24,0.11,1.11,0.24,NA,0.47,0.04,0.11,0.06,0.04,0.53,0.57,0.02,0.08,0.03,0.04,4.78,0.1,0.04,0.9,3.58,0.19,0.08,NA,0.24,0.2,0.1,0.02,0.19,NA,1.07,NA,0.05,0.75,0.54,0.44,0.24,NA,0.06,0.31,0.05,0.05,0.94,0.09,0.21,16.02,0.06,NA,0.03,NA,0.07,0.12,0.03,0.8,16.25,0.05,0.36,NA,0.73,0.02,25.44,NA,15586.2,"C:/Users/freya/OneDrive - Dalhousie University/Ch 1/Freya_Scallops/SCAL_Freya_06-26_2025-11-14.csv",NA,NA,NA,NA,NA,NA
"31","2025\06\26\SCAL_0109.DATA",0,4262.3,NA,NA,118.6,2.8,NA,NA,5.1,1.2,50.6,21.7,1590.4,26.3,10.2,112.9,21.9,NA,46.6,4,12.3,5.6,3.6,53.5,59.8,2.6,9,2.5,5,512.3,NA,2.6,77.2,334.7,15,6.7,NA,20.9,20.4,9.4,2.5,15,5,134,NA,5,86.6,69.4,45.3,27.3,NA,7.1,32.4,4.2,5.2,109.6,8.3,19.2,1543,8.6,7.1,5.4,NA,8.1,13.1,NA,82.3,2130.1,5.9,42.3,NA,82,1.6,2974.9,NA,2.2,255737.6,NA,NA,7114.5,170.6,NA,NA,303.6,69.5,3037.9,1302,95423.3,1579.6,610.5,6776.6,1314.4,NA,2794.4,239.2,736.1,334.3,216,3209.1,3590.3,155.8,539.2,152.7,299.6,30739.3,NA,156.5,4632.5,20079.6,899.3,403.2,NA,1253.8,1222.6,561.7,152.6,899,297.6,8038.2,NA,300.6,5197.7,4163.1,2717.9,1635.8,NA,423.1,1946.8,254.3,312,6573.8,499.2,1151.2,92581.8,517.7,428,321.1,NA,488.7,787.9,NA,4936.7,127806.6,354.6,2539.6,NA,4918.6,98.9,178492.1,NA,0,0,NA,NA,1.18,0.03,NA,NA,0.05,0.01,0.5,0.21,15.35,0.26,0.1,1.1,0.21,NA,0.44,0.04,0.12,0.05,0.03,0.51,0.59,0.02,0.08,0.02,0.05,4.77,NA,0.02,0.72,3.13,0.14,0.06,NA,0.19,0.19,0.09,0.02,0.14,0.05,1.25,NA,0.05,0.79,0.63,0.41,0.25,NA,0.06,0.29,0.04,0.05,0.99,0.08,0.17,13.93,0.08,0.06,0.05,NA,0.07,0.12,NA,0.74,19.22,0.05,0.37,NA,0.73,0.01,25.82,NA,15463.98,"C:/Users/freya/OneDrive - Dalhousie University/Ch 1/Freya_Scallops/SCAL_Freya_06-26_2025-11-14.csv",NA,NA,NA,NA,NA,NA
"32","2025\06\26\SCAL_0111.DATA",NA,4723.1,1.6,NA,133.5,NA,NA,NA,5.3,1,65.3,33.7,2445.3,36.8,17.6,131.4,31.6,NA,82.1,6.9,17.1,6.7,5.5,81.2,79.3,2.1,12.7,3.2,5.6,800.6,18.1,7.2,136.1,540.7,43.3,17.5,NA,29.5,31.7,13.2,4.8,18.3,5,197.1,5.6,7.4,121.1,87.7,68.1,53.2,NA,11.6,48.9,6.8,7.5,136.1,19.4,41.8,2419.1,14.9,3.7,8.5,NA,9.8,21.6,6,114.2,3416.4,7.5,0.5,3.2,111,3,4099.1,NA,NA,283385.8,97.2,NA,8008.8,NA,NA,NA,317,57.9,3915.7,2021.4,146718.6,2205.7,1058.5,7881.9,1894.1,NA,4928.7,412.4,1028.5,403.1,327.9,4871.2,4760.7,126,759.9,193.4,333.8,48038.1,1087.4,429.8,8165.3,32440.5,2598.5,1052.1,NA,1770.7,1900.5,794.1,290.1,1100.5,300.4,11823.3,335.8,441.6,7264.6,5261.1,4087.2,3194.5,NA,694.5,2931.9,411,449.5,8163.3,1164.3,2505.8,145143.8,892.5,219,509.3,NA,585.9,1297.7,358.7,6850.5,204984.6,448.7,28.3,193.3,6657.6,181.7,245943.7,NA,NA,0,0.01,NA,0.89,NA,NA,NA,0.03,0.01,0.43,0.22,15.76,0.24,0.11,0.85,0.2,NA,0.52,0.04,0.11,0.04,0.04,0.52,0.52,0.01,0.08,0.02,0.04,4.97,0.11,0.04,0.85,3.38,0.27,0.11,NA,0.18,0.2,0.08,0.03,0.11,0.03,1.22,0.03,0.04,0.74,0.53,0.41,0.32,NA,0.07,0.3,0.04,0.05,0.82,0.12,0.25,14.57,0.09,0.02,0.05,NA,0.06,0.13,0.04,0.69,20.58,0.04,0,0.02,0.66,0.02,23.74,NA,21705.88,"C:/Users/freya/OneDrive - Dalhousie University/Ch 1/Freya_Scallops/SCAL_Freya_06-26_2025-11-14.csv",NA,NA,NA,NA,NA,NA
"33","2025\06\26\SCAL_0112.DATA",0.7,4319.9,2.1,NA,127.4,NA,NA,NA,6,1.2,61.6,27.2,2054.4,34.6,13.1,120.7,28.4,NA,50.3,4,15.2,7.2,3.2,61.8,84.8,6.7,11.7,3.9,4.3,675.9,12.2,5.3,108.1,483.2,23.3,10.1,NA,25.9,18.7,12,2.1,14.9,4.6,95,NA,6.1,82.5,73.1,43.5,31,NA,8.7,39.5,3.6,5.3,140.8,8.3,16,2112.3,10.6,3.2,16.5,NA,10,15.4,4.1,99.9,2740.1,6.5,49.5,NA,102.5,1.9,4005.8,NA,41.7,259194.5,125.6,NA,7646.4,NA,NA,NA,362.9,70.1,3694.2,1630.1,123262,2075.8,786.8,7244.4,1703.6,NA,3015.1,242.6,913.6,432.7,192.7,3708,5088.5,404.4,703.7,234.6,260.5,40554.1,732.7,316.9,6488.1,28989.4,1396,604.8,NA,1554.6,1122,717,124.7,894.7,275.2,5702.4,NA,363.6,4952.8,4385.6,2612.1,1858.5,NA,522.6,2372.5,217.9,315,8449,500.3,962.4,126738.7,635.6,192.7,989.9,NA,601.4,925.1,243.7,5995.9,164404.3,390.9,2967.4,NA,6151.3,114.8,240345.1,NA,0,0,0.02,NA,0.98,NA,NA,NA,0.05,0.01,0.47,0.2,15.28,0.26,0.1,0.9,0.21,NA,0.37,0.03,0.11,0.05,0.02,0.45,0.64,0.05,0.08,0.03,0.03,4.85,0.09,0.04,0.78,3.48,0.17,0.07,NA,0.19,0.13,0.09,0.01,0.11,0.03,0.68,NA,0.04,0.58,0.51,0.31,0.22,NA,0.06,0.28,0.03,0.04,0.98,0.06,0.11,14.69,0.07,0.02,0.11,NA,0.07,0.11,0.03,0.7,19.06,0.04,0.34,NA,0.7,0.01,26.79,NA,18737.5,"C:/Users/freya/OneDrive - Dalhousie University/Ch 1/Freya_Scallops/SCAL_Freya_06-26_2025-11-14.csv",NA,NA,NA,NA,NA,NA
"34","2025\06\26\SCAL_0113.DATA",2.5,4014.3,2.2,NA,107.5,1.8,NA,NA,5.2,1.3,51.3,21.3,1705,29.3,11,110.3,23.9,NA,49.2,3.7,14.9,7.1,3.3,55.7,67,NA,7.9,NA,4.3,548.6,9.5,1.1,97.2,373.1,17,9,NA,22.9,17,10.2,1.8,13.9,4.8,88,NA,5.4,77.8,66.3,44.4,31.2,NA,7.8,33,3.8,4.9,122,8,16.5,1736.6,7.8,5.9,11.4,NA,6.9,10.4,3.2,77.5,2179.7,4.8,41.1,NA,76.4,NA,3138.5,NA,152.1,240857.5,132.5,NA,6451.4,107.1,NA,NA,309,75.7,3075.2,1275.7,102302.4,1758.4,662,6615.3,1436.5,NA,2949.4,221,894.8,425.1,197.6,3345,4018.8,NA,475.9,NA,260.6,32915.1,568,68,5834.2,22388.6,1019.9,537.8,NA,1376.8,1018.1,613.4,108.8,833.7,287.1,5281.5,NA,321.9,4666.2,3981,2664.2,1874.7,NA,470.9,1979.4,227.8,294.7,7322.3,477.6,992.8,104197.9,466.4,353.7,684.2,NA,414.3,625.3,193.8,4648.1,130784.3,288.1,2463.2,NA,4585.9,NA,188307.5,NA,0.02,0,0.02,NA,1.02,0.02,NA,NA,0.05,0.01,0.48,0.19,15.59,0.27,0.1,1.01,0.22,NA,0.44,0.03,0.13,0.06,0.03,0.5,0.62,NA,0.07,NA,0.04,4.84,0.08,0.01,0.86,3.31,0.15,0.08,NA,0.2,0.15,0.09,0.02,0.12,0.04,0.78,NA,0.05,0.67,0.57,0.38,0.27,NA,0.07,0.28,0.03,0.04,1.04,0.07,0.14,14.85,0.07,0.05,0.1,NA,0.06,0.09,0.03,0.66,18.64,0.04,0.34,NA,0.64,NA,25.8,NA,15870.02,"C:/Users/freya/OneDrive - Dalhousie University/Ch 1/Freya_Scallops/SCAL_Freya_06-26_2025-11-14.csv",NA,NA,NA,NA,NA,NA
"35","2025\06\26\SCAL_0114_1.DATA",3.8,5410.2,NA,NA,108.9,2.9,NA,NA,5.7,1.4,57.5,25.7,2174.7,28.3,12.1,128.2,26.7,NA,62.7,4.3,17.1,6.8,4.1,69,73.4,2.4,9.2,3.1,5.8,719.2,11.3,4.2,118.2,464.6,21.4,9.5,NA,24.9,21.9,12.7,3,16,5.1,124.9,NA,6.7,84.5,84.8,61.8,37.9,NA,8.4,42.4,5.7,5.9,138.3,10.5,21.1,2169.7,10.7,3.3,20.2,NA,9,12.7,4.4,105.3,2785.8,6.4,48,NA,94.3,2.7,4264.9,NA,228,324612,NA,NA,6535.9,172.5,NA,NA,344.3,81.7,3449.2,1540.6,130480.6,1695.4,725.8,7689,1599,NA,3764.6,258.3,1024.9,406.2,244.3,4140.9,4401.6,143.7,552.8,185.2,347.5,43154.7,676.8,251.6,7090.4,27873.5,1285.3,571.6,NA,1492.7,1311.7,760.4,177.6,958.5,303.5,7496.6,NA,401,5067.7,5090.3,3706.7,2273.3,NA,506.5,2542,344.3,353.3,8298.4,628.6,1263,130179.9,644.6,197.5,1211.7,NA,540.2,759.5,264.9,6315.2,167147.7,383.6,2880.5,NA,5658,159.9,255895,NA,0.03,0,NA,NA,0.8,0.02,NA,NA,0.04,0.01,0.42,0.18,15.53,0.2,0.09,0.92,0.19,NA,0.44,0.03,0.12,0.05,0.03,0.49,0.53,0.02,0.06,0.02,0.04,4.95,0.08,0.03,0.82,3.21,0.15,0.07,NA,0.17,0.15,0.09,0.02,0.11,0.03,0.86,NA,0.05,0.57,0.57,0.42,0.25,NA,0.06,0.28,0.04,0.04,0.92,0.07,0.14,14.49,0.07,0.02,0.13,NA,0.06,0.08,0.03,0.7,18.6,0.04,0.31,NA,0.62,0.02,27.38,NA,20513.85,"C:/Users/freya/OneDrive - Dalhousie University/Ch 1/Freya_Scallops/SCAL_Freya_06-26_2025-11-14.csv",NA,NA,NA,NA,NA,NA
"36","2025\06\26\SCAL_0114_2.DATA",3.5,5389.3,NA,NA,106.6,1.7,NA,NA,5.5,1.2,57,25.8,2130.3,30,11.8,125.2,25.9,NA,60.6,3.8,16.3,5.7,3.4,67.6,70.6,2.2,9.2,3.4,5.9,705.9,12.6,4.5,116.3,455.6,22.3,9.8,NA,24.7,22.5,11.3,2.6,15.5,5.2,122.6,NA,5.7,82.7,83.1,59.2,38.6,NA,8.2,41.1,5.7,5.8,135.4,9.6,21.2,2128.8,10.4,3,19.7,NA,9.4,12.8,4,103.1,2734.9,6,47.1,NA,92.3,2.9,4196.7,NA,209.1,323359,NA,NA,6396.4,101,NA,NA,328.7,71.8,3421.3,1547.2,127816.4,1798.4,710.9,7512.7,1556.4,NA,3637.4,226.4,976.4,342,205.5,4053,4235.9,129.9,550.3,204.1,353,42354.5,755.4,271.7,6979.5,27335,1337.6,590,NA,1480.8,1349.3,677.1,155.1,932.7,310.1,7357.6,NA,344.2,4962.8,4984,3550.1,2317.7,NA,489.6,2463.9,344.6,350.1,8121.6,578.1,1272.1,127726.3,625.1,177.6,1181.9,NA,564.6,766.6,242.7,6186,164092.1,359.9,2827,NA,5540.4,174.7,251801.1,NA,0.02,0,NA,NA,0.8,0.01,NA,NA,0.04,0.01,0.43,0.19,15.5,0.22,0.09,0.92,0.19,NA,0.44,0.03,0.12,0.04,0.02,0.49,0.52,0.02,0.06,0.02,0.04,4.95,0.09,0.03,0.82,3.21,0.16,0.07,NA,0.17,0.16,0.08,0.02,0.11,0.04,0.86,NA,0.04,0.57,0.57,0.41,0.26,NA,0.06,0.28,0.04,0.04,0.92,0.07,0.14,14.48,0.07,0.02,0.13,NA,0.06,0.09,0.03,0.7,18.6,0.04,0.31,NA,0.62,0.02,27.45,NA,20227.94,"C:/Users/freya/OneDrive - Dalhousie University/Ch 1/Freya_Scallops/SCAL_Freya_06-26_2025-11-14.csv",NA,NA,NA,NA,NA,NA
"37","2025\06\26\SCAL_0115.DATA",0.3,5806.7,1.8,NA,136.1,NA,NA,NA,5.1,1.3,70,26.8,2390.6,32.7,13.3,143.3,36.2,NA,63.2,4.2,17.5,7.4,4.9,70.6,72.2,2.2,10.3,3.9,5.5,654.3,12.9,5,122.8,526.6,23.9,9.8,NA,30.7,23.6,12.7,2.6,23.3,5.5,175.6,NA,7.3,100.3,78.5,56.5,36.3,NA,10.9,46.8,4.4,6.9,147.3,13.4,25.3,2326.2,11.2,2.8,23.2,NA,9,13.7,5.1,113.9,3061.6,6.9,52.8,NA,116.1,3.4,4339.1,NA,20.4,348401.3,109.4,NA,8167.3,NA,NA,NA,307.2,78.1,4199.5,1607,143437.5,1962.4,798.9,8599,2174.7,NA,3789.8,254,1052.7,444.4,292,4236.4,4332,131.4,620.7,235,331.4,39259,775.2,298.3,7369.9,31596.2,1435.5,591,NA,1844.7,1415.6,764.7,157.5,1397.7,331.1,10537.1,NA,438.3,6015.1,4711.3,3392.8,2175.6,NA,654.6,2807.7,264.7,411.3,8839.6,804.5,1516.7,139573.7,674.4,169.1,1393,NA,540.5,820.9,306.7,6836.4,183694.7,416.1,3166.5,NA,6963.9,206.9,260344.9,NA,0,0,0.01,NA,0.95,NA,NA,NA,0.04,0.01,0.48,0.18,16.08,0.22,0.09,0.97,0.25,NA,0.42,0.03,0.12,0.05,0.03,0.47,0.49,0.01,0.07,0.03,0.04,4.24,0.08,0.03,0.8,3.43,0.16,0.06,NA,0.2,0.15,0.08,0.02,0.15,0.04,1.14,NA,0.05,0.64,0.5,0.36,0.23,NA,0.07,0.3,0.03,0.04,0.93,0.08,0.16,14.63,0.07,0.02,0.15,NA,0.06,0.09,0.03,0.72,19.26,0.04,0.33,NA,0.72,0.02,26.24,NA,21765.43,"C:/Users/freya/OneDrive - Dalhousie University/Ch 1/Freya_Scallops/SCAL_Freya_06-26_2025-11-14.csv",NA,NA,NA,NA,NA,NA
"38","2025\06\26\SCAL_0116.DATA",1.7,4998.3,0.3,NA,135.4,2.6,NA,NA,5.8,1.4,68,29,2415.7,34.7,15.1,137.1,32.3,NA,67.7,5.3,19.3,8.4,5.2,79.5,83.6,2.2,11.2,3.8,6.5,805.1,16.3,5.2,132.5,576.3,28.7,12.4,2.4,38.3,29.6,14.2,3.4,25.2,6.4,173.8,4.6,7.6,115.4,84.9,65.5,42.4,NA,10.2,52.6,5.8,8,149.1,16.8,33.7,2569.1,11,3,14.9,NA,10,16.5,5.9,123,3224.6,8,55.2,NA,107.1,2.8,4362.9,2.6,102.6,299897.8,16.9,NA,8124.5,155.1,NA,NA,350.3,86.7,4077.3,1741.6,144943,2082.9,903,8223.2,1940.2,NA,4059.7,319.9,1158.8,501.4,311.9,4769.4,5015.5,132.9,672,226.5,392.4,48306,980.6,310.9,7952.3,34576.2,1723.2,743,146.4,2296.9,1774.4,853.7,205.1,1509.4,384.6,10428.1,275.8,454.8,6923.6,5091.5,3927.7,2542.7,NA,609.2,3157,349.4,477.5,8948.1,1007,2019.7,154146.1,660.5,181.1,893.8,NA,598.1,990,351.2,7382.4,193477.6,482.8,3310.8,NA,6428.1,167.8,261776.8,153.2,0.01,0,0,NA,0.89,0.02,NA,NA,0.04,0.01,0.44,0.18,15.36,0.22,0.1,0.88,0.21,NA,0.43,0.03,0.12,0.05,0.03,0.5,0.54,0.01,0.07,0.02,0.04,4.93,0.1,0.03,0.82,3.55,0.18,0.08,0.01,0.23,0.18,0.09,0.02,0.15,0.04,1.07,0.03,0.05,0.69,0.51,0.39,0.25,NA,0.06,0.31,0.03,0.05,0.89,0.1,0.2,15.27,0.07,0.02,0.09,NA,0.06,0.1,0.03,0.73,19.17,0.05,0.32,NA,0.62,0.02,24.94,0.01,21898.81,"C:/Users/freya/OneDrive - Dalhousie University/Ch 1/Freya_Scallops/SCAL_Freya_06-26_2025-11-14.csv",NA,NA,NA,NA,NA,NA
"39","2025\06\26\SCAL_0117.DATA",0.4,3730.3,NA,NA,117.8,NA,NA,NA,5.5,1.7,59.9,33.8,2268.7,33.7,12.7,112,27.3,NA,74.5,4,17.9,8.4,4,74.2,104.4,2.5,10.2,3.7,6.4,755.6,12.1,5.2,125,534.6,21.2,12.3,NA,35.9,21.2,13.9,2.1,15.1,4.9,81.9,3.9,8.5,125.2,94.5,65.8,50.6,NA,13.1,47.5,4.3,8.7,185.3,9.4,21.9,2117.4,12,4.3,17.9,NA,12.4,17.5,5.5,105.9,3058.2,8,65.1,NA,114.8,3,4722.6,NA,22.6,223817.2,NA,NA,7065.1,NA,NA,NA,330.6,100.9,3592.6,2025.7,136119.5,2021.4,759.6,6722.4,1638.6,NA,4469.1,240.3,1074.8,501.1,239.8,4454.1,6261.4,152.7,611.9,222.3,383.7,45335.3,723.1,309.1,7498.8,32076.1,1274.7,738.5,NA,2155.1,1272.2,834.7,124.8,905.4,295.4,4911.9,235.2,507.3,7512.1,5667.4,3948.3,3033.8,NA,786.8,2847.2,258.9,520.1,11119.5,565,1313.1,127045,720,260.9,1074,NA,743.2,1048.6,328.8,6354.4,183493.6,480.6,3903.5,NA,6886.6,179.2,283354.2,NA,0,0,NA,NA,0.8,NA,NA,NA,0.04,0.01,0.41,0.22,15,0.22,0.08,0.74,0.18,NA,0.49,0.03,0.12,0.05,0.03,0.49,0.7,0.02,0.06,0.02,0.04,4.82,0.08,0.03,0.8,3.43,0.14,0.08,NA,0.23,0.14,0.09,0.01,0.1,0.03,0.52,0.02,0.05,0.78,0.59,0.41,0.31,NA,0.08,0.29,0.03,0.05,1.15,0.06,0.14,13.09,0.07,0.03,0.11,NA,0.08,0.11,0.03,0.65,18.91,0.05,0.39,NA,0.7,0.02,28.08,NA,20065.93,"C:/Users/freya/OneDrive - Dalhousie University/Ch 1/Freya_Scallops/SCAL_Freya_06-26_2025-11-14.csv",NA,NA,NA,NA,NA,NA
"40","2025\06\26\SCAL_0118.DATA",1.1,4270.3,1.8,NA,131.4,NA,NA,NA,5.5,1.6,64.5,27.1,2261.6,31.9,13.8,127.5,30.3,NA,56.7,4.3,18.1,7,3.2,61.2,72.5,1.8,9.3,3.2,5.2,704.3,12.2,4.4,113.3,499.9,24,9.7,NA,26.3,21.9,10.5,2.1,16.6,NA,110.9,NA,5.1,81.6,75.8,53.5,32.1,NA,9.4,41,4.2,5.6,127,11.6,0.3,2265.9,8,3.6,NA,NA,8.3,15.2,4.7,103.9,3012.3,6.2,46.5,NA,114.1,1.7,4197.7,4,66.2,256220.4,110.6,NA,7886.4,NA,NA,NA,328.3,94.5,3870.1,1628.4,135693.3,1911.2,829.9,7648.7,1816.4,NA,3403.2,257.6,1084.4,421.6,191.3,3671.5,4350.3,106.9,561,193.2,314,42257.4,730.6,263.7,6796.8,29993.8,1437.9,583.4,NA,1575.3,1315.9,628.8,126.2,997.5,NA,6656.6,NA,305.3,4895.5,4546.9,3210.2,1923.5,NA,563.2,2459.2,254.4,333.3,7621.4,693.2,18.3,135956.1,478.6,214.3,NA,NA,495.7,914.3,284.1,6233.4,180737.6,370.6,2787.6,NA,6848.1,103.7,251862.5,239.8,0.01,0,0.01,NA,0.95,NA,NA,NA,0.04,0.01,0.46,0.19,15.82,0.22,0.1,0.9,0.21,NA,0.39,0.03,0.13,0.05,0.02,0.42,0.52,0.01,0.06,0.02,0.04,4.75,0.08,0.03,0.77,3.39,0.16,0.07,NA,0.18,0.15,0.07,0.01,0.11,NA,0.75,NA,0.03,0.54,0.5,0.35,0.21,NA,0.06,0.27,0.03,0.04,0.83,0.08,0,14.82,0.05,0.02,NA,NA,0.05,0.1,0.03,0.68,19.71,0.04,0.3,NA,0.73,0.01,26.41,0.03,19654.22,"C:/Users/freya/OneDrive - Dalhousie University/Ch 1/Freya_Scallops/SCAL_Freya_06-26_2025-11-14.csv",NA,NA,NA,NA,NA,NA
"41","2025\06\26\SCAL_0119.DATA",2.8,3795.9,1.4,NA,149,NA,NA,NA,6.3,2.4,79.7,33.2,2906.8,46.3,16.5,139.6,43,NA,98.9,5.2,19,11,5.6,96.6,99.7,2.8,12.5,3.7,6.4,849.9,16.9,4.9,130.6,585.5,34.7,13.8,NA,34.4,27.2,15,2.1,29.7,7.9,177,NA,6.9,111.4,103.2,77.8,41.2,NA,12.2,63.3,6.6,8,200.8,17.8,30.3,3090.9,9.5,4.4,2.7,NA,10.9,15.8,6.5,136.1,4097.5,11.6,73.4,NA,157.5,3.2,5819.2,6.2,166.2,227754.3,86.6,NA,8940.9,NA,NA,NA,377.2,142.5,4780.4,1992.3,174410.2,2779.1,992.3,8377.9,2580.7,NA,5936.3,311.8,1140.4,657,337,5798.3,5980.4,167.3,750.6,219.9,383.2,50991.3,1015.8,295.2,7833.2,35128.4,2079.7,830.5,NA,2064.4,1632.1,902.6,124.3,1780.5,475.4,10618.5,NA,412,6684.6,6192.8,4668.1,2472.2,NA,731.2,3798.5,395.7,481.8,12050.3,1069.3,1816.7,185455.9,569.6,264.7,160.4,NA,654.8,950.5,390.1,8167.3,245851.8,698.2,4406.1,NA,9448.7,190.6,349154.7,373.5,0.01,0,0.01,NA,0.8,NA,NA,NA,0.03,0.01,0.43,0.17,15.15,0.24,0.09,0.73,0.23,NA,0.51,0.03,0.1,0.05,0.03,0.5,0.53,0.01,0.06,0.02,0.03,4.27,0.09,0.02,0.66,2.96,0.18,0.07,NA,0.17,0.14,0.08,0.01,0.15,0.04,0.89,NA,0.03,0.55,0.51,0.38,0.2,NA,0.06,0.31,0.03,0.04,0.98,0.09,0.15,15.07,0.05,0.02,0.01,NA,0.05,0.08,0.03,0.66,19.97,0.06,0.35,NA,0.75,0.01,27.27,0.03,24562.09,"C:/Users/freya/OneDrive - Dalhousie University/Ch 1/Freya_Scallops/SCAL_Freya_06-26_2025-11-14.csv",NA,NA,NA,NA,NA,NA
"42","2025\06\26\SCAL_0120.DATA",1.5,4034.4,1.9,NA,119.1,NA,NA,NA,5.2,1.1,60.3,26.9,2136.2,32.5,14.7,126.4,29.1,NA,57.5,4.8,16.5,5.6,4.3,64.5,75.8,1.7,9.1,2.6,4.9,650.2,14.1,4.5,124.5,515.4,26.8,10.6,NA,27.1,25.8,12.2,2.8,22.4,6.3,172.2,NA,6.2,96.4,86.4,62.7,44.9,NA,8.1,45.2,5.8,6.1,117.6,13.3,27.4,2207.9,7.4,3.8,NA,NA,8.5,18.1,5.4,101.9,2646,7.3,47.1,NA,97.9,1.6,4024.2,4.5,91.3,242062.3,112.3,NA,7143.5,NA,NA,NA,312.4,64,3620.5,1611.4,128171.2,1947.8,880.1,7584.1,1744.3,NA,3452.1,288,988.7,338.3,258.4,3868.4,4550.5,102.5,546.8,158.4,296.7,39011.4,846,271.5,7468.4,30923.1,1606.7,634.4,NA,1628,1549.3,731.1,170.2,1341.1,375.1,10333.3,NA,371.1,5786.4,5184.1,3764.7,2694.9,NA,487.9,2713.1,350.7,365.6,7055.1,797.8,1644.2,132472.3,444.7,229.5,NA,NA,508.2,1086.7,326.1,6115.3,158762.8,439,2824,NA,5875.5,96.6,241454.6,269.4,0.01,0,0.01,NA,0.9,NA,NA,NA,0.04,0.01,0.45,0.2,15.55,0.24,0.11,0.92,0.21,NA,0.41,0.03,0.12,0.04,0.03,0.46,0.56,0.01,0.06,0.02,0.04,4.56,0.1,0.03,0.88,3.63,0.19,0.07,NA,0.19,0.18,0.09,0.02,0.16,0.04,1.21,NA,0.04,0.66,0.59,0.43,0.31,NA,0.06,0.31,0.04,0.04,0.8,0.09,0.19,15.03,0.05,0.03,NA,NA,0.06,0.12,0.04,0.69,18.01,0.05,0.31,NA,0.65,0.01,26.33,0.03,18898.91,"C:/Users/freya/OneDrive - Dalhousie University/Ch 1/Freya_Scallops/SCAL_Freya_06-26_2025-11-14.csv",NA,NA,NA,NA,NA,NA
"43","2025\06\26\SCAL_0121.DATA",3.4,5311.7,1.7,NA,139.3,NA,NA,NA,4.7,1.3,73.6,28.7,2523.6,42.7,14.9,126.4,33.5,NA,79.9,4.3,11.1,8.9,5.1,92.8,98.8,2.4,11.1,NA,5.7,856.4,14.4,4.4,100,480.9,28.2,13.8,NA,35.7,27.2,16,2.8,25.9,8.6,150.7,4.9,6.8,118,85.5,69.2,46.8,NA,12.5,54.8,6.9,9.9,204.5,14.3,28.5,2902.2,9.1,6.2,2.6,NA,11.1,14.4,4.9,135.4,3738.9,9.7,72,NA,111.7,2.5,4720.7,5.9,201.7,318700.5,99.4,NA,8358.3,NA,NA,NA,284.2,77.8,4415.6,1720.9,151416.6,2560.2,891.1,7581.4,2009.6,NA,4794.2,258.1,668.2,532.9,309,5566.4,5927,143.3,663.7,NA,339.6,51385.9,867,263.5,6000.6,28851.6,1694.4,830.1,NA,2141.9,1632.9,960.7,170.6,1554.6,518.9,9039.7,292.1,406.9,7081.4,5129.6,4153,2808.9,NA,748,3289.3,412.4,592.3,12272.6,859,1707.5,174129.7,547.2,374.4,156.7,NA,665.6,862,295.8,8121.7,224332.2,582,4321.1,NA,6700.4,151.4,283239.7,355.1,0.02,0,0.01,NA,0.85,NA,NA,NA,0.03,0.01,0.44,0.17,14.83,0.25,0.09,0.75,0.2,NA,0.46,0.03,0.06,0.05,0.03,0.54,0.59,0.01,0.06,NA,0.03,4.85,0.08,0.02,0.57,2.74,0.16,0.08,NA,0.2,0.15,0.09,0.02,0.15,0.05,0.85,0.03,0.04,0.65,0.47,0.38,0.26,NA,0.07,0.3,0.04,0.05,1.12,0.08,0.16,15.94,0.05,0.03,0.01,NA,0.06,0.08,0.03,0.74,20.54,0.05,0.39,NA,0.6,0.01,24.93,0.03,23714.6,"C:/Users/freya/OneDrive - Dalhousie University/Ch 1/Freya_Scallops/SCAL_Freya_06-26_2025-11-14.csv",NA,NA,NA,NA,NA,NA
"44","2025\06\26\SCAL_0122.DATA",8.1,5804.6,1.6,NA,171.6,NA,NA,NA,7.9,2.8,84.5,42,2750.1,52,19.9,201.7,37.9,NA,101.9,8.3,17.3,11.3,7.6,99.8,116.8,3.5,18.6,4.8,6.9,879.4,21.8,6.3,159.4,652.8,39.3,15.4,NA,36.8,36.1,18.7,2.8,27.4,9.5,172.2,6.1,8,142.2,123.6,89.9,48.1,NA,12.3,60.4,8.1,9.6,212.1,15.8,0.7,2890.2,9.8,24.9,9.6,NA,12.3,19,6.8,132,3843.1,11.5,72.9,NA,130.8,1.7,5206.3,3.7,483.4,348277.2,96.9,NA,10293.4,NA,NA,NA,472.1,170.3,5067.5,2521.1,165007.5,3119.2,1191.6,12099.7,2276.9,NA,6114.2,497.3,1035.9,676.2,453.9,5990.7,7009.3,210.9,1116,288.2,415.3,52764.8,1305.5,378.3,9561.8,39165.5,2355.1,924,NA,2207.2,2166.7,1120.4,168.1,1645.4,567.9,10332.6,368.7,479.8,8534,7417.8,5394.7,2887.5,NA,737.2,3625.3,486.9,574.6,12727.9,946.6,43.8,173411.3,585,1494.5,574.9,NA,735.1,1142,409.5,7921.8,230585.2,692.5,4372.3,NA,7850.1,104,312379.9,220.2,0.04,0,0.01,NA,0.96,NA,NA,NA,0.04,0.02,0.47,0.23,14.9,0.28,0.11,1.1,0.21,NA,0.55,0.04,0.09,0.06,0.04,0.54,0.64,0.02,0.09,0.03,0.04,4.59,0.11,0.03,0.84,3.43,0.21,0.08,NA,0.19,0.19,0.1,0.01,0.14,0.05,0.9,0.03,0.04,0.73,0.63,0.46,0.25,NA,0.06,0.31,0.04,0.05,1.07,0.08,0,14.64,0.05,0.13,0.05,NA,0.06,0.1,0.03,0.67,19.47,0.06,0.36,NA,0.65,0.01,25.36,0.02,25812.01,"C:/Users/freya/OneDrive - Dalhousie University/Ch 1/Freya_Scallops/SCAL_Freya_06-26_2025-11-14.csv",NA,NA,NA,NA,NA,NA
"45","2025\06\26\SCAL_0123.DATA",3.5,4517.5,NA,NA,111.3,NA,NA,NA,4.1,1.3,66.7,21.1,2201.6,32.7,14.5,112.1,27.1,NA,63.3,5,12.8,6.4,3.8,77.5,68.6,NA,10.6,2.8,4.6,666,10.2,3.4,116.5,447.5,24,10.3,NA,31.5,24.5,13.4,4.6,23.5,6.2,174.2,4.5,6.9,106.5,66.6,52,31.2,NA,8.7,43.3,6.3,7.5,137.8,14.7,31.9,2339.5,7.7,NA,NA,NA,10.5,14.1,3.6,108.3,3328.7,7.5,62,NA,109,1.8,3836.9,NA,207.2,271049.1,NA,NA,6676.4,NA,NA,NA,244.4,78.7,3999.4,1266.6,132098.5,1962.3,871.1,6724.5,1626.9,NA,3800.8,302.5,765.5,383.9,227.3,4648.2,4113.4,NA,637.7,170.4,278.4,39959.5,611.3,206.1,6988.1,26852.7,1439.5,615.8,NA,1889,1467,807,274.8,1407.3,374.3,10449.6,268.6,415.9,6388.2,3996.8,3119.2,1874.5,NA,524.4,2595.6,378.5,452.2,8265.6,883.5,1913.2,140371,460.3,NA,NA,NA,631.7,845.8,217.2,6497.7,199722.5,451.7,3717,NA,6539.2,107,230215.5,NA,0.02,0,NA,NA,0.8,NA,NA,NA,0.03,0.01,0.48,0.15,15.41,0.23,0.1,0.79,0.19,NA,0.44,0.04,0.09,0.04,0.03,0.54,0.49,NA,0.07,0.02,0.03,4.49,0.07,0.02,0.79,3.03,0.16,0.07,NA,0.21,0.16,0.09,0.03,0.16,0.04,1.17,0.03,0.05,0.7,0.44,0.34,0.21,NA,0.06,0.28,0.04,0.05,0.9,0.1,0.21,15.31,0.05,NA,NA,NA,0.07,0.09,0.02,0.71,21.78,0.05,0.4,NA,0.7,0.01,24.14,NA,19952.57,"C:/Users/freya/OneDrive - Dalhousie University/Ch 1/Freya_Scallops/SCAL_Freya_06-26_2025-11-14.csv",NA,NA,NA,NA,NA,NA
"46","2025\06\26\SCAL_0150_1.DATA",1.1,7029.7,1.5,NA,155.2,NA,NA,NA,6.1,1.7,71.4,28.2,2547.5,38.3,17.2,180.2,35.3,NA,67.9,7.4,19,6.9,6.2,76.1,71.6,2.8,14.4,3.8,7.4,794,17.5,4.4,163.3,628.6,33.8,10.8,NA,32.3,41.7,16.4,6,29.7,7.6,206.6,8.4,7.9,119.2,113.1,93.1,44.7,NA,10,57.8,10.6,8.5,154.2,21.4,35.2,2551.5,15.7,18.7,14.3,NA,8.8,18,5.3,134.4,3062.4,8.8,58.8,NA,110,3,4392.7,7,67.9,421781.1,89.3,NA,9313.4,NA,NA,NA,366.4,99.3,4281.1,1689.8,152850.4,2298.4,1031.2,10812.7,2119.6,NA,4075.9,446.6,1141,416.9,373.3,4566.9,4295.1,170.7,861.4,230,441.5,47638.3,1051.8,266.4,9796.7,37716.4,2026.2,646.6,NA,1938.3,2504.5,982.8,361.6,1781.5,457.6,12397.2,501.4,476.4,7150,6787.2,5587.4,2680.8,NA,597.2,3465.6,637.2,510.2,9253.4,1284.3,2110.4,153087.1,944.4,1120.8,857.8,NA,527.1,1079.7,318.4,8064.5,183741.8,527.6,3528,NA,6599.5,182.4,263564.8,420.8,0.01,0,0.01,NA,1,NA,NA,NA,0.04,0.01,0.46,0.18,15.96,0.24,0.11,1.14,0.22,NA,0.42,0.05,0.12,0.04,0.04,0.47,0.46,0.02,0.08,0.02,0.05,4.79,0.11,0.03,0.99,3.82,0.21,0.07,NA,0.2,0.25,0.1,0.04,0.18,0.05,1.25,0.05,0.05,0.71,0.67,0.55,0.26,NA,0.06,0.34,0.06,0.05,0.9,0.13,0.21,14.95,0.09,0.11,0.08,NA,0.05,0.11,0.03,0.79,17.94,0.05,0.34,NA,0.63,0.02,24.74,0.04,24316.64,"C:/Users/freya/OneDrive - Dalhousie University/Ch 1/Freya_Scallops/SCAL_Freya_06-26_2025-11-14.csv",NA,NA,NA,NA,NA,NA
"47","2025\06\26\SCAL_0150_2.DATA",0.9,6929.7,1.7,NA,151.3,NA,NA,NA,5.8,1.5,69,27,2458.2,42.2,17.6,177,34.5,NA,66.1,7.3,16.6,7.6,6,73.7,72,8.1,16.4,4.1,6.6,763.7,17.9,4,157.5,606,32.1,9.6,NA,32,39.3,15.5,10.3,29.7,7.4,199.2,7.9,7.5,114.4,108.7,89.5,43.7,NA,9.6,55.5,11.3,9,149.1,20.8,31.8,2457.7,14.3,17.7,13.1,NA,8.5,16.8,5.6,128.1,2915.9,9.4,56.8,NA,105.5,1.8,4203.7,NA,51.6,415781.5,104.2,NA,9077.2,NA,NA,NA,346.2,91.5,4140.8,1620.4,147492.2,2531.4,1056.3,10622.8,2067.6,NA,3964.8,437.2,998.6,453.1,362.3,4420.2,4318.5,488,982.4,246,397.4,45821.7,1072.7,241.4,9451.4,36361.2,1928.7,573.8,NA,1922.5,2359.6,930.2,616.8,1783.7,445.2,11950.5,471.3,451.4,6863.8,6524.5,5368,2623.4,NA,575,3328.6,680.8,540.9,8944.9,1246.5,1905.8,147460.2,855.3,1061.9,784.5,NA,509,1008.9,338.3,7689,174952.9,566.5,3405.1,NA,6328.2,106.6,252223.6,NA,0.01,0,0.01,NA,1.02,NA,NA,NA,0.04,0.01,0.46,0.18,16.02,0.28,0.12,1.16,0.23,NA,0.43,0.05,0.11,0.05,0.04,0.48,0.48,0.05,0.1,0.03,0.04,4.8,0.11,0.03,0.99,3.83,0.2,0.06,NA,0.2,0.25,0.1,0.06,0.19,0.05,1.25,0.05,0.05,0.7,0.67,0.55,0.27,NA,0.06,0.34,0.07,0.06,0.91,0.13,0.19,14.97,0.09,0.11,0.08,NA,0.05,0.1,0.03,0.78,17.77,0.06,0.34,NA,0.63,0.01,24.63,NA,23391.63,"C:/Users/freya/OneDrive - Dalhousie University/Ch 1/Freya_Scallops/SCAL_Freya_06-26_2025-11-14.csv",NA,NA,NA,NA,NA,NA
"48","2025\06\26\SCAL_0151.DATA",1,4828.1,1.4,NA,101.3,NA,NA,NA,3.8,1.2,49.4,20.6,1717.4,27.1,10.2,118.2,23.9,NA,49.7,4,12.3,5.5,3.4,55,58.2,2.2,9.3,3.1,3.6,503.2,NA,5.8,94.9,396.9,18.9,7.9,NA,23.4,27.5,12.4,3,17.9,5.6,129.5,3.9,5.3,83.8,60.1,53.3,27.8,NA,7.5,35.2,6.4,6.7,115.8,11.3,19.5,1708,9.9,NA,9.6,NA,6.7,11.8,4.3,99.8,2205.6,6.4,44.3,NA,81.6,1.6,3074.3,NA,62.8,289685,82.3,NA,6079.9,NA,NA,NA,228.4,72.2,2966.5,1238.1,103043.1,1624.1,609.7,7094.3,1436.7,NA,2983.7,238.5,738,328,206.9,3301.3,3490.9,131.5,557.8,187.2,213.7,30190.5,NA,345.4,5696.4,23816.4,1131.6,474.9,NA,1404.4,1651.9,745,180.7,1076.4,336.7,7773,235.8,316.9,5025.8,3604.9,3199.1,1669.9,NA,449.8,2112.4,386.5,399.9,6948.7,678,1168.6,102479.4,595.1,NA,574.3,NA,399.6,709.3,256.6,5989.9,132337.1,385.1,2657.6,NA,4898.2,97.9,184456.8,NA,0.01,0,0.01,NA,0.96,NA,NA,NA,0.04,0.01,0.47,0.19,15.74,0.25,0.09,1.09,0.22,NA,0.45,0.04,0.11,0.05,0.03,0.5,0.54,0.02,0.08,0.03,0.03,4.44,NA,0.05,0.84,3.52,0.17,0.07,NA,0.21,0.24,0.11,0.03,0.16,0.05,1.14,0.03,0.05,0.72,0.52,0.46,0.24,NA,0.06,0.3,0.06,0.06,0.99,0.1,0.17,14.63,0.08,NA,0.08,NA,0.06,0.1,0.04,0.86,18.9,0.05,0.37,NA,0.69,0.01,25.33,NA,16650.99,"C:/Users/freya/OneDrive - Dalhousie University/Ch 1/Freya_Scallops/SCAL_Freya_06-26_2025-11-14.csv",NA,NA,NA,NA,NA,NA
"49","2025\06\26\SCAL_0152.DATA",NA,5103.2,1.5,NA,108.8,NA,NA,NA,4.1,NA,48.3,16.9,1802.2,28.5,11.7,113.6,24.4,NA,42.5,4.3,12.9,5.4,3.6,55.5,39.6,NA,7.5,NA,5.4,554.2,NA,3.4,97.2,403.8,20.2,7.3,1.8,24.8,28.5,12.1,8.7,29.4,5.9,168,5.8,5.1,80.5,63.1,60.9,28.2,NA,5.7,35.1,6.4,5.3,98,15,30.2,1835.1,11.2,1.5,13.5,NA,6,13.5,4.4,98.5,2191,5.5,36.5,NA,77.7,2.1,2957.7,NA,NA,306191.2,92.2,NA,6530.7,NA,NA,NA,247.5,NA,2896.1,1011.4,108134.5,1707.9,702.4,6813.4,1466.1,NA,2549.5,256.6,775.2,324.9,213.5,3328.1,2374,NA,450.4,NA,321.8,33254.4,NA,202.3,5834.4,24227.8,1214,439.1,108.8,1488.1,1708.9,725.5,519.3,1761.3,355.8,10082.6,347.7,305.2,4830.8,3784.3,3654.8,1691.2,NA,339.1,2107.4,383.5,317.2,5880.2,901.5,1811.8,110108.1,670.9,88.8,809.4,NA,357.7,809.7,266.6,5910.6,131461.3,328.5,2189.1,NA,4660.1,127.1,177462.3,NA,NA,0,0.01,NA,1.02,NA,NA,NA,0.04,NA,0.45,0.15,16.29,0.26,0.11,1.03,0.22,NA,0.38,0.04,0.12,0.05,0.03,0.5,0.36,NA,0.06,NA,0.05,4.83,NA,0.03,0.85,3.54,0.18,0.06,0.02,0.22,0.25,0.11,0.08,0.26,0.05,1.46,0.05,0.04,0.69,0.54,0.52,0.24,NA,0.05,0.3,0.05,0.05,0.83,0.13,0.26,15.51,0.09,0.01,0.11,NA,0.05,0.11,0.04,0.83,18.51,0.05,0.3,NA,0.64,0.02,24.03,NA,17065.66,"C:/Users/freya/OneDrive - Dalhousie University/Ch 1/Freya_Scallops/SCAL_Freya_06-26_2025-11-14.csv",NA,NA,NA,NA,NA,NA
"50","2025\06\26\SCAL_0153.DATA",3.5,4811,NA,NA,87.4,NA,NA,NA,3.3,0.9,39.9,18.3,1355.7,23.4,8.8,81.5,19.3,NA,44.9,3.6,7.6,4.1,2.4,53.9,58.1,2.2,7.1,2.5,2.9,516.9,9.9,2.8,72.6,352.4,16.7,8.2,NA,19.6,23,9.9,2.3,15.9,3.7,88.9,NA,4.4,77.1,59,49,31.5,NA,6.3,36,5.8,5.1,121.8,12.7,15.3,1352.8,9.2,NA,6.1,NA,6.3,9.9,4.1,79,2024.3,7.2,41.9,NA,65.2,1.5,2720.1,NA,211.1,288659.9,NA,NA,5241.2,NA,NA,NA,197.9,51.2,2394.2,1098.5,81341,1405.5,525.9,4890.2,1157.1,NA,2692.1,217.7,456.1,244.9,142.4,3232.5,3485.2,131.8,423.5,151.1,172.1,31012.3,593.2,165.8,4353.4,21142.3,999.4,493.9,NA,1173.1,1380.9,596.3,138.9,955.5,224.9,5336.8,NA,265,4625.1,3537.4,2942.2,1890.2,NA,377.2,2161.4,347.6,303.5,7307.2,760.3,917.5,81167.6,554.1,NA,364.2,NA,377.8,593.5,243.7,4742.4,121456.5,434.4,2514.6,NA,3914.9,90.7,163208.4,NA,0.03,0,NA,NA,0.95,NA,NA,NA,0.04,0.01,0.43,0.19,14.29,0.25,0.09,0.86,0.2,NA,0.47,0.04,0.08,0.04,0.02,0.56,0.62,0.02,0.07,0.03,0.03,5.25,0.1,0.03,0.74,3.6,0.17,0.08,NA,0.2,0.23,0.1,0.02,0.16,0.04,0.9,NA,0.04,0.77,0.59,0.49,0.31,NA,0.06,0.36,0.06,0.05,1.2,0.12,0.15,13.33,0.09,NA,0.06,NA,0.06,0.1,0.04,0.78,19.95,0.07,0.4,NA,0.63,0.01,25.77,NA,15079.62,"C:/Users/freya/OneDrive - Dalhousie University/Ch 1/Freya_Scallops/SCAL_Freya_06-26_2025-11-14.csv",NA,NA,NA,NA,NA,NA
"51","2025\06\26\SCAL_0154.DATA",1.3,4888.5,1.4,NA,107.8,NA,NA,NA,3.3,NA,55.3,19.2,1909.9,30.1,12.6,135.7,26.4,NA,49.7,4.6,14.7,5.4,4.4,62.1,46.5,2,10.9,3,4.4,630.7,10.7,3.4,122.5,458.5,22.3,7.5,NA,29.2,35.5,3.8,4.9,30.3,6,201,5.9,5.5,96.6,67.3,72.9,34.4,NA,7.7,43.2,9.5,6.7,99.6,18.5,34.1,1909.1,12.9,NA,9,NA,9,16.9,4.5,114.9,2389.5,5.9,37,NA,89.5,2.2,2976.3,NA,77,293311.5,83.8,NA,6465.7,NA,NA,NA,198.4,NA,3319.6,1154.8,114593.8,1808.9,755.8,8139.1,1585.5,NA,2984.2,278.2,880.6,324.2,261.3,3723.1,2790.6,119,651.2,181.2,266.8,37841.5,642.3,204.6,7348.8,27507.2,1338.9,452.1,NA,1752,2133,230.9,295.4,1817,359.8,12061.1,355.8,329.2,5793.2,4036.6,4374.9,2063.9,NA,459.8,2589.5,572.9,402.6,5977.8,1111.8,2045.8,114546.9,775.9,NA,543,NA,540.4,1016.6,268.1,6892.4,143369.5,351.2,2217.3,NA,5372.4,133.9,178578.4,NA,0.01,0,0.01,NA,0.94,NA,NA,NA,0.03,NA,0.48,0.16,16.11,0.26,0.11,1.15,0.22,NA,0.42,0.04,0.12,0.04,0.04,0.52,0.4,0.02,0.09,0.03,0.04,5.13,0.09,0.03,1,3.75,0.18,0.06,NA,0.24,0.29,0.03,0.04,0.25,0.05,1.63,0.05,0.04,0.77,0.54,0.58,0.27,NA,0.06,0.34,0.08,0.05,0.79,0.15,0.27,15.06,0.1,NA,0.07,NA,0.07,0.13,0.04,0.91,18.85,0.05,0.29,NA,0.69,0.02,22.57,NA,17686.36,"C:/Users/freya/OneDrive - Dalhousie University/Ch 1/Freya_Scallops/SCAL_Freya_06-26_2025-11-14.csv",NA,NA,NA,NA,NA,NA
"52","2025\06\26\SCAL_0155.DATA",3.6,5763.9,NA,NA,95.2,NA,NA,NA,3.7,NA,50.6,17.8,1717.8,30.4,11.5,111.9,25,NA,49.8,4.4,10.6,5.3,4,57.7,63.4,2.3,9.4,3.2,3.9,585.5,12.1,3.1,101.6,416.8,19.8,7.8,NA,24.1,25.9,10.9,3.5,21,5.2,141.1,4.5,5.6,90,64.6,56,31.5,NA,7.1,35.2,6.3,6.2,115.2,13.1,21.9,1747.1,10.9,1.3,18.1,NA,7.3,12.2,4.4,102.4,2442.9,6.3,43,NA,88.3,2,3151.8,NA,215.4,345835.4,NA,NA,5710.1,NA,NA,NA,223.2,NA,3037.4,1068.3,103069.5,1826.6,689.8,6715.9,1499.8,NA,2987.2,266.5,634,320.5,237.4,3462.5,3805,136.3,565.6,191.8,236.5,35131.1,726.8,185.1,6098.6,25010,1186.5,467,NA,1448.2,1554.9,657,210,1260.4,311.3,8467,268.3,335.9,5399.6,3877.1,3360.4,1889.9,NA,426.6,2111.2,377.3,369.7,6910.6,783,1312.9,104824.7,656.2,76.4,1084,NA,436.4,735,261.9,6145.8,146576.6,380,2581,NA,5295.4,120.1,189105.2,NA,0.03,0,NA,NA,0.86,NA,NA,NA,0.03,NA,0.45,0.16,15.01,0.27,0.1,0.98,0.22,NA,0.43,0.04,0.09,0.04,0.03,0.5,0.56,0.02,0.08,0.03,0.03,4.93,0.1,0.03,0.86,3.53,0.17,0.07,NA,0.2,0.22,0.09,0.03,0.18,0.04,1.19,0.04,0.05,0.74,0.53,0.46,0.26,NA,0.06,0.29,0.05,0.05,0.94,0.11,0.18,14.27,0.09,0.01,0.15,NA,0.06,0.1,0.04,0.84,19.96,0.05,0.34,NA,0.71,0.02,24.76,NA,18078.71,"C:/Users/freya/OneDrive - Dalhousie University/Ch 1/Freya_Scallops/SCAL_Freya_06-26_2025-11-14.csv",NA,NA,NA,NA,NA,NA
"53","2025\06\26\SCAL_0156.DATA",1.8,3106.7,NA,NA,115.3,2.7,NA,1.3,5.3,1.1,53.7,28,2058.6,34,13.4,150.3,27.6,NA,54.4,3.3,16.2,5.5,5.1,55.8,62.1,2.4,7.9,NA,7.9,675.8,12.8,2.9,137.7,474.9,23.4,8,NA,25.8,20.7,9,2.1,14.6,6.6,79,3.8,5.1,92.8,118.4,59.8,37,NA,9.3,33.7,4.8,5.9,138.7,10.6,22.1,1983.9,9,86.5,14.8,NA,7,12.8,4,111.1,2560.5,5.8,42.8,NA,87.8,1.7,3656.3,NA,105.8,186404.2,NA,NA,6916.7,160,NA,79.9,318,68.6,3220.8,1683,123518.5,2037.1,806.4,9015.8,1654,NA,3266.3,199.8,971.7,332.3,306.9,3349.9,3725.5,145.9,471.5,NA,472,40547.5,769.7,172.5,8263,28496.1,1402.7,481.3,NA,1547,1244,540.3,126.8,874.9,395,4737.2,230,303.5,5568.9,7103.9,3590.7,2220.5,NA,560.9,2022.5,288.9,356.7,8324.1,636.3,1327.8,119031.1,537.4,5189.1,890.4,NA,417.6,769.6,241.7,6663,153631.8,349.3,2565.6,NA,5265.3,101,219379.5,NA,0.01,0,NA,NA,0.92,0.02,NA,0.01,0.04,0.01,0.43,0.22,15.93,0.26,0.1,1.17,0.21,NA,0.42,0.03,0.12,0.04,0.04,0.43,0.49,0.02,0.06,NA,0.06,5.04,0.1,0.02,1.03,3.56,0.18,0.06,NA,0.19,0.15,0.07,0.02,0.11,0.05,0.59,0.03,0.04,0.68,0.87,0.44,0.27,NA,0.07,0.25,0.04,0.04,1,0.08,0.16,14.35,0.06,0.63,0.11,NA,0.05,0.09,0.03,0.8,18.52,0.04,0.3,NA,0.62,0.01,25.43,NA,16965.26,"C:/Users/freya/OneDrive - Dalhousie University/Ch 1/Freya_Scallops/SCAL_Freya_06-26_2025-11-14.csv",NA,NA,NA,NA,NA,NA
"54","2025\06\26\SCAL_0159.DATA",1.6,3607,1.8,NA,141.6,NA,NA,NA,4.6,1.1,63.6,22.7,2166.1,34.3,13.2,151.9,30.6,NA,52.5,4.8,15.4,6.1,5.1,63.6,65,NA,11.5,2.2,4.7,720.8,NA,3.2,127.6,528.1,23.5,8,NA,29,34.1,15.3,3.3,27.1,6.6,197.8,5.3,6.2,111.7,83.4,82.5,39.1,NA,9.1,46.1,8.9,7.3,144.3,17.3,25.2,2441.9,10.1,1.7,3.6,NA,9.4,16.2,5.4,123.8,2655.6,8.4,48.8,NA,97.9,1.8,3913.8,NA,93.6,216417,107,NA,8493.4,NA,NA,NA,275,66.2,3815.4,1360.3,129963.8,2055,790.5,9112.3,1833.5,NA,3152.7,290.7,924.8,363.2,305.1,3815,3900,NA,690.8,134.5,283,43248.5,NA,191.3,7657.9,31687.3,1408.5,481.5,NA,1737.7,2045.7,920.3,198,1627.6,394.1,11869.7,320.4,370.6,6701.1,5002,4950.3,2348.6,NA,548.3,2763.6,536.2,438.4,8656.1,1036.1,1510.1,146512.1,607.2,100.4,218,NA,563.5,970.6,323.2,7428.8,159333.6,507,2925.8,NA,5872.9,108.5,234827.9,NA,0.01,0,0.01,NA,1.03,NA,NA,NA,0.03,0.01,0.46,0.16,15.31,0.24,0.09,1.08,0.22,NA,0.37,0.03,0.11,0.04,0.04,0.44,0.47,NA,0.08,0.02,0.03,4.91,NA,0.02,0.87,3.62,0.16,0.05,NA,0.2,0.23,0.1,0.02,0.18,0.04,1.35,0.04,0.04,0.75,0.56,0.55,0.26,NA,0.06,0.31,0.06,0.05,0.95,0.11,0.17,16.14,0.07,0.01,0.02,NA,0.06,0.11,0.04,0.82,17.55,0.05,0.32,NA,0.63,0.01,24.87,NA,18789.22,"C:/Users/freya/OneDrive - Dalhousie University/Ch 1/Freya_Scallops/SCAL_Freya_06-26_2025-11-14.csv",NA,NA,NA,NA,NA,NA
"55","2025\06\26\SCAL_0161.DATA",2.7,2801.4,1.8,NA,122,NA,NA,NA,5,1.2,55.4,27.3,1887.1,33.7,14.3,117.5,25.6,NA,59.6,5.5,11.1,6.8,4.8,69.9,67.3,NA,9.5,NA,4,710.6,16,4.5,113.8,512.3,22.5,8.9,NA,27.3,33.3,13.3,4.7,23,6.4,130.5,8.3,5.3,123.8,82.8,73.9,50.5,NA,9.5,46.2,9.3,7.9,150.3,18,32.8,1978,11.7,4.1,6.8,NA,9.6,18.7,5.1,104.4,2949.7,7.6,51.7,NA,86.5,2.3,3475,NA,162,168082.1,110.9,NA,7317.5,NA,NA,NA,301.7,74,3326.9,1636.2,113228.4,2019.6,857.5,7051.9,1533.3,NA,3577.4,327.9,663.7,408.2,289.5,4194.8,4039.5,NA,570,NA,238.9,42634,960.8,267,6826.1,30738.2,1350.1,531.6,NA,1639.7,1998.3,796.6,283.5,1382.7,384.7,7828.8,496.6,320,7430.5,4969.3,4431.1,3031.3,NA,568.8,2769.4,558.3,475.7,9017.5,1079.5,1965.3,118679.2,703.2,245.8,409.3,NA,576.1,1119.5,308.6,6262,176983.5,454.8,3104.3,NA,5188,140.3,208500.2,NA,0.02,0,0.01,NA,0.96,NA,NA,NA,0.04,0.01,0.43,0.21,14.34,0.26,0.11,0.9,0.2,NA,0.45,0.04,0.08,0.05,0.04,0.53,0.52,NA,0.07,NA,0.03,5.2,0.12,0.03,0.84,3.77,0.17,0.06,NA,0.2,0.24,0.1,0.03,0.17,0.05,0.96,0.06,0.04,0.89,0.59,0.53,0.36,NA,0.07,0.33,0.07,0.06,1.07,0.13,0.23,14.05,0.08,0.03,0.05,NA,0.07,0.13,0.04,0.74,20.96,0.05,0.36,NA,0.6,0.02,23.74,NA,16925.22,"C:/Users/freya/OneDrive - Dalhousie University/Ch 1/Freya_Scallops/SCAL_Freya_06-26_2025-11-14.csv",NA,NA,NA,NA,NA,NA
"56","2025\06\26\SCAL_0229.DATA",1,5675.2,1.7,NA,104.6,NA,NA,NA,4.5,1,54.3,20.6,1879.9,24,10.7,89.9,21.1,NA,52.4,3.7,11.8,6,4.2,61.1,57.6,1.3,7.5,4,3.7,640.1,8.6,2.8,96.4,378.2,17.9,4.8,NA,24.2,20.1,9.1,2.2,15.9,4.8,88,NA,5.7,94.7,68.2,55.6,36.5,NA,9.7,34.3,4.1,6.4,127.9,9.6,29.3,1744.6,11.8,1.5,17.9,NA,8.7,11.9,3.6,82.2,2836.1,6.9,48.1,NA,86.1,3.1,3324.7,NA,61.7,340512.2,99.2,NA,6278.4,NA,NA,NA,267.3,57.8,3257,1238.5,112794.4,1441,641.2,5392.9,1266,NA,3143,223.1,707.6,358.6,249.9,3668.6,3454.9,76.1,451.6,242.8,224.1,38403.9,517,169.1,5781.2,22691.8,1075.4,289,NA,1451.8,1204,543.3,130.8,953.9,288.1,5279.2,NA,344.9,5684,4092.4,3335.3,2189.3,NA,580.9,2057.3,245.5,381.5,7676.2,573.1,1758,104674.9,710.7,89,1073.3,NA,520,716.6,217.4,4933.3,170165.8,415.7,2886.1,NA,5168.4,188.2,199479.7,NA,0.01,0,0.01,NA,0.9,NA,NA,NA,0.04,0.01,0.46,0.17,15.66,0.2,0.09,0.75,0.18,NA,0.43,0.03,0.1,0.05,0.03,0.5,0.49,0.01,0.06,0.03,0.03,5.14,0.07,0.02,0.78,3.05,0.14,0.04,NA,0.19,0.16,0.07,0.02,0.13,0.04,0.71,NA,0.05,0.75,0.54,0.44,0.29,NA,0.08,0.27,0.03,0.05,1,0.07,0.23,13.58,0.09,0.01,0.14,NA,0.07,0.09,0.03,0.64,22.08,0.05,0.37,NA,0.66,0.02,24.89,NA,18557.82,"C:/Users/freya/OneDrive - Dalhousie University/Ch 1/Freya_Scallops/SCAL_Freya_06-26_2025-11-14.csv",NA,NA,NA,NA,NA,NA
"57","2025\06\26\SCAL_0230.DATA",0.8,5217.1,NA,NA,100.5,0.1,NA,NA,4,1.2,56.7,20.7,1918.3,33.8,10.7,93,21.7,NA,71,3.6,8.6,6.4,3,69.9,57.4,1.6,8.6,3.4,4.1,608,NA,1.5,84.6,315.7,19.8,9.7,NA,25.4,17.7,11.5,1.9,16.9,5.3,96.6,NA,5.1,84.8,66.8,52.6,29.1,NA,8.7,33.3,5.7,6.4,153.2,8.3,17.7,1853.7,8.4,4.4,12.9,NA,7.7,10.7,4.2,99.9,2279.5,7.5,58.6,NA,85.3,1.1,3471.3,NA,50.5,313025.2,NA,NA,6029.2,4.1,NA,NA,239.3,70,3401.9,1244.1,115095.8,2028.1,643.6,5577.6,1304.3,NA,4262.2,217.6,516,384.3,178.2,4195.1,3442.8,93.4,515.8,201.5,248.6,36481.4,NA,92.2,5076.4,18942.8,1189.1,582,NA,1526,1062.2,687.9,114.5,1014.3,316.6,5793.2,NA,303.3,5086.4,4005.3,3158.9,1746.7,NA,521.6,2000.9,339,385.6,9194.5,495.5,1059.3,111220.1,501.3,266.2,773.3,NA,461.3,642.5,250.6,5993.9,136767.1,452.6,3515.1,NA,5118.3,66.9,208275.4,NA,0.01,0,NA,NA,0.89,0,NA,NA,0.03,0.01,0.5,0.18,16.38,0.29,0.09,0.8,0.19,NA,0.6,0.03,0.07,0.05,0.03,0.59,0.5,0.01,0.07,0.03,0.04,5.01,NA,0.01,0.7,2.61,0.16,0.08,NA,0.21,0.15,0.09,0.02,0.14,0.04,0.79,NA,0.04,0.68,0.54,0.42,0.23,NA,0.07,0.27,0.05,0.05,1.22,0.07,0.14,14.8,0.07,0.04,0.1,NA,0.06,0.09,0.03,0.8,18.2,0.06,0.46,NA,0.67,0.01,26.65,NA,17881.99,"C:/Users/freya/OneDrive - Dalhousie University/Ch 1/Freya_Scallops/SCAL_Freya_06-26_2025-11-14.csv",NA,NA,NA,NA,NA,NA
"58","2025\06\26\SCAL_0231.DATA",0.3,5227.9,NA,NA,119.8,NA,NA,NA,4.7,1.2,56.6,24.8,1893,31,12,108.6,25,NA,67.3,4.7,10.9,7.1,4.4,66.1,59.6,NA,6.6,4.1,3.9,656,NA,2.1,75.6,393.6,23.2,9.5,NA,22.3,27.9,10.5,2.1,16.9,5.4,92.6,4.1,4.8,101,79.5,53.5,36.3,NA,8,39.8,6.8,6.2,128.9,12.8,21.9,1932,12.3,5,19.7,NA,9.5,11,5.7,110.2,2586,7,43.7,NA,112.1,1.9,3350.8,5.1,18.5,313676.9,NA,NA,7190,NA,NA,NA,284.2,71.1,3394.2,1486,113581.1,1858.6,717.8,6516.1,1497,NA,4036.6,283.6,653,427.5,263,3964.1,3578.2,NA,396.3,243.9,233.6,39362,NA,126.2,4535.7,23614.9,1393.5,572,NA,1338.2,1674,627,128.3,1011.2,326.4,5555,246.4,289.4,6059.2,4768.3,3209.3,2177.2,NA,480.7,2390.6,405.2,373.3,7732.8,766.9,1315,115919.5,738.3,301.5,1183.1,NA,569.7,657.1,341,6609,155162,419.7,2619.8,NA,6728.7,111.6,201049.1,304.4,0,0,NA,NA,1.01,NA,NA,NA,0.04,0.01,0.48,0.2,15.52,0.26,0.1,0.9,0.21,NA,0.55,0.04,0.09,0.05,0.04,0.54,0.5,NA,0.05,0.03,0.03,5.18,NA,0.02,0.6,3.13,0.18,0.08,NA,0.18,0.22,0.08,0.02,0.13,0.04,0.73,0.03,0.04,0.78,0.62,0.41,0.28,NA,0.06,0.31,0.05,0.05,0.99,0.1,0.17,14.81,0.09,0.04,0.15,NA,0.07,0.08,0.04,0.84,19.82,0.05,0.33,NA,0.84,0.01,24.69,0.04,18471.35,"C:/Users/freya/OneDrive - Dalhousie University/Ch 1/Freya_Scallops/SCAL_Freya_06-26_2025-11-14.csv",NA,NA,NA,NA,NA,NA
"59","2025\06\26\SCAL_0232.DATA",4.4,5545.4,1.7,NA,103.5,NA,NA,NA,4.2,NA,59.1,19.2,2244.5,31,15,95.4,24.8,NA,56.5,3.8,15,5.8,2.7,69.3,49.2,NA,9.5,3.8,4.3,721.6,NA,3.5,111.8,475.9,26.9,9,NA,27.4,24.9,11,3.5,20.6,5,135,5.9,5.5,92.8,85.6,59.9,42.2,NA,8.4,42.6,7.1,7.4,116.6,14.5,35.3,2005.3,10.6,NA,14,NA,7.6,12.7,3.8,115.1,2640.4,5.9,47.2,NA,103.8,1.9,3718.7,NA,262.1,332722.3,102.4,NA,6208.9,NA,NA,NA,251.2,NA,3544.6,1154.9,134670.4,1862.7,902.7,5721.5,1487.9,NA,3389.2,228.9,899.1,349.5,163.3,4157.5,2949.7,NA,571.4,226.9,255.4,43294.1,NA,212.9,6708.1,28556.8,1615.3,538.2,NA,1642.1,1494,658.9,208,1235.5,299.3,8097.2,353.4,329.3,5565.7,5135.8,3593.6,2529.8,NA,506.5,2555.9,426,441.3,6994.8,871.1,2117.8,120317.6,637.4,NA,841.7,NA,458.3,760,229,6904.6,158425.5,355,2833,NA,6227.8,116.7,223124.1,NA,0.03,0,0.01,NA,0.81,NA,NA,NA,0.03,NA,0.46,0.15,17.03,0.24,0.11,0.73,0.19,NA,0.42,0.03,0.11,0.04,0.02,0.52,0.38,NA,0.07,0.03,0.03,5.28,NA,0.03,0.82,3.5,0.2,0.07,NA,0.2,0.18,0.08,0.03,0.15,0.04,0.99,0.04,0.04,0.66,0.61,0.43,0.3,NA,0.06,0.3,0.05,0.05,0.83,0.1,0.25,14.23,0.08,NA,0.1,NA,0.05,0.09,0.03,0.82,18.74,0.04,0.33,NA,0.72,0.01,25.37,NA,19752.99,"C:/Users/freya/OneDrive - Dalhousie University/Ch 1/Freya_Scallops/SCAL_Freya_06-26_2025-11-14.csv",NA,NA,NA,NA,NA,NA
"60","2025\06\26\SCAL_0233.DATA",4,4612,NA,NA,90.8,NA,NA,NA,3.4,NA,55,19.7,1746.8,28,9.7,73.4,21,NA,56.7,2.6,13.2,4.8,NA,61.7,49.1,1.9,7.1,3.9,3.4,562.2,NA,3.2,81.8,318.3,20.4,9.6,NA,27.5,16.8,2.7,NA,22.6,4.9,103.6,NA,3.7,75.4,63.8,38.6,27.6,NA,8.5,33.5,4.8,5.7,118.8,9.4,20.4,1734,7.1,NA,15.8,NA,6.7,7.1,3.9,97.6,2120.7,6.8,40.9,2.1,89.8,1.7,2961.4,NA,239,276717.2,NA,NA,5447.6,NA,NA,NA,202,NA,3299,1181.1,104806.6,1682.6,579.6,4402.3,1257.9,NA,3403.2,153.4,792.9,285.6,NA,3704.9,2946.5,115.8,423.7,233.2,205.5,33730.8,NA,190.5,4906.6,19097.9,1225.6,575.9,NA,1652.6,1006.4,160.4,NA,1356.9,295,6214,NA,219.3,4521.1,3825.2,2318.5,1654,NA,508.2,2011.8,286.1,342.5,7131,563.8,1223.9,104040,424.9,NA,945.7,NA,402.8,428.4,232.8,5855.7,127239.4,406.5,2456.7,124.8,5390.2,100.2,177686.3,NA,0.04,0,NA,NA,0.89,NA,NA,NA,0.03,NA,0.53,0.19,16.5,0.27,0.09,0.7,0.2,NA,0.53,0.02,0.12,0.04,NA,0.58,0.47,0.02,0.06,0.04,0.03,5.12,NA,0.03,0.75,2.91,0.19,0.09,NA,0.25,0.15,0.02,NA,0.21,0.04,0.94,NA,0.03,0.67,0.57,0.34,0.24,NA,0.08,0.3,0.04,0.05,1.05,0.08,0.18,15.31,0.06,NA,0.14,NA,0.06,0.06,0.03,0.86,18.73,0.06,0.35,0.02,0.78,0.01,25.14,NA,15992.84,"C:/Users/freya/OneDrive - Dalhousie University/Ch 1/Freya_Scallops/SCAL_Freya_06-26_2025-11-14.csv",NA,NA,NA,NA,NA,NA
"61","2025\06\26\SCAL_0234.DATA",5.4,5234.1,1.2,NA,105.1,NA,NA,NA,4.2,NA,63.1,21,2043.4,35.3,16.7,92.5,28,NA,61.7,3.8,11.1,5.4,2.4,71.2,62.2,1.5,10.8,4,4.1,628.6,11.5,3.6,130,456.1,26.3,9.3,NA,28.1,23.1,10.9,3.5,22,4.8,141.1,4.4,5.7,96.1,79.9,54.6,35.7,0.2,8.8,45.4,6.8,6.1,123.4,15.4,29.9,1982.5,9.7,NA,23.5,NA,8.4,12.6,4.9,99.5,2444.9,6.6,53.9,NA,99.9,1.3,3777,NA,326.6,314044.5,71.6,NA,6304.1,NA,NA,NA,254.6,NA,3783.3,1262.8,122602.1,2115.2,1001.4,5550.9,1681,NA,3700.8,230.3,667,323.8,144.2,4271.7,3730.9,90,646,241.4,247.8,37717.2,691.6,215.5,7799.5,27363.2,1576.7,555.8,NA,1684.3,1383.6,656.4,212.3,1319.6,286.7,8468.4,264,343.7,5766.9,4793.6,3273.7,2141.6,10.6,525.7,2726.3,405.8,368.6,7406.1,926.9,1794.6,118952.6,581.6,NA,1411.5,NA,503.6,755.7,291.1,5971.6,146696.5,395.9,3235.8,NA,5994.5,79.2,226617.7,NA,0.04,0,0.01,NA,0.85,NA,NA,NA,0.03,NA,0.51,0.16,16,0.28,0.13,0.73,0.22,NA,0.48,0.03,0.09,0.04,0.02,0.55,0.49,0.01,0.08,0.03,0.03,4.75,0.09,0.03,0.99,3.46,0.2,0.07,NA,0.21,0.17,0.08,0.03,0.17,0.04,1.07,0.03,0.04,0.71,0.59,0.4,0.26,0,0.06,0.33,0.05,0.05,0.9,0.11,0.22,14.52,0.07,NA,0.17,NA,0.06,0.09,0.04,0.73,17.9,0.05,0.39,NA,0.72,0.01,26.6,NA,19021.87,"C:/Users/freya/OneDrive - Dalhousie University/Ch 1/Freya_Scallops/SCAL_Freya_06-26_2025-11-14.csv",NA,NA,NA,NA,NA,NA
"62","2025\08\13\SCAL_0236.DATA",1.2,2390,1.6,NA,144.3,NA,NA,NA,5.3,NA,85,30,2588.3,42,19.6,133.2,34.2,NA,75.3,16.9,10.5,5.1,4.5,76.4,95.8,NA,12,NA,10.4,820.8,NA,3.2,126.6,599.1,16.8,2.1,NA,32.3,28,2.2,NA,26.7,NA,186.6,6.1,2.7,106.8,76.4,9.4,NA,NA,11.3,49.8,4,6.6,173,15.5,36.8,2446.1,1.4,NA,NA,NA,8,15.5,3.5,128.2,3236.2,NA,64.7,NA,121.7,NA,4311.6,NA,74.4,143401.7,97.1,NA,8656.7,NA,NA,NA,317.6,NA,5100.5,1798.4,155296.2,2519.5,1178.4,7989.5,2049.2,NA,4518.9,1014.9,631,305.8,271.9,4581.5,5750,NA,718.4,NA,623.2,49250.7,NA,190.3,7597.6,35943.4,1006.6,124.1,NA,1936.7,1679.8,130.3,NA,1605,NA,11198.2,364.7,164.4,6409.2,4583.5,565.7,NA,NA,676.3,2989.5,239.5,395.5,10377.5,930.6,2209.1,146764.2,85.8,NA,NA,NA,479.9,929.5,207.5,7694.3,194169.9,NA,3881.1,NA,7300.4,NA,258694.9,NA,0.01,0,0.01,NA,0.95,NA,NA,NA,0.03,NA,0.56,0.19,16.58,0.27,0.13,0.86,0.22,NA,0.48,0.11,0.07,0.03,0.03,0.48,0.62,NA,0.07,NA,0.07,5.07,NA,0.02,0.79,3.72,0.1,0.01,NA,0.2,0.17,0.01,NA,0.17,NA,1.15,0.04,0.02,0.65,0.46,0.06,NA,NA,0.07,0.3,0.02,0.04,1.04,0.09,0.22,14.65,0.01,NA,NA,NA,0.05,0.09,0.02,0.77,19.38,NA,0.38,NA,0.71,NA,24.83,NA,19000.96,"C:/Users/freya/OneDrive - Dalhousie University/Ch 1/Freya_Scallops/SCAL_Freya_09-25_2025-11-14.csv",208.6,281,12516.9,16859,1.25,1.68
"63","2025\08\13\SCAL_0237.DATA",3.3,2367.1,1.3,NA,138.1,NA,NA,NA,5.5,0.8,69.7,23.4,2485.3,35.6,16.2,164.7,31.1,NA,75.9,9.1,12,6.1,5.6,71.4,88.7,NA,13.6,NA,5.5,897.1,NA,1.6,150.6,583.8,16.5,1.7,NA,29.9,38.1,3.4,5.4,25.4,NA,210.4,6.4,3.2,106.3,91.7,NA,147.7,11.6,NA,46.5,7.6,6.4,141.5,16.9,36.6,2578.1,2.7,NA,3,NA,8.1,13.9,3.9,151.2,2763.2,16.9,54.7,NA,129.7,NA,3902.7,NA,196.8,142024.8,75.7,NA,8288.1,NA,NA,NA,332.7,50.1,4184.2,1404.4,149117.2,2133.3,973,9881.1,1865.6,NA,4556.5,547.3,722.8,365,333.4,4282.5,5321.6,NA,815.3,NA,329.1,53824.6,NA,95.6,9033.6,35029.6,991.2,104.6,NA,1793.2,2286.1,203.3,324.7,1521.8,NA,12625.5,382.3,191.4,6380.7,5501.7,NA,8860.7,698,NA,2787,457.4,384.6,8487.7,1014.2,2193.9,154687.7,160.8,NA,180.4,NA,488.7,832.7,236.1,9072.2,165790.5,1016.4,3281.1,NA,7782.6,NA,234164.1,NA,0.02,0,0.01,NA,0.94,NA,NA,NA,0.04,0.01,0.47,0.15,16.38,0.24,0.11,1.09,0.21,NA,0.5,0.06,0.08,0.04,0.04,0.47,0.59,NA,0.08,NA,0.04,5.7,NA,0.01,0.96,3.73,0.11,0.01,NA,0.19,0.24,0.02,0.03,0.16,NA,1.34,0.04,0.02,0.66,0.57,NA,0.91,0.07,NA,0.29,0.05,0.04,0.87,0.1,0.23,15.89,0.02,NA,0.02,NA,0.05,0.09,0.02,0.93,17.03,0.1,0.33,NA,0.78,NA,23.13,NA,18517.47,"C:/Users/freya/OneDrive - Dalhousie University/Ch 1/Freya_Scallops/SCAL_Freya_09-25_2025-11-14.csv",272.1,327,16328.7,19619,1.68,2.02
"64","2025\08\13\SCAL_0238.DATA",1.7,903.1,NA,NA,76.5,NA,NA,NA,3.4,NA,35,15.7,1173.8,17.9,6.6,70.1,16,NA,43.8,10,3.2,NA,NA,36.6,43,NA,3.8,NA,2.9,321.8,NA,0.1,50.5,229,8.9,NA,NA,14.9,12.9,NA,NA,10.3,NA,65,NA,NA,50.3,47.9,NA,54.9,3.9,NA,20.5,NA,NA,81.3,4.5,7.5,1127.6,NA,NA,NA,NA,NA,3.1,NA,55.9,1986,NA,33.1,NA,53,NA,2042.3,NA,99.3,54184.6,NA,NA,4588,NA,NA,NA,206.6,NA,2099.2,941.5,70429.5,1076.2,395.8,4205,957.7,NA,2630.4,597.4,192.6,NA,NA,2193.8,2582.1,NA,227.4,NA,171.1,19305.6,NA,5,3032.2,13739.3,532.7,NA,NA,896.7,771.8,NA,NA,618.5,NA,3900.7,NA,NA,3016.6,2874.1,NA,3295,231.6,NA,1231.9,NA,NA,4880.1,272.2,447.4,67653.6,NA,NA,NA,NA,NA,185.1,NA,3356.5,119163,NA,1984.4,NA,3180.8,NA,122537.3,NA,0.02,0,NA,NA,1.04,NA,NA,NA,0.05,NA,0.47,0.21,15.47,0.24,0.09,0.93,0.21,NA,0.57,0.13,0.04,NA,NA,0.48,0.58,NA,0.05,NA,0.04,4.09,NA,0,0.65,2.92,0.11,NA,NA,0.19,0.16,NA,NA,0.13,NA,0.83,NA,NA,0.63,0.6,NA,0.68,0.05,NA,0.25,NA,NA,1,0.06,0.09,13.89,NA,NA,NA,NA,NA,0.04,NA,0.69,24.47,NA,0.4,NA,0.64,NA,24.2,NA,8996.94,"C:/Users/freya/OneDrive - Dalhousie University/Ch 1/Freya_Scallops/SCAL_Freya_09-25_2025-11-14.csv",97.4,116.7,5845.7,6999.2,1.2,1.44
"65","2025\08\13\SCAL_0240.DATA",3.1,918.2,NA,NA,69.4,NA,NA,NA,3.1,NA,34.6,14.1,1275.6,18.6,7.6,69.3,15.5,NA,42.6,9,7.4,1.5,NA,36.9,34.6,NA,4.5,NA,3.2,429,NA,0.1,65,253.9,9.3,NA,NA,14.6,16.8,0.6,NA,13.5,NA,113.7,NA,NA,44.5,39.7,16.5,NA,NA,NA,23,2,NA,66.5,7.6,18.8,1286.2,NA,NA,NA,NA,3.4,5.1,2.2,75.7,1608.4,NA,27.3,NA,55.6,NA,2096.8,NA,184.3,55090.2,NA,NA,4161.8,NA,NA,NA,184.9,NA,2077.5,845.7,76533.1,1116,457.7,4156.8,932.5,NA,2557,542.8,446.3,90.5,NA,2211.5,2075,NA,267.2,NA,192.4,25742.1,NA,3.5,3900.1,15233.7,555.3,NA,NA,875.2,1008.9,36.1,NA,809.2,NA,6823,NA,NA,2667.3,2381.8,992.3,NA,NA,NA,1377.5,118.6,NA,3987.4,453.1,1129.5,77170,NA,NA,NA,NA,202.5,308.5,130.7,4540.4,96503.5,NA,1640.7,NA,3336,NA,125808.6,NA,0.04,0,NA,NA,0.93,NA,NA,NA,0.04,NA,0.46,0.18,16.47,0.24,0.1,0.9,0.2,NA,0.54,0.12,0.1,0.02,NA,0.47,0.45,NA,0.05,NA,0.04,5.34,NA,0,0.81,3.18,0.12,NA,NA,0.18,0.21,0.01,NA,0.17,NA,1.42,NA,NA,0.54,0.48,0.2,NA,NA,NA,0.28,0.02,NA,0.8,0.09,0.23,15.53,NA,NA,NA,NA,0.04,0.06,0.03,0.91,19.42,NA,0.32,NA,0.66,NA,24.34,NA,9150.96,"C:/Users/freya/OneDrive - Dalhousie University/Ch 1/Freya_Scallops/SCAL_Freya_09-25_2025-11-14.csv",122.2,149,7334.9,8938.9,1.48,1.8
"66","2025\08\13\SCAL_0241.DATA",1.3,3131.1,2.1,NA,158,3.4,NA,NA,8.2,2.3,72.4,42.5,2658.2,39.3,18.7,140.5,35.2,NA,79.9,9.8,9.9,8.6,6.4,82.3,81.3,NA,12.4,NA,9,810.9,NA,1.9,151.8,524.8,20.6,1.8,NA,31.8,35.2,2.2,6.8,30.8,6.3,204,10.2,4.3,89.3,93.4,NA,138.9,NA,10.9,42.6,6.2,5.3,139.4,18,35.5,2652.4,3.2,NA,3.4,NA,7.2,12.3,6.4,138.1,3548.5,17.6,63.2,NA,107.6,NA,4014.4,NA,78.4,187866.6,129,NA,9479.5,206,NA,NA,489.5,139,4343.9,2552.6,159490.3,2360.4,1119.4,8427.3,2112.4,NA,4792.6,589.8,591.3,514,383.9,4938.5,4876.4,NA,743.4,NA,538.9,48653.4,NA,116.9,9106.4,31489.5,1234.3,105.8,NA,1906.5,2109.7,133.5,405.3,1846.2,377.2,12240.2,613.8,255.9,5358,5604.5,NA,8332.1,NA,655.6,2558.2,370.2,316,8363.6,1082.6,2132.9,159144.2,194.7,NA,202.4,NA,432.5,736.1,382.9,8288,212911,1056.9,3794.1,NA,6455.7,NA,240865.3,NA,0.01,0,0.01,NA,1.02,0.02,NA,NA,0.05,0.01,0.47,0.27,16.63,0.25,0.12,0.88,0.22,NA,0.49,0.06,0.06,0.05,0.04,0.51,0.52,NA,0.07,NA,0.06,4.89,NA,0.01,0.92,3.18,0.12,0.01,NA,0.19,0.21,0.01,0.04,0.19,0.04,1.23,0.06,0.03,0.53,0.55,NA,0.82,NA,0.06,0.25,0.04,0.03,0.82,0.11,0.21,15.51,0.02,NA,0.02,NA,0.04,0.07,0.04,0.81,20.75,0.1,0.36,NA,0.62,NA,22.57,NA,20169.65,"C:/Users/freya/OneDrive - Dalhousie University/Ch 1/Freya_Scallops/SCAL_Freya_09-25_2025-11-14.csv",223.8,241.8,13426.5,14509.1,1.31,1.41
"67","2025\08\13\SCAL_0289_1.DATA",3.6,3317.1,NA,NA,91.3,NA,NA,NA,4.4,1.2,47.6,25.7,1548.4,23.8,10.5,85.7,19.9,NA,44.7,11.4,9.1,4.8,2.6,51.5,72.7,NA,8.7,NA,4.5,460.3,NA,0.1,75.5,305.8,11.4,1.6,NA,18.8,12.7,4.6,NA,17.3,NA,104.6,NA,NA,50.5,49.7,14.6,NA,3.6,NA,27.7,NA,NA,90,7.8,15.7,1555.7,NA,NA,NA,NA,5.7,7.8,NA,69.2,2152.2,NA,39.5,NA,73.9,NA,3134.1,NA,214.8,199027,NA,NA,5476.8,NA,NA,NA,265.9,69.6,2854,1544.6,92902.5,1426.7,631.7,5140.3,1193.6,NA,2684.7,686.4,548,288.8,158.3,3089.2,4359.6,NA,524,NA,268.8,27619.5,NA,6,4530.1,18348.5,683.8,94.4,NA,1129.8,760.8,274.2,NA,1037,NA,6275.1,NA,NA,3032.9,2982.8,874.5,NA,218.9,NA,1664.5,NA,NA,5401,468.6,940.1,93343.1,NA,NA,NA,NA,339.4,468,NA,4154,129133.8,NA,2369.5,NA,4434.3,NA,188045.4,NA,0.03,0,NA,NA,0.94,NA,NA,NA,0.05,0.01,0.49,0.26,15.42,0.24,0.11,0.86,0.2,NA,0.44,0.11,0.09,0.04,0.03,0.51,0.74,NA,0.08,NA,0.04,4.42,NA,0,0.73,2.95,0.11,0.02,NA,0.18,0.12,0.04,NA,0.17,NA,1,NA,NA,0.48,0.47,0.14,NA,0.03,NA,0.26,NA,NA,0.84,0.07,0.15,14.49,NA,NA,NA,NA,0.05,0.07,NA,0.64,20.04,NA,0.36,NA,0.67,NA,28.06,NA,14006.71,"C:/Users/freya/OneDrive - Dalhousie University/Ch 1/Freya_Scallops/SCAL_Freya_09-25_2025-11-14.csv",152,145.1,9118.5,8704.7,1.42,1.35
"68","2025\08\13\SCAL_0289_2.DATA",3.7,3489.6,1.1,NA,96.8,NA,NA,NA,5.1,1.2,51.4,22.8,1633.5,25.3,11.4,91.1,22.1,NA,55.9,12.4,8.1,3.3,NA,53.7,75,NA,8.1,NA,3.7,479.4,NA,0.1,78.9,318.4,11.6,1.8,NA,19.7,13.7,3.4,NA,17.8,NA,109.4,NA,NA,55.7,61.2,NA,69.1,4.1,NA,29.8,NA,2.4,93.4,6.8,16,1611.5,1.7,NA,NA,NA,5.9,8.6,NA,72.4,2216.1,NA,41.3,NA,75.2,NA,3226.4,NA,221.5,209375.2,69,NA,5810.4,NA,NA,NA,303.7,74.4,3084.9,1371,98011.7,1519.1,684.6,5466.8,1325.3,NA,3354.9,742.6,488.4,199.5,NA,3219.6,4500.2,NA,483.3,NA,220.4,28766.9,NA,6.2,4733,19102.8,695.3,110,NA,1180.3,822.3,201.1,NA,1069.8,NA,6563.8,NA,NA,3344.4,3669.7,NA,4143.6,243.8,NA,1788.4,NA,141.8,5602.6,409.3,960.3,96692.1,102.3,NA,NA,NA,353.9,514.8,NA,4342.9,132965.5,NA,2475.5,NA,4510.3,NA,193582.3,NA,0.03,0,0.01,NA,0.95,NA,NA,NA,0.05,0.01,0.5,0.22,15.57,0.24,0.11,0.87,0.21,NA,0.53,0.12,0.08,0.03,NA,0.51,0.73,NA,0.07,NA,0.04,4.41,NA,0,0.73,2.94,0.11,0.02,NA,0.18,0.13,0.03,NA,0.16,NA,1.01,NA,NA,0.5,0.55,NA,0.62,0.04,NA,0.27,NA,0.02,0.83,0.06,0.14,14.36,0.02,NA,NA,NA,0.05,0.08,NA,0.65,19.75,NA,0.36,NA,0.66,NA,27.65,NA,14680.82,"C:/Users/freya/OneDrive - Dalhousie University/Ch 1/Freya_Scallops/SCAL_Freya_09-25_2025-11-14.csv",158.9,156.1,9531.7,9365.6,1.42,1.39
"69","2025\08\13\SCAL_0290.DATA",3.6,2676.9,1.4,NA,85.8,2.5,NA,NA,4,1,43.5,17.3,1298.5,22,8.4,65.7,18.8,NA,50.5,11.1,4.6,3.4,NA,43.5,63.8,NA,5.3,NA,3.7,413.6,NA,0.1,51.7,255.3,8.1,1.7,NA,16.1,11,2.6,NA,12.1,NA,61,NA,NA,60.3,49.8,NA,68.7,NA,5.3,23.7,NA,NA,94.9,5.8,13.6,1298.6,NA,NA,NA,NA,3.3,NA,NA,65,2160.3,NA,36.9,NA,66,NA,2432.8,NA,216,160615.8,81.8,NA,5149.3,147.8,NA,NA,241.7,59.5,2610.3,1038.6,77911.6,1322,503.2,3944.9,1130.5,NA,3028.5,664.7,276.1,201.6,NA,2609.4,3825,NA,320.9,NA,224.3,24816.1,NA,5,3102.9,15320,485.1,99.8,NA,964.4,658.9,158.3,NA,727.9,NA,3659.4,NA,NA,3616.8,2986.4,NA,4119.3,NA,316.8,1421.5,NA,NA,5696.8,350.6,815.4,77917.8,NA,NA,NA,NA,195.6,NA,NA,3897.3,129620.1,NA,2215.1,NA,3962.9,NA,145967.6,NA,0.04,0,0.02,NA,1.01,0.03,NA,NA,0.05,0.01,0.51,0.2,14.83,0.25,0.1,0.75,0.22,NA,0.57,0.13,0.05,0.04,NA,0.49,0.74,NA,0.06,NA,0.04,4.55,NA,0,0.57,2.83,0.09,0.02,NA,0.18,0.12,0.03,NA,0.13,NA,0.67,NA,NA,0.65,0.54,NA,0.74,NA,0.06,0.25,NA,NA,1.01,0.06,0.15,13.87,NA,NA,NA,NA,0.03,NA,NA,0.69,23.07,NA,0.39,NA,0.69,NA,24.98,NA,12008.96,"C:/Users/freya/OneDrive - Dalhousie University/Ch 1/Freya_Scallops/SCAL_Freya_09-25_2025-11-14.csv",156.4,172.7,9382,10362.1,1.67,1.84
"70","2025\08\13\SCAL_0291.DATA",1.8,2952.5,NA,NA,66.5,NA,NA,NA,2.7,NA,37.1,16.7,1100.6,18.3,7.3,64.5,14.7,NA,34.2,6.7,8.6,NA,NA,29.7,61.2,NA,5.2,NA,2.2,308.6,NA,0.1,57,273,5.7,NA,NA,14.3,7.6,NA,NA,7.3,NA,47.1,NA,NA,45.4,35.8,NA,48.2,NA,5.3,19,NA,NA,70.6,3.1,8.2,963.6,NA,NA,NA,NA,3.5,5.4,NA,44.8,1486.9,NA,24.8,NA,46.5,NA,2010.3,NA,105.9,177152,NA,NA,3988.9,NA,NA,NA,164.2,NA,2227.2,1000.5,66034.2,1099,437.4,3868.8,880.2,NA,2049.2,403.4,514.7,NA,NA,1781.1,3674.2,NA,310.2,NA,130.6,18517.5,NA,4.5,3420.6,16380.2,340.5,NA,NA,859.8,456.8,NA,NA,439.6,NA,2827.6,NA,NA,2723.3,2147.5,NA,2889.8,NA,318.6,1138,NA,NA,4234.7,184.3,492.5,57815.4,NA,NA,NA,NA,208.3,321.8,NA,2686.8,89212.9,NA,1486.5,NA,2787.3,NA,120616,NA,0.02,0,NA,NA,1,NA,NA,NA,0.04,NA,0.55,0.24,16.01,0.27,0.11,0.94,0.21,NA,0.49,0.1,0.12,NA,NA,0.43,0.91,NA,0.07,NA,0.03,4.33,NA,0,0.8,3.85,0.08,NA,NA,0.2,0.11,NA,NA,0.1,NA,0.66,NA,NA,0.62,0.49,NA,0.66,NA,0.07,0.26,NA,NA,0.96,0.04,0.11,13.1,NA,NA,NA,NA,0.05,0.07,NA,0.61,20.22,NA,0.33,NA,0.62,NA,26.29,NA,10273.43,"C:/Users/freya/OneDrive - Dalhousie University/Ch 1/Freya_Scallops/SCAL_Freya_09-25_2025-11-14.csv",123.9,156.6,7433.2,9393.2,1.68,2.13
"71","2025\08\13\SCAL_0292.DATA",1.9,3241.7,1.3,NA,105.7,NA,NA,NA,4.8,0.9,48.4,29.1,1299.5,23.3,8.3,76.2,19.6,NA,46,9.4,5.6,2.6,NA,37.1,85.9,NA,5.3,NA,NA,364.1,NA,1.6,66.4,287.7,8.1,1.9,NA,17.4,9.5,NA,NA,13,NA,76.2,NA,NA,57.5,50,18.5,42.6,NA,5.1,23.6,NA,NA,83.3,4.2,10.9,1190.6,NA,NA,NA,NA,5.6,7.9,NA,48.2,1724.4,NA,30,NA,60,NA,2497.5,NA,112.8,194501.5,76,NA,6342.6,NA,NA,NA,287.9,56.9,2901.2,1746.4,77970.5,1398,495.3,4569.9,1177.7,NA,2761.3,566.2,334.5,157.8,NA,2225.8,5154.3,NA,317.9,NA,NA,21844.6,NA,97.8,3985.7,17260.9,486.9,113.2,NA,1041,571.2,NA,NA,778.6,NA,4574,NA,NA,3448.5,2997.1,1111.2,2554.7,NA,308.1,1414.9,NA,NA,4998.6,251.7,653.5,71434.5,NA,NA,NA,NA,336.1,473.7,NA,2890.6,103464,NA,1802.9,NA,3600.6,NA,149850.2,NA,0.02,0,0.02,NA,1.31,NA,NA,NA,0.06,0.01,0.6,0.35,15.6,0.28,0.1,0.92,0.24,NA,0.55,0.11,0.07,0.03,NA,0.44,1.05,NA,0.06,NA,NA,4.21,NA,0.02,0.77,3.35,0.09,0.02,NA,0.2,0.11,NA,NA,0.15,NA,0.88,NA,NA,0.65,0.57,0.21,0.48,NA,0.06,0.27,NA,NA,0.94,0.05,0.12,13.37,NA,NA,NA,NA,0.06,0.09,NA,0.54,19.36,NA,0.33,NA,0.66,NA,26.96,NA,12093.99,"C:/Users/freya/OneDrive - Dalhousie University/Ch 1/Freya_Scallops/SCAL_Freya_09-25_2025-11-14.csv",144.6,182.6,8676.9,10958.4,1.62,2.05
"72","2025\08\13\SCAL_0293.DATA",1.2,3048,NA,NA,75.2,NA,NA,NA,3.2,NA,39.4,15.5,1235.2,19,9.2,84.9,15.9,NA,40.6,9.2,10,2,NA,39.3,49.3,NA,6.4,NA,2.3,372.9,NA,0.1,79.9,292.8,8.9,NA,NA,18.4,14,NA,NA,13.9,NA,96.4,NA,NA,49.2,43.3,10.4,NA,3.2,NA,27.4,NA,NA,66.9,6.6,13.6,1202.3,NA,NA,NA,NA,4.4,7.6,NA,61.5,1180.2,NA,30.8,NA,61.5,NA,2363.8,NA,72,182877,NA,NA,4509.5,NA,NA,NA,194.7,NA,2365.7,929.5,74113.7,1137.1,549,5091,953.4,NA,2437.5,552.9,597.9,117.8,NA,2357.8,2956.2,NA,382.3,NA,140.9,22375.9,NA,6,4796,17565.6,533.4,NA,NA,1103,840.7,NA,NA,831.6,NA,5782.2,NA,NA,2949.6,2595.8,626.7,NA,194.2,NA,1641.6,NA,NA,4011.7,394.3,814.9,72140,NA,NA,NA,NA,262.9,453.1,NA,3692.4,70810.5,NA,1850.7,NA,3690.6,NA,141826.7,NA,0.01,0,NA,NA,1.03,NA,NA,NA,0.04,NA,0.54,0.21,16.46,0.25,0.12,1.14,0.21,NA,0.54,0.12,0.13,0.02,NA,0.52,0.67,NA,0.08,NA,0.03,4.79,NA,0,1.03,3.78,0.11,NA,NA,0.24,0.18,NA,NA,0.18,NA,1.24,NA,NA,0.62,0.54,0.13,NA,0.04,NA,0.34,NA,NA,0.83,0.08,0.17,14.98,NA,NA,NA,NA,0.05,0.09,NA,0.77,14.7,NA,0.38,NA,0.75,NA,28.32,NA,11022.1,"C:/Users/freya/OneDrive - Dalhousie University/Ch 1/Freya_Scallops/SCAL_Freya_09-25_2025-11-14.csv",140.4,141.3,8426,8477.7,1.75,1.76
"73","2025\08\13\SCAL_0294.DATA",1,3926.9,1.2,NA,98.8,NA,NA,NA,5.3,1.4,53.2,29.8,1739.4,28,10.6,97.9,26.8,NA,69,16.5,8.8,8.4,5.2,59.5,77.8,NA,6.7,NA,5.4,524.8,NA,0.3,67.8,312.8,15.7,7.5,NA,20.6,12.1,3.4,NA,18.7,3.4,102.1,NA,NA,54.9,54.8,15.1,NA,4,NA,34.5,NA,NA,126.4,8.8,12.7,1843.3,NA,NA,NA,NA,5.4,6.1,NA,78.6,1958.2,NA,44.1,NA,77.4,NA,3425,NA,62.4,235617,74.5,NA,5927.1,NA,NA,NA,320.9,83.9,3195,1787.4,104363.1,1678.8,633.4,5875,1609.8,NA,4142.3,990.4,526.9,505.3,310.9,3569.7,4668.1,NA,399.8,NA,321.2,31487.3,NA,16,4066.7,18768.6,939.6,448.9,NA,1236.5,726.4,205.4,NA,1121.7,205.2,6125.1,NA,NA,3296.6,3286.5,907.2,NA,237.9,NA,2068.4,NA,NA,7582.8,530.4,761.2,110598,NA,NA,NA,NA,326.9,367.2,NA,4717,117494.7,NA,2648.3,NA,4643.2,NA,205501.8,NA,0.01,0,0.01,NA,0.94,NA,NA,NA,0.05,0.01,0.5,0.27,16.01,0.26,0.1,0.91,0.25,NA,0.63,0.15,0.08,0.07,0.05,0.54,0.73,NA,0.06,NA,0.05,4.66,NA,0,0.6,2.79,0.14,0.07,NA,0.18,0.11,0.03,NA,0.17,0.03,0.91,NA,NA,0.48,0.48,0.13,NA,0.03,NA,0.3,NA,NA,1.09,0.08,0.11,15.86,NA,NA,NA,NA,0.05,0.05,NA,0.68,16.85,NA,0.37,NA,0.65,NA,28.34,NA,15509.38,"C:/Users/freya/OneDrive - Dalhousie University/Ch 1/Freya_Scallops/SCAL_Freya_09-25_2025-11-14.csv",193.3,166.2,11597.3,9970.5,1.66,1.43
"74","2025\08\13\SCAL_0295.DATA",4.8,6032.6,2.6,NA,142.6,2.8,NA,NA,6.2,1.1,76.3,35,2358.7,35.2,16.6,97.7,29.3,NA,89.7,24.4,13.9,8.4,5.1,87.8,82.8,NA,13.5,8.6,10.9,733.9,NA,2.9,112.6,479.3,26.4,10.2,NA,24.4,20.1,1,NA,16.3,NA,52.2,NA,3.3,88.2,107.1,NA,105.8,NA,7.3,45.4,3.1,5.1,148.7,15,28.2,2446.4,2.2,NA,2.6,NA,8.6,11.5,3.8,112.1,2335.2,13,62,NA,100.6,NA,4326.4,NA,288.8,361954.6,155.8,NA,8555.5,170.1,NA,NA,374.8,64.9,4576.2,2100,141521.4,2114.8,995.2,5863.2,1760.1,NA,5381.2,1465.1,835.3,503.6,305.4,5268.3,4967.6,NA,807.8,514.8,654.7,44031.4,NA,173.5,6757.6,28759.7,1583.1,613.2,NA,1463,1206.7,57.5,NA,980.8,NA,3132.1,NA,200.2,5290.5,6426.4,NA,6350.4,NA,441,2726.7,184.1,308.3,8920.7,898.3,1692.2,146785,133.6,NA,156.4,NA,515.1,687.6,230.6,6728,140111.1,779.6,3719.4,NA,6035.1,NA,259582.6,NA,0.03,0,0.02,NA,1.05,0.02,NA,NA,0.05,0.01,0.56,0.25,16.74,0.25,0.12,0.7,0.21,NA,0.63,0.17,0.1,0.06,0.04,0.62,0.6,NA,0.09,0.06,0.08,5.02,NA,0.02,0.77,3.3,0.18,0.07,NA,0.17,0.14,0.01,NA,0.11,NA,0.36,NA,0.02,0.59,0.72,NA,0.71,NA,0.05,0.3,0.02,0.03,0.99,0.1,0.19,16.24,0.01,NA,0.02,NA,0.06,0.08,0.03,0.74,15.5,0.08,0.4,NA,0.65,NA,27.61,NA,21055.66,"C:/Users/freya/OneDrive - Dalhousie University/Ch 1/Freya_Scallops/SCAL_Freya_09-25_2025-11-14.csv",186.1,157.8,11165.3,9469.8,1.24,1.05
"75","2025\08\13\SCAL_0296.DATA",3.2,3521.1,NA,NA,111.3,NA,NA,NA,4.3,1.1,60.5,22.2,1747.6,27.4,12.8,98.2,23,NA,65.2,15.8,7.2,3.7,NA,62.8,48.4,NA,8.1,4.8,9.9,588.7,NA,0.1,76.8,372.8,15,NA,NA,23.9,19.3,5.6,NA,18.8,NA,109.6,NA,NA,84.9,79.3,NA,88.9,8.2,NA,34.7,2.6,4,123.4,10.9,24.9,1925.2,1.6,NA,NA,NA,7.1,10.2,NA,93.6,2125.7,8.6,44.7,NA,98.9,NA,2973,NA,194.2,211267,NA,NA,6676.3,NA,NA,NA,260.3,65,3628.2,1331.4,104854.4,1644.8,768.7,5893,1381.6,NA,3913,946.8,431,222.9,NA,3770.3,2902.1,NA,487.3,287.7,593.8,35322.4,NA,3.5,4605.5,22369.2,899.8,NA,NA,1436.9,1157.9,334.7,NA,1127,NA,6573.1,NA,NA,5094.8,4758.6,NA,5335.6,492.7,NA,2082.2,153.5,239.5,7402.7,653.3,1491.5,115510.7,95.4,NA,NA,NA,426.5,613.1,NA,5613.5,127541.5,515.3,2683.6,NA,5934.3,NA,178378,NA,0.03,0,NA,NA,1.05,NA,NA,NA,0.04,0.01,0.57,0.2,15.97,0.25,0.12,0.9,0.21,NA,0.59,0.14,0.06,0.03,NA,0.57,0.45,NA,0.07,0.04,0.09,5.19,NA,0,0.68,3.3,0.13,NA,NA,0.21,0.17,0.05,NA,0.17,NA,0.97,NA,NA,0.73,0.68,NA,0.76,0.07,NA,0.3,0.02,0.03,1.05,0.09,0.21,16.45,0.01,NA,NA,NA,0.06,0.09,NA,0.8,18.16,0.07,0.37,NA,0.83,NA,24.43,NA,15161.52,"C:/Users/freya/OneDrive - Dalhousie University/Ch 1/Freya_Scallops/SCAL_Freya_09-25_2025-11-14.csv",141.3,150.1,8476.2,9005.8,1.21,1.28
"76","2025\08\13\SCAL_0297.DATA",0.9,7948.3,2.2,NA,164.4,NA,NA,NA,7.8,2.6,77.6,39,2462.6,36.4,17.4,143,32.4,NA,71.6,18.8,15.3,6.5,3.3,78.2,103.2,NA,15,9.5,9.7,782.9,NA,2.3,120.9,557.1,17.1,2.4,NA,28.6,20.4,9.7,NA,24.6,NA,147.4,NA,NA,82.8,91.1,10.3,NA,NA,5.9,46,NA,3.3,154.9,11.8,19.2,2333,3.7,6.5,NA,NA,9.2,12.9,4.1,91.9,2809.1,NA,52.2,NA,97.8,NA,4754.4,NA,56.4,476897.6,129.1,NA,9866.5,NA,NA,NA,466.3,156.9,4656.9,2339,147758.9,2184.5,1044.7,8581.7,1946.2,NA,4294,1126.2,918.6,391.8,196.2,4689.9,6193,NA,898.7,569,582.9,46974.7,NA,136,7252.2,33427.7,1024.7,143.2,NA,1713.4,1225,584.7,NA,1476.7,NA,8842,NA,NA,4970.7,5463.5,620.7,NA,NA,353.4,2759.5,NA,198,9296.6,710.6,1149.6,139980.3,220.7,391.6,NA,NA,554.2,776.7,247.3,5513.3,168544.1,NA,3134.3,NA,5869,NA,285261.9,NA,0.01,0,0.01,NA,1.13,NA,NA,NA,0.05,0.02,0.53,0.26,16.31,0.24,0.12,0.95,0.22,NA,0.47,0.12,0.1,0.04,0.02,0.51,0.69,NA,0.09,0.06,0.06,5,NA,0.01,0.78,3.58,0.11,0.02,NA,0.18,0.13,0.06,NA,0.16,NA,0.94,NA,NA,0.52,0.57,0.06,NA,NA,0.04,0.29,NA,0.02,0.96,0.07,0.12,14.45,0.02,0.04,NA,NA,0.06,0.08,0.03,0.57,17.4,NA,0.32,NA,0.59,NA,28.31,NA,24043.15,"C:/Users/freya/OneDrive - Dalhousie University/Ch 1/Freya_Scallops/SCAL_Freya_09-25_2025-11-14.csv",214.7,188.7,12884.7,11321.2,1.33,1.17
"77","2025\08\13\SCAL_0298.DATA",4.3,5960.9,1.6,NA,116.8,NA,NA,NA,5.1,1.2,61.5,28.8,1956.5,30.7,15.6,106,30.7,NA,70.1,17.7,11.8,7.8,5.1,65.2,85,NA,12.2,9.5,10.8,685.4,NA,1.8,91.2,426.4,16.2,2.7,NA,24.5,17.8,1.3,NA,22.4,NA,138.1,NA,2.4,75.3,77,NA,22,4.8,NA,39.2,NA,3.1,140.8,11.5,21.7,2028.9,1.8,NA,NA,NA,8.8,10.4,3,89.6,2448.2,NA,48.1,NA,88.8,NA,3804.6,NA,257.2,357651.7,98.2,NA,7005.7,NA,NA,NA,307.4,73.2,3689.6,1727.2,117391.6,1844.7,937.7,6362.7,1840.7,NA,4204.5,1060.8,709.3,467.1,306.3,3914.5,5097.4,NA,733.8,570.8,647.6,41126.8,NA,109.8,5473.5,25581.4,970.7,160.4,NA,1467.7,1067.3,79,NA,1342.4,NA,8284,NA,145.2,4517.2,4619.5,NA,1318,289.5,NA,2351,NA,187.9,8446.2,687.6,1299.1,121735.1,107.8,NA,NA,NA,526.2,623.7,181.6,5374.2,146891,NA,2887.7,NA,5328.3,NA,228275.8,NA,0.03,0,0.01,NA,0.96,NA,NA,NA,0.04,0.01,0.5,0.23,15.56,0.25,0.12,0.85,0.25,NA,0.55,0.14,0.09,0.06,0.04,0.51,0.69,NA,0.09,0.08,0.09,5.25,NA,0.01,0.7,3.28,0.12,0.02,NA,0.19,0.14,0.01,NA,0.17,NA,1.06,NA,0.02,0.57,0.58,NA,0.16,0.04,NA,0.29,NA,0.02,1.05,0.09,0.16,15.08,0.01,NA,NA,NA,0.07,0.08,0.02,0.67,18.2,NA,0.35,NA,0.65,NA,27.2,NA,19370.49,"C:/Users/freya/OneDrive - Dalhousie University/Ch 1/Freya_Scallops/SCAL_Freya_09-25_2025-11-14.csv",185,164.1,11101.3,9844.8,1.38,1.22
"78","2025\08\13\SCAL_0299_1.DATA",1,5663.3,1.5,NA,103.7,NA,NA,NA,4.7,0.8,57,28,1884.8,26,15.2,105.2,22.1,NA,67.5,14.1,13.9,5.9,2.7,57.3,59.1,NA,11,7.1,13,700.5,NA,1.5,101.2,394.5,14.7,NA,NA,22.9,15.2,2.9,NA,16.1,NA,95,NA,NA,84.9,93.1,NA,69.2,9,NA,31.1,NA,3.2,121.8,8.7,30.4,1958.1,1.7,NA,NA,NA,10.5,11.9,NA,87.3,2450.6,NA,41.8,NA,91.6,NA,3535.1,NA,58.2,339797.1,89.8,NA,6224.4,NA,NA,NA,283.7,50,3422.6,1681.2,113085.8,1560.5,913.8,6309.4,1327.6,NA,4051.7,845.5,832.7,354,159.4,3437.7,3548.1,NA,658.4,427.1,780.1,42031.3,NA,88.9,6072.6,23669.9,880.8,NA,NA,1375.7,911,176.2,NA,964.1,NA,5697.1,NA,NA,5093.6,5583.9,NA,4154.5,537.6,NA,1866.4,NA,189.6,7309.4,522.1,1826.9,117487.8,102.4,NA,NA,NA,627,712.7,NA,5235.6,147033.4,NA,2510.5,NA,5493.1,NA,212104.8,NA,0.01,0,0.01,NA,0.89,NA,NA,NA,0.04,0.01,0.49,0.23,15.62,0.22,0.13,0.88,0.18,NA,0.55,0.12,0.11,0.05,0.02,0.47,0.5,NA,0.09,0.06,0.11,5.6,NA,0.01,0.81,3.17,0.12,NA,NA,0.18,0.12,0.02,NA,0.13,NA,0.76,NA,NA,0.66,0.73,NA,0.54,0.07,NA,0.24,NA,0.02,0.94,0.07,0.24,15.18,0.01,NA,NA,NA,0.08,0.09,NA,0.68,18.99,NA,0.32,NA,0.7,NA,26.34,NA,18572.57,"C:/Users/freya/OneDrive - Dalhousie University/Ch 1/Freya_Scallops/SCAL_Freya_09-25_2025-11-14.csv",153.7,156.3,9222.8,9379.1,1.19,1.21
"79","2025\08\13\SCAL_0299_2.DATA",1.1,5713.6,1.5,NA,103.2,NA,NA,NA,4.7,1,56.4,28,1869.9,25.6,14.8,104.1,21.7,NA,65.8,13,13.2,3.2,NA,55.6,49.6,NA,7.9,5.7,12.3,696.4,NA,1.7,101.6,392,14.4,NA,NA,23.2,15.1,3.8,NA,15.8,NA,97.7,2.5,NA,83.7,90.4,NA,65.4,NA,9,31.2,NA,NA,120.8,8.8,30,1941.5,1.7,NA,NA,NA,10.1,12.4,2.7,87.2,2435.3,NA,41.2,NA,91.8,NA,3507.6,NA,67.8,342815,91.7,NA,6189.9,NA,NA,NA,284.7,58.3,3384.6,1677.4,112196,1538.7,889,6245.1,1301.7,NA,3950.5,778.3,793.8,190.8,NA,3336,2974.9,NA,473.4,339.9,735.9,41783.3,NA,103.9,6093.7,23520.2,864.4,NA,NA,1390.3,907.5,226.3,NA,950.5,NA,5862.8,149.3,NA,5019.2,5426.9,NA,3923.1,NA,538.2,1869.4,NA,NA,7248.8,526.6,1799.2,116488.8,101.2,NA,NA,NA,608.7,744.3,160.4,5231.5,146117,NA,2474.7,NA,5508.1,NA,210455.5,NA,0.01,0,0.01,NA,0.89,NA,NA,NA,0.04,0.01,0.48,0.23,15.63,0.22,0.12,0.87,0.18,NA,0.54,0.11,0.11,0.02,NA,0.46,0.42,NA,0.06,0.05,0.1,5.61,NA,0.01,0.82,3.17,0.12,NA,NA,0.19,0.12,0.03,NA,0.13,NA,0.79,0.02,NA,0.66,0.71,NA,0.51,NA,0.07,0.24,NA,NA,0.94,0.07,0.23,15.17,0.01,NA,NA,NA,0.08,0.1,0.02,0.68,19.03,NA,0.32,NA,0.7,NA,26.36,NA,18517.05,"C:/Users/freya/OneDrive - Dalhousie University/Ch 1/Freya_Scallops/SCAL_Freya_09-25_2025-11-14.csv",155.9,160.4,9355.4,9626.6,1.22,1.25
"80","2025\08\13\SCAL_0300.DATA",0.9,6933.6,1.9,NA,129.6,2.7,NA,NA,6.3,1.7,69.9,31,2265.8,30.5,13.4,115.4,26.5,NA,76.9,16.5,15.8,4.5,NA,72.3,87.4,NA,11.3,8.1,14.2,747.8,NA,1.7,92.1,378.9,19.2,7.4,NA,23.1,12.9,1.3,NA,17.2,NA,106.2,NA,2.8,74.7,71,9.9,NA,7.2,NA,35.1,NA,3,167.4,7.5,19.2,2096.3,4.7,5.7,NA,NA,8.2,9.9,NA,91.9,2732.4,11.5,57.5,NA,93.5,NA,4177.6,NA,54.1,416017.7,116.2,NA,7774,161.7,NA,NA,378,100.8,4194.3,1862.6,135951,1831.1,802.1,6924.5,1589.9,NA,4614,989.7,946.2,271.8,NA,4335.5,5242.5,NA,679.9,483.3,853.4,44869.2,NA,103.5,5524.7,22731.2,1152.8,443.2,NA,1386.1,774.4,79.1,NA,1030.4,NA,6370.1,NA,165.6,4484.5,4260.8,592.2,NA,432.2,NA,2106.5,NA,180.1,10045.2,452,1149,125778.9,285,340.9,NA,NA,491,595.2,NA,5511.5,163941.9,687.6,3451.6,NA,5609.9,NA,250655.5,NA,0.01,0,0.01,NA,0.98,0.02,NA,NA,0.05,0.01,0.53,0.23,16.65,0.23,0.1,0.85,0.2,NA,0.56,0.12,0.11,0.03,NA,0.53,0.65,NA,0.08,0.06,0.11,5.3,NA,0.01,0.66,2.7,0.14,0.05,NA,0.16,0.09,0.01,NA,0.12,NA,0.75,NA,0.02,0.52,0.49,0.07,NA,0.05,NA,0.24,NA,0.02,1.15,0.05,0.13,14.41,0.03,0.04,NA,NA,0.06,0.07,NA,0.63,18.78,0.08,0.39,NA,0.63,NA,27.61,NA,21455.75,"C:/Users/freya/OneDrive - Dalhousie University/Ch 1/Freya_Scallops/SCAL_Freya_09-25_2025-11-14.csv",176.8,177.4,10605.1,10645.2,1.21,1.22
"81","2025\08\13\SCAL_0342.DATA",1.8,6345.3,4.3,NA,386.9,5.2,NA,NA,14.2,8.7,197.7,95.2,5643.6,80.1,49.5,371.8,81.7,NA,179.4,NA,32.5,15.3,16.5,NA,195,NA,38.2,19.7,68.1,1644.9,NA,6,295.4,1302.4,83.4,29.6,NA,79.5,79.4,9.6,16.5,86,10.2,445.4,10.5,13.6,263.8,272.1,NA,271.9,28,NA,111.5,12.6,18.9,349,43.4,64.6,5933.8,8.4,14.3,4.5,10.2,19.9,31.9,8.8,286.1,7094.8,39.1,158.7,3.7,279.2,NA,10687.8,20.7,105.4,380720,255.3,NA,23214.6,313.7,NA,NA,849.3,519.8,11860.6,5714.3,338615.9,4805.6,2968.8,22308.1,4904.4,NA,10765.6,NA,1951.3,917,991.5,NA,11701.8,NA,2293.8,1181.3,4088,98695.7,NA,358.3,17724.5,78142.9,5003.2,1777,NA,4769.9,4763.9,577.6,987.7,5161.7,613,26725.9,627.9,816.3,15830.3,16325.5,NA,16311.5,1678.7,NA,6689.2,757,1132.7,20937.4,2606.9,3874.8,356029.7,504.2,858.5,272.1,610.4,1195.5,1915.7,528.6,17165.5,425685.8,2344.5,9522.9,219.4,16751.5,NA,641269.2,1243.1,0,0,0.01,NA,1.11,0.01,NA,NA,0.04,0.02,0.56,0.26,15.6,0.22,0.14,1.03,0.23,NA,0.49,NA,0.09,0.04,0.05,NA,0.55,NA,0.1,0.05,0.19,4.38,NA,0.02,0.79,3.49,0.22,0.08,NA,0.21,0.21,0.03,0.04,0.23,0.03,1.19,0.03,0.04,0.69,0.71,NA,0.71,0.07,NA,0.29,0.03,0.05,0.9,0.11,0.17,15.34,0.02,0.04,0.01,0.03,0.05,0.08,0.02,0.74,18.34,0.1,0.4,0.01,0.71,NA,26.56,0.05,45349.41,"C:/Users/freya/OneDrive - Dalhousie University/Ch 1/Freya_Scallops/SCAL_Freya_09-25_2025-11-14.csv",402.3,365.1,24135.9,21903.6,1.04,0.94
"82","2025\08\13\SCAL_0343.DATA",0.1,5975.5,4.3,1.4,449,8.2,NA,NA,18.4,7.7,212.4,106.9,7165.1,92.3,59.6,416.9,92.3,NA,204.2,22.2,55.1,15.9,21.8,250.5,233.6,NA,37.7,20.5,51.8,2279.5,NA,3.6,339.5,1647.7,64.3,10.9,NA,88.2,93.1,10,12.8,92.5,9.5,464.4,12,9.9,308.4,297.1,NA,349.2,34.4,NA,133.7,15.8,23.9,529.9,48.1,72.8,6953.3,10.4,21.9,3.4,14.7,21.2,39.6,10.9,329.4,11418.7,53.8,210.2,2.9,334,NA,13146,9.6,8.8,358529.9,257.5,85,26940.2,491.7,NA,NA,1104.7,464.9,12741.2,6411.6,429904.5,5539,3577,25013,5539.2,NA,12253,1335,3304,953.1,1305.4,15031.3,14013.7,NA,2262.6,1230.4,3107.5,136773,NA,217.6,20372.6,98863.6,3855.9,652,NA,5290.9,5585.3,599.8,768.4,5552.8,569,27866,721.3,592.3,18506,17826.2,NA,20954.7,2064.8,NA,8024.8,947.7,1432.8,31794.9,2884.6,4366.8,417197.2,624,1312.5,203.4,883.5,1270.9,2378.7,656.3,19765.4,685122.1,3227.1,12614.8,172.3,20040.7,NA,788762.8,575.5,0,0,0.01,0,0.98,0.02,NA,NA,0.04,0.02,0.46,0.23,15.21,0.2,0.13,0.89,0.2,NA,0.43,0.05,0.12,0.03,0.05,0.53,0.5,NA,0.07,0.04,0.11,4.66,NA,0.01,0.7,3.39,0.13,0.02,NA,0.18,0.19,0.02,0.03,0.19,0.02,0.95,0.02,0.02,0.62,0.6,NA,0.7,0.07,NA,0.27,0.03,0.05,1.05,0.1,0.14,13.8,0.02,0.04,0.01,0.03,0.04,0.08,0.02,0.65,22.66,0.1,0.41,0.01,0.65,NA,25.09,0.02,56692.74,"C:/Users/freya/OneDrive - Dalhousie University/Ch 1/Freya_Scallops/SCAL_Freya_09-25_2025-11-14.csv",532,430.7,31918,25843.2,1.06,0.85
"83","2025\08\13\SCAL_0344.DATA",2.9,2703.3,1.3,NA,131.9,2.8,NA,NA,5.4,1.3,60.4,28.9,1837.8,31.6,11.7,115.7,28.1,NA,73.3,19.1,8.9,5.3,7.3,75.6,91.3,NA,9,NA,4.8,541.5,NA,1.2,80.8,367.1,13.5,2.3,NA,25.4,19.5,2.3,NA,21.8,NA,118.3,NA,2.6,81.9,53.3,NA,75.1,5.6,NA,36.4,2.8,5.2,138.9,11.1,17.1,1870.3,1.9,NA,2.6,NA,4.1,7,NA,91.7,2068.8,11.1,70,NA,90.5,NA,3490.2,NA,172.6,162196.2,80.1,NA,7916.7,168.8,NA,NA,324.8,80.3,3625.4,1732.5,110270.7,1895.7,699.4,6944.2,1684.2,NA,4398.3,1145.6,531.8,320,439.5,4533.2,5478,NA,540.9,NA,288.8,32487,NA,73.7,4847.1,22026.9,810,137.7,NA,1521,1169.4,137.9,NA,1307.8,NA,7096.1,NA,157.9,4911.8,3195.1,NA,4504.3,334.2,NA,2183,165.4,311.2,8332.2,666.2,1028.2,112216,116.2,NA,156.3,NA,247.6,421.8,NA,5499.2,124125.7,663.8,4201.4,NA,5427.5,NA,209413.4,NA,0.02,0,0.01,NA,1.18,0.02,NA,NA,0.05,0.01,0.54,0.25,15.86,0.27,0.1,1,0.24,NA,0.63,0.16,0.08,0.04,0.06,0.65,0.8,NA,0.07,NA,0.04,4.5,NA,0.01,0.68,3.07,0.11,0.02,NA,0.21,0.16,0.02,NA,0.18,NA,0.98,NA,0.02,0.67,0.43,NA,0.61,0.05,NA,0.3,0.02,0.04,1.12,0.09,0.14,15.09,0.02,NA,0.02,NA,0.03,0.06,NA,0.74,16.69,0.09,0.55,NA,0.72,NA,27.08,NA,15327.35,"C:/Users/freya/OneDrive - Dalhousie University/Ch 1/Freya_Scallops/SCAL_Freya_09-25_2025-11-14.csv",204.3,214.1,12257.7,12848.4,1.65,1.73
"84","2025\08\13\SCAL_0345.DATA",1,3371.9,1.7,NA,158,3.9,NA,NA,4.8,1.6,82.6,36.5,2287,37.5,21.1,182.9,32.1,NA,64.1,7.3,12.8,6.7,7.4,78,102.4,NA,15.3,5.2,16,697.5,NA,2.1,122.6,583.7,19.2,NA,NA,31.3,28.3,3,NA,33.5,4.8,194.9,3.5,3.2,109.6,95.3,NA,123.8,9.3,NA,44,3.5,6.1,135.3,13.8,28.5,2239.8,1.9,NA,NA,NA,6.1,14,3.3,105.3,2471.6,15.3,60.4,NA,98.3,NA,3948.7,NA,59.2,202315.1,103.6,NA,9480.1,234.4,NA,NA,288.9,96.5,4953.9,2187.9,137220.1,2247.8,1263.3,10971,1925.1,NA,3844.6,439.7,768.9,403.3,443.8,4682.7,6141.8,NA,915.5,311.9,957.2,41848.3,NA,128.6,7357.9,35024.1,1153.5,NA,NA,1877,1697.3,182.9,NA,2011.6,287.5,11691.6,208.2,194.9,6579,5716.6,NA,7425.2,558,NA,2642.5,210.7,364.6,8116.4,829.1,1707.7,134385.6,111.4,NA,NA,NA,367.5,839.1,198.5,6315.5,148295.7,915.8,3626.4,NA,5898.8,NA,236920.5,NA,0.01,0,0.01,NA,1.16,0.03,NA,NA,0.04,0.01,0.6,0.26,16.31,0.27,0.15,1.31,0.23,NA,0.45,0.05,0.09,0.04,0.05,0.55,0.74,NA,0.1,0.04,0.11,4.79,NA,0.01,0.85,4.03,0.13,NA,NA,0.21,0.19,0.02,NA,0.23,0.03,1.34,0.02,0.02,0.74,0.64,NA,0.83,0.06,NA,0.3,0.02,0.04,0.9,0.09,0.19,14.93,0.01,NA,NA,NA,0.04,0.09,0.02,0.7,16.48,0.1,0.4,NA,0.64,NA,25.31,NA,18423.93,"C:/Users/freya/OneDrive - Dalhousie University/Ch 1/Freya_Scallops/SCAL_Freya_09-25_2025-11-14.csv",205.7,235.4,12339.8,14122.6,1.37,1.57
"85","2025\08\13\SCAL_0346.DATA",0.1,1.3,0,0.1,NA,0,0,0.1,NA,0.2,0.1,0.1,0.8,0.2,0.2,0.1,0.1,NA,NA,NA,0.1,0.2,0.1,0.1,0.1,0.1,0.1,0.9,0.1,0.3,0.1,0,NA,NA,0.1,0,0.1,0.1,NA,0.1,0.7,0.1,0.1,0.1,NA,0.1,0.1,NA,0.2,0.1,NA,0.2,0.3,0.1,0,0.1,0,0.1,0.5,0.3,0.3,0,NA,0.2,0.1,0.1,NA,0.5,1.5,0.3,0.1,0.3,0.2,0.2,0.2,3.8,76,1.5,4.9,NA,3,1.4,5,NA,11.8,5.9,6.5,49,14.8,9.2,4.8,3.5,NA,NA,NA,6.1,10.6,5.6,3.1,5.2,6.3,5.1,56.7,4.6,18.1,4.6,1.9,NA,NA,5.8,1.3,5.7,6.5,NA,3.5,40.1,6.9,3.7,8.5,NA,5.5,3.4,NA,12.8,6.3,NA,11.5,18.5,8.1,2.7,3.8,2.7,3.5,32.4,16.6,15.6,2.6,NA,10.3,8.1,3.3,NA,27,91.4,16.3,5.9,15.2,10.3,13,10.2,0.53,0,0.22,0.75,NA,0.41,0.19,0.7,NA,1.79,0.89,0.96,7.24,2.2,1.37,0.71,0.52,NA,NA,NA,0.89,1.46,0.82,0.45,0.77,0.93,0.7,8.42,0.69,2.58,0.66,0.27,NA,NA,0.84,0.19,0.81,0.92,NA,0.51,5.72,0.98,0.53,1.2,NA,0.76,0.48,NA,1.78,0.87,NA,1.6,2.57,1.13,0.37,0.52,0.38,0.49,4.47,2.3,2.16,0.36,NA,1.42,1.12,0.45,NA,3.73,12.38,2.21,0.8,2.06,1.35,1.73,1.37,85.06,"C:/Users/freya/OneDrive - Dalhousie University/Ch 1/Freya_Scallops/SCAL_Freya_09-25_2025-11-14.csv",0.2,0.1,12.8,3.7,1.77,0.51
"86","2025\08\13\SCAL_0347.DATA",8.8,3587.2,1.9,NA,180.2,NA,NA,NA,6.2,1.5,93,46.2,2972.5,45.9,25.1,183.9,45,NA,105,8.3,13,7.8,9.7,106.4,113.4,NA,17.5,5.8,19.2,798.2,NA,2.5,142.1,637.4,23.1,2.6,NA,37.6,38.3,4.9,NA,32.9,NA,175.8,NA,4.1,126.9,89,NA,115.5,9.3,NA,55.4,5.9,11.2,203.5,17.5,27.5,2831.1,3.1,NA,NA,NA,8.7,13.5,NA,145.7,3375.7,17.2,87.8,NA,125.3,NA,4898.6,NA,529.9,215229,114.9,NA,10814.2,NA,NA,NA,371.9,88.5,5582.9,2774.6,178348.2,2752.6,1507.1,11035.5,2699.6,NA,6302.5,497.1,779.3,468.4,583.1,6382.4,6805.6,NA,1047.6,345.4,1153.9,47894.8,NA,150.5,8524,38245.7,1386.6,155.5,NA,2258.6,2296.2,293.4,NA,1972.7,NA,10549.1,NA,246.5,7611.8,5340.5,NA,6928.2,557.9,NA,3321.5,356,673.9,12208.5,1052.6,1648.1,169868.5,187.8,NA,NA,NA,519.3,810.7,NA,8742.9,202541.4,1031.3,5266.2,NA,7517.4,NA,293915.1,NA,0.05,0,0.01,NA,1.06,NA,NA,NA,0.04,0.01,0.55,0.26,16.98,0.26,0.14,1.06,0.26,NA,0.59,0.05,0.07,0.04,0.06,0.6,0.66,NA,0.09,0.03,0.11,4.4,NA,0.01,0.79,3.53,0.13,0.01,NA,0.21,0.21,0.03,NA,0.18,NA,0.97,NA,0.02,0.68,0.48,NA,0.62,0.05,NA,0.3,0.03,0.06,1.09,0.09,0.15,15.12,0.02,NA,NA,NA,0.05,0.07,NA,0.78,18.03,0.09,0.46,NA,0.66,NA,25.16,NA,22257.43,"C:/Users/freya/OneDrive - Dalhousie University/Ch 1/Freya_Scallops/SCAL_Freya_09-25_2025-11-14.csv",243.5,233.6,14611.6,14015.2,1.3,1.25
"87","2025\08\13\SCAL_0396.DATA",NA,738.2,NA,NA,21,NA,NA,NA,NA,NA,8.8,4.5,257.2,5.6,3.1,18.3,4,NA,8.4,2.3,NA,NA,NA,11.2,15.4,NA,NA,NA,NA,106.1,NA,0,15.7,57,NA,NA,NA,4.7,4.4,NA,NA,4.6,NA,26.7,NA,NA,13.8,10.4,2,NA,NA,NA,5.8,NA,NA,26.3,NA,3.7,294.5,NA,NA,NA,NA,NA,NA,NA,13.3,714.7,NA,7.8,NA,12,NA,459.1,NA,NA,44294.7,NA,NA,1262.3,NA,NA,NA,NA,NA,525.3,272,15433.8,338.7,186.9,1100.6,240.1,NA,501.9,135.8,NA,NA,NA,670.1,922,NA,NA,NA,NA,6368,NA,2.1,939.3,3419,NA,NA,NA,283.1,261.4,NA,NA,273.2,NA,1604.6,NA,NA,830,625.1,122.7,NA,NA,NA,349.8,NA,NA,1578.9,NA,221,17672.2,NA,NA,NA,NA,NA,NA,NA,796.1,42880.8,NA,465,NA,718.9,NA,27548.5,NA,NA,0,NA,NA,1.04,NA,NA,NA,NA,NA,0.43,0.22,12.26,0.27,0.15,0.88,0.19,NA,0.39,0.11,NA,NA,NA,0.53,0.74,NA,NA,NA,NA,4.87,NA,0,0.72,2.63,NA,NA,NA,0.22,0.2,NA,NA,0.21,NA,1.23,NA,NA,0.62,0.47,0.09,NA,NA,NA,0.26,NA,NA,1.17,NA,0.16,13.12,NA,NA,NA,NA,NA,NA,NA,0.59,31.84,NA,0.34,NA,0.52,NA,19.67,NA,2988.72,"C:/Users/freya/OneDrive - Dalhousie University/Ch 1/Freya_Scallops/SCAL_Freya_09-25_2025-11-14.csv",41.7,44.6,2503.5,2678.8,1.86,1.99
"88","2025\08\13\SCAL_0397.DATA",2.1,4970.9,1.8,NA,162.3,3.8,NA,NA,5,1.4,80.9,31.5,2408.6,42.2,19,150.9,36.3,NA,68.8,7.4,11.5,7,9,87.8,107.4,NA,15.9,5,13,822.3,NA,1.7,116.5,494.6,21.1,2,NA,35.9,31.7,4,NA,38,NA,230.2,NA,3.7,112.8,84.2,NA,125.8,11,NA,47.2,5.9,9.4,179.8,18,35.1,2689.6,1.9,NA,NA,NA,9.1,18.3,4.8,145.8,3184.1,17.1,80.1,NA,140.4,NA,4212.7,NA,124.6,298252.8,110,NA,9738.2,226.9,NA,NA,300,85,4853.3,1887.9,144515.3,2529.2,1137.2,9056.6,2177,NA,4129.3,442.6,691.6,420.9,539.7,5266.5,6442.3,NA,956,300.7,781.7,49337.7,NA,100.7,6990.6,29674.7,1264.2,117.7,NA,2156.9,1899.8,238.1,NA,2278.7,NA,13810.2,NA,224.5,6770.6,5053.4,NA,7545.3,661.1,NA,2832.1,355,566.6,10789,1080,2108.6,161377.2,116.8,NA,NA,NA,548.7,1099.9,285.8,8749,191044.2,1028.9,4803.7,NA,8424.9,NA,252760.8,NA,0.01,0,0.01,NA,1.06,0.02,NA,NA,0.03,0.01,0.53,0.2,15.28,0.27,0.12,0.96,0.23,NA,0.43,0.05,0.07,0.04,0.06,0.55,0.69,NA,0.09,0.03,0.08,5.03,NA,0.01,0.72,3.04,0.13,0.01,NA,0.22,0.19,0.02,NA,0.23,NA,1.41,NA,0.02,0.68,0.5,NA,0.75,0.07,NA,0.28,0.04,0.06,1.07,0.11,0.21,15.96,0.01,NA,NA,NA,0.05,0.11,0.03,0.87,18.89,0.1,0.47,NA,0.82,NA,24.03,NA,21781.5,"C:/Users/freya/OneDrive - Dalhousie University/Ch 1/Freya_Scallops/SCAL_Freya_09-25_2025-11-14.csv",222,290.1,13317.9,17406.2,1.32,1.72
"89","2025\08\13\SCAL_0398_1.DATA",1.4,5485.9,2.1,NA,163.3,3.6,NA,NA,5.5,1.4,71.7,35.4,2259.3,39.3,18.5,154.7,36.2,NA,70.1,7.5,12.7,8,8.8,81.2,98.7,NA,16.5,4.7,8.8,739.2,NA,2,120.1,478.6,21.4,1.8,NA,33.9,35.2,3.7,3.7,38.2,NA,261.6,4.9,3.2,101.8,85.4,NA,119.7,6.5,NA,50.2,7.6,10.2,156,22.4,40.1,2671,NA,NA,NA,NA,6.9,14.3,3.7,133.6,3263.1,14.3,68.4,NA,114.6,NA,4167.3,NA,86.8,329155.1,124.6,NA,9798.6,213.6,NA,NA,330.4,84.4,4304.6,2122.9,135559.5,2357.3,1112.9,9283.7,2170.9,NA,4204.1,452.3,764.6,481.5,530.7,4874.7,5924.9,NA,992.1,282.7,529.8,44349.4,NA,118.5,7206,28718.2,1283.8,110.8,NA,2031.9,2114.1,224.5,221.5,2294.5,NA,15695.5,294.4,192.8,6108.7,5121.2,NA,7181.7,391.4,NA,3011.6,456.1,614.5,9358.7,1344,2404.8,160261.1,NA,NA,NA,NA,415.5,855.8,220.3,8013.1,195789,855.3,4106.5,NA,6875.7,NA,250039.8,NA,0.01,0,0.01,NA,1.09,0.02,NA,NA,0.04,0.01,0.48,0.23,14.62,0.26,0.12,1.01,0.24,NA,0.45,0.05,0.08,0.05,0.06,0.52,0.65,NA,0.1,0.03,0.06,4.61,NA,0.01,0.75,3,0.13,0.01,NA,0.21,0.22,0.02,0.02,0.24,NA,1.63,0.03,0.02,0.62,0.52,NA,0.73,0.04,NA,0.31,0.05,0.06,0.94,0.14,0.24,16.16,NA,NA,NA,NA,0.04,0.09,0.02,0.81,19.74,0.08,0.41,NA,0.68,NA,24.24,NA,21965.07,"C:/Users/freya/OneDrive - Dalhousie University/Ch 1/Freya_Scallops/SCAL_Freya_09-25_2025-11-14.csv",232.5,262.1,13951.9,15726.9,1.41,1.59
"90","2025\08\13\SCAL_0398_2.DATA",1.6,5418.5,1.6,NA,158.8,3.6,NA,NA,5.8,1.6,68,33.9,2157.6,36.3,18,147.9,33.8,NA,66.3,6.5,12.3,6.8,7.8,76.7,89.9,NA,13.6,NA,9.3,700.2,NA,1.8,114.3,453.4,21.1,2.1,NA,32.2,33.7,3.5,3.7,36.7,NA,249,4.9,3.4,96.9,80.4,NA,112.7,6.4,NA,47.1,7,9.5,155.3,21,38.2,2531.2,NA,NA,NA,NA,6.6,13.8,3.2,126.8,3131.8,13.6,65.3,NA,110,NA,3964.2,NA,93.8,325108.7,98,NA,9525.9,213.1,NA,NA,346.8,96.5,4078,2035.2,129456.4,2176.2,1081.9,8872,2025.5,NA,3979.8,390.1,738.6,409.1,470.5,4602.7,5395.9,NA,813.6,NA,558.4,42013.6,NA,107.7,6856.9,27205.3,1266.1,124.8,NA,1934.3,2023.1,207.3,221.4,2202.8,NA,14941.3,295.6,203.8,5812.6,4824.4,NA,6764,384.1,NA,2823.6,420.5,570.9,9316.9,1259,2289.5,151871.7,NA,NA,NA,NA,394.8,828,194.8,7610.1,187910.2,818.4,3915,NA,6597.9,NA,237849.6,NA,0.01,0,0.01,NA,1.12,0.02,NA,NA,0.04,0.01,0.47,0.23,14.67,0.25,0.12,1.01,0.23,NA,0.45,0.04,0.08,0.04,0.05,0.52,0.62,NA,0.09,NA,0.06,4.59,NA,0.01,0.75,2.99,0.14,0.01,NA,0.21,0.22,0.02,0.02,0.24,NA,1.63,0.03,0.02,0.62,0.52,NA,0.72,0.04,NA,0.3,0.04,0.06,0.99,0.13,0.24,16.09,NA,NA,NA,NA,0.04,0.09,0.02,0.81,19.91,0.08,0.41,NA,0.69,NA,24.23,NA,21110.06,"C:/Users/freya/OneDrive - Dalhousie University/Ch 1/Freya_Scallops/SCAL_Freya_09-25_2025-11-14.csv",217.5,243.4,13047.3,14601.4,1.38,1.55
"91","2025\08\13\SCAL_0399.DATA",NA,3685.7,1.5,NA,127.9,NA,NA,NA,4.6,1.5,57.8,30,1769.9,31.2,14.5,114.5,27.5,NA,63.7,20.1,5.5,6.2,6.9,77,65.4,NA,9.7,NA,7.3,580.2,NA,NA,79.8,321.8,18,2.3,NA,26.6,27.9,2.8,NA,29.8,NA,176.5,NA,NA,77.5,74.1,NA,96.2,4,NA,45.8,4.8,5.7,145.5,18.6,24,2164.4,NA,NA,NA,NA,4.5,8.2,NA,104,2224.6,13.9,67,NA,89.5,NA,3269.6,NA,NA,221143.8,91.3,NA,7671.9,NA,NA,NA,275.7,90,3466.7,1797.3,106192.6,1871.5,869.9,6871.7,1652.2,NA,3820.7,1208.9,331.5,374,413.1,4622.5,3923.3,NA,579.5,NA,439.9,34810.9,NA,NA,4788.1,19309.6,1077.5,139.2,NA,1596.3,1672,166.5,NA,1785.8,NA,10590.8,NA,NA,4650.6,4446.1,NA,5772,241.1,NA,2750.6,287.2,339.6,8732.1,1119,1437.1,129861.7,NA,NA,NA,NA,271.6,494.7,NA,6240.8,133475.4,836.3,4022.3,NA,5367,NA,196178.1,NA,NA,0,0.01,NA,1.12,NA,NA,NA,0.04,0.01,0.5,0.25,14.99,0.27,0.12,0.98,0.23,NA,0.53,0.17,0.05,0.05,0.06,0.65,0.56,NA,0.08,NA,0.06,4.74,NA,NA,0.66,2.64,0.15,0.02,NA,0.22,0.23,0.02,NA,0.24,NA,1.44,NA,NA,0.62,0.59,NA,0.77,0.03,NA,0.36,0.04,0.05,1.15,0.15,0.19,17.15,NA,NA,NA,NA,0.04,0.07,NA,0.82,17.62,0.11,0.52,NA,0.69,NA,24.9,NA,16261.39,"C:/Users/freya/OneDrive - Dalhousie University/Ch 1/Freya_Scallops/SCAL_Freya_09-25_2025-11-14.csv",189.6,193.5,11375.7,11611.6,1.5,1.53
"92","2025\08\13\SCAL_0400.DATA",1.7,5139.1,1.6,NA,158.6,3.6,NA,NA,5.6,1.9,69.1,37.8,2149.3,38.9,19.4,154.1,33.9,NA,64.9,7.5,8.5,8.1,8.8,90.6,84.2,NA,17.7,5.4,9.9,645,NA,NA,112.7,448.4,22.7,2,NA,34.3,35.4,4.3,NA,35.9,NA,207,4.6,3.9,78.6,80.2,NA,113.4,3.9,NA,51.6,8.5,9.1,173.6,22.2,27.1,2565.7,1.6,NA,3.1,NA,5,11.6,4.7,125.2,2217.4,14.7,79.2,NA,103.2,NA,3843.5,NA,100.3,308348.9,96.5,NA,9514.4,215.4,NA,NA,334.7,113.7,4145.5,2269.3,128957,2331.6,1162.3,9243.6,2031.6,NA,3891.3,451.8,508.8,486.7,529.8,5434.7,5053.9,NA,1062.6,326.2,596.9,38698.2,NA,NA,6760.7,26902.7,1360.9,118,NA,2056.2,2124.4,257.7,NA,2154.7,NA,12418,273.8,232.5,4718.3,4812.6,NA,6801.7,234,NA,3093.7,511.4,546.2,10417.7,1332.3,1627.9,153942.2,96.1,NA,188.4,NA,300.4,694.2,279.7,7509.4,133045.6,879.1,4753.5,NA,6194.6,NA,230611.8,NA,0.01,0,0.01,NA,1.2,0.02,NA,NA,0.04,0.01,0.52,0.28,15.77,0.29,0.14,1.14,0.25,NA,0.47,0.05,0.06,0.06,0.06,0.66,0.63,NA,0.12,0.04,0.07,4.56,NA,NA,0.8,3.19,0.16,0.01,NA,0.24,0.25,0.03,NA,0.25,NA,1.46,0.03,0.03,0.54,0.56,NA,0.78,0.03,NA,0.36,0.06,0.06,1.19,0.15,0.19,17.6,0.01,NA,0.02,NA,0.03,0.08,0.03,0.86,15.21,0.1,0.53,NA,0.69,NA,25.35,NA,19677.88,"C:/Users/freya/OneDrive - Dalhousie University/Ch 1/Freya_Scallops/SCAL_Freya_09-25_2025-11-14.csv",188.2,194,11289.2,11639.2,1.29,1.33
"93","2025\08\13\SCAL_0401.DATA",1.6,4513.9,2.1,NA,186.5,3.5,NA,NA,5.4,1.7,81.3,37.2,2183.2,45.9,20.6,165.6,32,NA,66.5,21.1,8.4,5,9.4,100.3,98.8,NA,17.4,NA,14.9,660,7.6,NA,114,428.5,22.4,2.3,NA,41.1,37.3,4.8,NA,46.3,NA,267.9,5.2,5.7,104.7,81.6,NA,105.7,5.5,NA,53.4,6.7,10.4,169.5,22.5,30.9,2629.7,NA,NA,NA,NA,6.7,13.4,3.8,127.4,2528.5,14.6,93.8,NA,106.9,NA,3908,NA,94.1,270831.3,125.9,NA,11192.5,210.2,NA,NA,327,104.3,4877.2,2232.6,130993.2,2751.2,1233.8,9934.5,1921.9,NA,3991,1265.8,503.5,300.4,562.2,6017.7,5929.3,NA,1046,NA,894.2,39597.6,454.1,NA,6839.9,25709.6,1344.6,135.2,NA,2464.6,2237.6,288.8,NA,2777.7,NA,16072.3,311.7,343.6,6279.1,4897.1,NA,6344,331.3,NA,3205,401.3,626.7,10167.5,1347.1,1853.7,157783.8,NA,NA,NA,NA,403.9,806.4,230.1,7643.3,151707.1,876.6,5630.3,NA,6411.3,NA,234480.1,NA,0.01,0,0.02,NA,1.34,0.02,NA,NA,0.04,0.01,0.58,0.26,15.2,0.32,0.14,1.16,0.22,NA,0.46,0.15,0.06,0.03,0.06,0.69,0.7,NA,0.11,NA,0.1,4.43,0.05,NA,0.77,2.89,0.15,0.02,NA,0.28,0.25,0.03,NA,0.31,NA,1.8,0.03,0.04,0.69,0.54,NA,0.69,0.04,NA,0.35,0.04,0.07,1.1,0.15,0.2,17.11,NA,NA,NA,NA,0.04,0.09,0.02,0.83,16.45,0.09,0.6,NA,0.68,NA,24.45,NA,19820.16,"C:/Users/freya/OneDrive - Dalhousie University/Ch 1/Freya_Scallops/SCAL_Freya_09-25_2025-11-14.csv",242.6,221.3,14556,13281,1.58,1.44
"94","2025\08\13\SCAL_0402.DATA",0.9,4442.6,1.7,NA,161.1,NA,NA,NA,5.5,1.6,76.7,36.4,2508,42.2,21.8,153.2,35.9,NA,85.2,6.9,8.6,7.7,8.8,112.5,83.5,NA,20,6.5,17.2,726,NA,0.3,119,496.4,26.6,2.5,NA,38.2,42.3,3.9,NA,42.5,NA,210,4.4,4.6,111.3,100.8,NA,123.4,6.1,NA,67.2,7.4,11.8,180.1,29.7,42,2772.7,2,NA,5.1,NA,7.1,12.6,NA,147.3,2691.2,15.4,88.3,NA,121.3,NA,4361,NA,55.4,266553.8,104.9,NA,9666.4,NA,NA,NA,328.8,97.5,4604.7,2183,150477.9,2529.1,1308.1,9193.5,2151.3,NA,5112.3,412.9,517.1,460.9,529.1,6751.9,5011.8,NA,1202.6,389,1031.9,43560.8,NA,18.9,7138.7,29785.9,1596.4,152.8,NA,2294,2538.1,235.2,NA,2551.6,NA,12602.3,262.9,274.4,6676.9,6047.2,NA,7404.8,364.2,NA,4029.4,442.1,706.6,10805.6,1781.6,2522.9,166363.6,122.8,NA,307.2,NA,426.5,753.7,NA,8836.9,161472.3,926.6,5296,NA,7278.1,NA,261658.5,NA,0.01,0,0.01,NA,1.07,NA,NA,NA,0.04,0.01,0.51,0.23,16.19,0.27,0.14,0.99,0.23,NA,0.54,0.04,0.06,0.05,0.06,0.72,0.55,NA,0.12,0.04,0.11,4.52,NA,0,0.74,3.11,0.17,0.02,NA,0.24,0.26,0.02,NA,0.26,NA,1.31,0.03,0.03,0.68,0.61,NA,0.75,0.04,NA,0.41,0.04,0.07,1.09,0.18,0.25,16.74,0.01,NA,0.03,NA,0.04,0.08,NA,0.89,16.24,0.09,0.52,NA,0.72,NA,25.31,NA,21001.54,"C:/Users/freya/OneDrive - Dalhousie University/Ch 1/Freya_Scallops/SCAL_Freya_09-25_2025-11-14.csv",207.6,205.8,12453.6,12348.8,1.25,1.24
"95","2025\08\13\SCAL_3001.DATA",5.9,5710.5,NA,NA,97.1,2.5,NA,NA,3.3,NA,49.2,18.2,1774.2,23.3,13,119.4,19.9,NA,42.1,6,13.5,4.6,4.5,46.7,37.5,4.9,9.3,NA,14.1,521.6,NA,0.2,108.2,331.4,15.8,NA,NA,25,27.4,0.9,5.6,22.7,NA,247.7,5.3,4.1,61.1,68.1,NA,90.7,5.1,NA,32.4,4.9,5.7,68.2,12.1,44,1602.7,5.6,NA,4,NA,5.8,13.7,NA,96.3,2500.5,NA,27.9,NA,79.7,NA,2482.6,NA,355.4,342632.7,NA,NA,5828.7,148.5,NA,NA,195.1,NA,2949.6,1092.5,106453.8,1395,781,7165,1194.7,NA,2525.6,361.1,811,275.8,270.8,2801,2247.9,296.4,555.3,NA,846.4,31298,NA,12.3,6493.8,19881.8,948.9,NA,NA,1500.5,1646.6,54.1,338.1,1359.8,NA,14860.4,317.4,245.8,3666.3,4084.7,NA,5442.7,305.5,NA,1943.4,294.5,342.6,4089.3,728.6,2641.2,96159.8,337.9,NA,240.5,NA,350.8,821.9,NA,5775.9,150029.9,NA,1675,NA,4782.3,NA,148958.9,NA,0.05,0,NA,NA,0.95,0.02,NA,NA,0.03,NA,0.48,0.17,16.84,0.22,0.12,1.14,0.19,NA,0.4,0.06,0.13,0.04,0.04,0.44,0.36,0.05,0.08,NA,0.13,4.77,NA,0,1,3.05,0.15,NA,NA,0.23,0.25,0.01,0.05,0.21,NA,2.27,0.05,0.04,0.55,0.61,NA,0.81,0.05,NA,0.29,0.04,0.05,0.6,0.11,0.39,14.22,0.05,NA,0.04,NA,0.05,0.12,NA,0.85,22.19,NA,0.24,NA,0.69,NA,21.19,NA,16970.51,"C:/Users/freya/OneDrive - Dalhousie University/Ch 1/Freya_Scallops/SCAL_Freya_09-25_2025-11-14.csv",144.1,175,8643.5,10502.3,1.28,1.55
"96","2025\08\13\SCAL_3002.DATA",2.6,3107.4,NA,NA,124.5,3.4,NA,NA,4.3,NA,64.5,22,2323.5,28.1,11.6,155.1,26.2,NA,49.3,4.4,15.8,NA,3,57,53.7,NA,8.9,NA,7.3,598.1,NA,NA,121.5,454.1,14.4,NA,NA,33.9,28,3.7,NA,23.2,NA,192.1,NA,3.2,55.4,50.5,11.1,NA,6.1,NA,36.5,NA,4.3,118.3,10.2,27.1,2130.5,3.2,NA,NA,NA,5.2,9.3,NA,121.1,3160.3,12,43.9,NA,96.6,NA,3650.5,NA,157.1,186441.9,NA,NA,7469.1,204.3,NA,NA,260.9,NA,3872.4,1321.7,139409.9,1686.3,698.9,9306.7,1569.5,NA,2960.9,262,950.4,NA,178.9,3420.3,3219.1,NA,531.1,NA,440.9,35886,NA,NA,7287.4,27246.8,865.8,NA,NA,2034.9,1677.8,220.8,NA,1391.7,NA,11527.4,NA,192.2,3322.2,3028.1,663.8,NA,363.7,NA,2190.5,NA,256.2,7096.2,609.1,1627.6,127831.9,190.4,NA,NA,NA,312.3,557.4,NA,7267.8,189620.5,718.7,2633.7,NA,5796.5,NA,219027.4,NA,0.02,0,NA,NA,0.95,0.02,NA,NA,0.03,NA,0.49,0.16,17.18,0.21,0.09,1.15,0.19,NA,0.36,0.03,0.12,NA,0.02,0.42,0.4,NA,0.06,NA,0.05,4.26,NA,NA,0.87,3.25,0.1,NA,NA,0.24,0.2,0.03,NA,0.17,NA,1.37,NA,0.02,0.39,0.35,0.08,NA,0.04,NA,0.25,NA,0.03,0.82,0.07,0.19,14.73,0.02,NA,NA,NA,0.04,0.06,NA,0.84,21.85,0.08,0.3,NA,0.65,NA,24.27,NA,17497.82,"C:/Users/freya/OneDrive - Dalhousie University/Ch 1/Freya_Scallops/SCAL_Freya_09-25_2025-11-14.csv",170.8,182.9,10247.5,10975.1,1.18,1.26
"97","2025\08\13\SCAL_3003.DATA",2.9,3934.1,1.6,NA,144.3,3.5,NA,NA,4.4,NA,74.6,28.9,2706.1,37.3,16.6,208.6,36.6,NA,65.5,7.8,20.5,7.3,7.7,66.3,68.9,9.1,16.4,4.5,8.1,624.5,NA,1.5,140.9,580.7,20.9,1.4,NA,33.8,42.7,4.4,4.3,27.7,NA,276.6,5.9,3.9,71.5,74.3,96.3,NA,6.5,NA,45.8,4.8,4.9,108.2,16.3,32.2,2497.8,1.6,NA,NA,NA,4.6,16,3.8,137.6,3235.9,NA,44.5,NA,95.2,NA,4100.6,NA,175.9,236047.8,97.6,NA,8660.4,208.9,NA,NA,262.7,NA,4476.6,1732.4,162366.1,2236.9,997.9,12514.3,2195.7,NA,3931.8,466.1,1232.1,435.2,461,3979.2,4133.8,545,986.9,271.4,487.5,37471.4,NA,90.4,8455.6,34843.9,1251.1,82.2,NA,2025.3,2560.2,264.3,257.4,1660.2,NA,16595.4,352.8,234.9,4292.5,4457.8,5777.7,NA,388.7,NA,2747.3,287.8,292.6,6491.1,980.4,1934.8,149866.1,97.5,NA,NA,NA,275.8,959.4,230.1,8254.2,194151.2,NA,2669,NA,5713.8,NA,246037.5,NA,0.02,0,0.01,NA,0.97,0.02,NA,NA,0.03,NA,0.5,0.19,17.56,0.24,0.11,1.36,0.24,NA,0.42,0.05,0.13,0.04,0.05,0.43,0.45,0.06,0.1,0.03,0.05,3.91,NA,0.01,0.89,3.65,0.13,0.01,NA,0.21,0.27,0.03,0.03,0.17,NA,1.73,0.04,0.02,0.44,0.46,0.59,NA,0.04,NA,0.28,0.03,0.03,0.66,0.1,0.2,15.16,0.01,NA,NA,NA,0.03,0.1,0.02,0.83,19.63,NA,0.26,NA,0.57,NA,23.93,NA,20327.58,"C:/Users/freya/OneDrive - Dalhousie University/Ch 1/Freya_Scallops/SCAL_Freya_09-25_2025-11-14.csv",192.8,218.1,11570.1,13083,1.17,1.32
"98","2025\08\13\SCAL_3004.DATA",1.4,2808.9,NA,NA,73.8,2.4,NA,NA,2.4,NA,32.6,11.3,1111,14,7.4,122.4,15.1,NA,23,5,9.3,NA,3,26.4,28.8,6.8,6.7,NA,12.1,315,NA,0,77.6,315.9,7.2,NA,NA,16.5,24.3,1.3,3.7,11.4,NA,146.2,4.4,NA,32.4,33.1,NA,21.3,3,NA,20.5,NA,NA,45.6,6.8,17.5,1108.8,NA,NA,NA,NA,NA,4,NA,65.3,1325.9,NA,18.5,NA,59.5,NA,1655.6,NA,83.4,168531.8,NA,NA,4430.2,144.8,NA,NA,142.2,NA,1955.6,680,66661.1,837.2,445.3,7346.4,908,NA,1380.1,300.5,555.6,NA,182.2,1583.2,1726.5,408,399.2,NA,729,18901.7,NA,1.6,4658.4,18951.3,431.8,NA,NA,987.9,1456.5,76.3,221.2,684.1,NA,8774,262.7,NA,1944.5,1988.9,NA,1276.7,182.2,NA,1232.8,NA,NA,2734.1,410.6,1049.4,66529.2,NA,NA,NA,NA,NA,237.1,NA,3915.8,79552.3,NA,1108.6,NA,3568.5,NA,99334.2,NA,0.02,0,NA,NA,1.14,0.03,NA,NA,0.04,NA,0.5,0.17,16.63,0.21,0.11,1.84,0.23,NA,0.34,0.07,0.14,NA,0.05,0.39,0.44,0.1,0.09,NA,0.18,4.55,NA,0,1.13,4.58,0.1,NA,NA,0.24,0.35,0.02,0.05,0.16,NA,2.11,0.06,NA,0.46,0.47,NA,0.3,0.04,NA,0.29,NA,NA,0.64,0.1,0.24,15.52,NA,NA,NA,NA,NA,0.06,NA,0.91,18.56,NA,0.25,NA,0.82,NA,22.28,NA,9921.9,"C:/Users/freya/OneDrive - Dalhousie University/Ch 1/Freya_Scallops/SCAL_Freya_09-25_2025-11-14.csv",109.1,103.6,6545.8,6213,1.53,1.45
"99","2025\08\15\SCAL_0403.DATA",1.4,3037.1,1.5,NA,148.1,NA,NA,NA,5.2,1.6,66,29.5,1901.8,31.5,15.6,139.7,27.2,NA,65.9,6.2,5.7,6.5,8.1,84.5,68.8,NA,16.9,5.8,5.4,570.6,NA,7.2,93.3,356.6,20.3,3.7,NA,31.6,31.8,10,NA,38,4.2,186.6,4.6,3.9,81.3,73.9,NA,85.7,5.4,NA,48,6.7,7.5,133.4,21.1,28.3,2119.3,2.5,NA,4.9,NA,6.2,9.8,3,116.4,2220.2,9.2,60.1,4.1,86.6,NA,3217.4,NA,86.7,182227.8,90.8,NA,8883.5,NA,NA,NA,313.2,93.7,3962.9,1772.1,114105.5,1887.6,937.3,8382,1629.1,NA,3951.8,373.3,341.6,392.8,486.2,5070.3,4125.6,NA,1015,347.6,322.1,34234.5,NA,433.8,5598.9,21398,1216.6,223.4,NA,1898.1,1905.9,601.4,NA,2277.9,249.6,11196.2,274.8,235.1,4876.2,4436.3,NA,5141,322,NA,2882.4,403.3,448.7,8003,1263.5,1697,127159.6,151.7,NA,297,NA,369.3,586.9,178.1,6984.1,133211.6,553.4,3603.9,245.5,5195.4,NA,193045.5,NA,0.01,0,0.01,NA,1.28,NA,NA,NA,0.04,0.01,0.57,0.25,15.85,0.26,0.13,1.17,0.23,NA,0.54,0.05,0.05,0.05,0.07,0.7,0.58,NA,0.13,0.05,0.04,4.59,NA,0.06,0.75,2.88,0.16,0.03,NA,0.25,0.26,0.08,NA,0.31,0.03,1.5,0.04,0.03,0.64,0.58,NA,0.67,0.04,NA,0.38,0.05,0.06,1.04,0.16,0.22,16.52,0.02,NA,0.04,NA,0.05,0.08,0.02,0.91,17.31,0.07,0.46,0.03,0.66,NA,24.11,NA,15820.39,"C:/Users/freya/OneDrive - Dalhousie University/Ch 1/Freya_Scallops/SCAL_Freya_09-25_2025-11-14.csv",174.2,188.7,10449,11321.3,1.36,1.47
"100","2025\08\15\SCAL_0404.DATA",1.5,4116.6,1.5,NA,156.5,3,NA,NA,5.5,1.9,66.9,32,2103.2,34.7,14.6,132.4,30.4,NA,74.9,5.8,6.8,8.8,6.3,NA,100.3,NA,12.2,4.4,7.1,692.6,NA,1,101.7,407.6,23.2,11.2,NA,33.9,31,11,NA,32.8,4.3,145.7,NA,3.7,89,78.8,NA,98.3,6.8,NA,52.1,7.1,9.6,185.2,20.6,21.5,2333.4,3.5,NA,4.8,NA,8.2,10.5,3.9,130.5,2374.3,15.4,84,NA,106.2,NA,3996.5,1.4,88.8,246996.6,91.8,NA,9392.4,177.7,NA,NA,330.7,113.1,4011.6,1922,126192.7,2084.7,873.3,7943.6,1823.1,NA,4492,349.4,408.9,529.1,376.9,NA,6016.7,NA,730.7,264.4,428.8,41553.9,NA,57.4,6103.8,24456.6,1389.2,671.5,NA,2036.8,1857.3,660.8,NA,1969.8,257.9,8740.8,NA,223.2,5340.2,4727.4,NA,5896.9,408.8,NA,3126.4,424.4,578.7,11114.7,1233.8,1288.2,140003.2,209.9,NA,290.4,NA,492.4,629,231.3,7832,142459,926.4,5040.9,NA,6372.7,NA,239792.7,84.8,0.01,0,0.01,NA,1.2,0.02,NA,NA,0.04,0.01,0.51,0.24,15.54,0.26,0.11,0.98,0.23,NA,0.55,0.04,0.05,0.06,0.05,NA,0.75,NA,0.08,0.03,0.05,4.93,NA,0.01,0.73,2.92,0.17,0.08,NA,0.24,0.22,0.08,NA,0.23,0.03,1.04,NA,0.03,0.62,0.55,NA,0.68,0.05,NA,0.36,0.05,0.07,1.28,0.14,0.15,16.12,0.02,NA,0.03,NA,0.06,0.07,0.03,0.9,16.41,0.1,0.57,NA,0.72,NA,26.56,0.01,18671.26,"C:/Users/freya/OneDrive - Dalhousie University/Ch 1/Freya_Scallops/SCAL_Freya_09-25_2025-11-14.csv",220.9,200.5,13253.3,12031,1.53,1.39
"101","2025\08\15\SCAL_0405.DATA",5.8,2518.6,1.5,NA,138.5,NA,NA,NA,4.9,1.5,61,28.1,1864.9,29.9,13.6,131,26.3,NA,66.8,4.7,7.6,5.8,7.4,NA,83.5,NA,12.5,3.2,5.1,569.4,NA,1.1,97.1,365.1,19.1,3.1,NA,29.7,32.9,9.7,NA,32,3.8,159.2,NA,4.4,82.1,64.6,NA,76.2,4.5,NA,46.5,6.4,6.3,127.3,19,21.9,2037.2,2.6,NA,3.5,NA,6.1,8.6,NA,104.9,2086,29.6,56.9,NA,86.3,NA,3104.6,NA,347.1,151115.3,92.9,NA,8308.2,NA,NA,NA,296,90.6,3662.7,1687,111894.7,1794.7,814.8,7862.1,1578,NA,4009.4,279.2,456.5,348.9,446.3,NA,5012.6,NA,750.6,191.5,308.3,34162.7,NA,67.6,5823.8,21905.4,1145.6,184.8,NA,1779.9,1973.6,583.4,NA,1918.9,227.5,9552.4,NA,261.6,4925.7,3876.9,NA,4574.8,272.7,NA,2788.4,385.8,381,7637.4,1141.5,1312.8,122234.6,154.7,NA,211.3,NA,367.4,514,NA,6291,125159.8,1774.2,3415.9,NA,5177.1,NA,186273.2,NA,0.05,0,0.01,NA,1.25,NA,NA,NA,0.04,0.01,0.55,0.24,16.23,0.26,0.12,1.15,0.23,NA,0.58,0.04,0.07,0.05,0.06,NA,0.74,NA,0.1,0.03,0.04,4.78,NA,0.01,0.82,3.08,0.16,0.03,NA,0.25,0.28,0.08,NA,0.27,0.03,1.34,NA,0.04,0.67,0.53,NA,0.62,0.04,NA,0.38,0.05,0.05,1.04,0.15,0.18,16.58,0.02,NA,0.03,NA,0.05,0.07,NA,0.85,16.98,0.24,0.45,NA,0.69,NA,24.3,NA,14919.23,"C:/Users/freya/OneDrive - Dalhousie University/Ch 1/Freya_Scallops/SCAL_Freya_09-25_2025-11-14.csv",187.6,183.7,11256.1,11024.5,1.53,1.5
"102","2025\08\15\SCAL_0406.DATA",3,2406.5,1.1,NA,132.9,NA,NA,NA,4.7,1.6,58.9,26.3,1785.7,27.6,13.3,127.8,26.3,NA,59.5,3.7,6.9,5.5,7.7,NA,76,NA,13.4,3,4,496.8,NA,0.8,91.4,324.4,17.7,3.7,NA,28.8,29.5,8.9,NA,34.9,2.9,183.2,NA,3.8,77.6,65.7,NA,76.2,4.2,NA,48.1,5.8,8,115.6,21,26.5,1985.4,3.2,NA,3.1,NA,5.9,8.6,2.1,104.8,1962.7,15.3,55,NA,84.7,NA,3077.4,NA,178.9,144391.9,63.7,NA,7974,NA,NA,NA,284.3,93.1,3531.1,1578.6,107144.1,1656.6,798.3,7668.4,1579.7,NA,3569.4,219.8,416.9,328.4,463,NA,4561,NA,805.3,177.7,239.4,29806.8,NA,47.6,5485,19465.2,1060.5,221.5,NA,1728.2,1772.3,534.9,NA,2096.2,174.2,10991.4,NA,228.8,4655.9,3940.4,NA,4571.5,251.1,NA,2884.5,348.3,482.2,6937.2,1257.4,1592.5,119121.1,193.4,NA,183.1,NA,355,517.5,124.7,6287.1,117760.5,920.4,3298,NA,5079.7,NA,184644.3,NA,0.03,0,0.01,NA,1.24,NA,NA,NA,0.04,0.01,0.55,0.24,16.13,0.25,0.12,1.16,0.24,NA,0.53,0.03,0.06,0.05,0.07,NA,0.7,NA,0.11,0.03,0.04,4.33,NA,0.01,0.8,2.84,0.15,0.03,NA,0.25,0.26,0.08,NA,0.3,0.03,1.6,NA,0.03,0.66,0.56,NA,0.65,0.04,NA,0.41,0.05,0.07,0.98,0.18,0.22,16.77,0.03,NA,0.03,NA,0.05,0.07,0.02,0.88,16.58,0.13,0.46,NA,0.7,NA,24.99,NA,14354.95,"C:/Users/freya/OneDrive - Dalhousie University/Ch 1/Freya_Scallops/SCAL_Freya_09-25_2025-11-14.csv",170.8,203,10245.9,12178,1.44,1.71
"103","2025\08\15\SCAL_0407.DATA",8.9,5004.5,1.7,NA,135.7,3.4,NA,NA,4.9,1.9,62.5,30.3,2115.2,32.9,14.4,118.4,27.3,NA,72.7,4.4,9.7,7.6,7.2,NA,99.2,NA,12.2,3.9,4.1,765,15.4,0.7,96,385.9,22.8,10.4,5.5,30.9,27.4,10.7,2.3,34.4,4.3,187.6,3.5,3.7,80.3,62.7,NA,46.5,5.9,NA,47.5,7.3,7.5,161.3,20.3,25.9,2231.4,3.7,2.6,5,NA,8.1,11.7,3.8,118.5,2503.8,9.8,68.9,NA,99.2,NA,3894.8,0.9,534.7,300267.5,101.8,NA,8143.7,206.7,NA,NA,295.8,112.1,3752.7,1820.5,126911,1973.7,861.1,7101.9,1635.8,NA,4364,267,583.7,457.2,432,NA,5951.1,NA,733.6,232.6,248,45900.1,922.6,40.1,5758.1,23154.3,1368.7,623.9,330.8,1852.9,1643,641.4,138.6,2061.1,257.8,11257.8,211.9,223.3,4816,3763.9,NA,2788.1,354.9,NA,2847.7,437.8,449.2,9680.6,1220.3,1551.3,133883.8,223.4,157.3,297.1,NA,483.6,699.5,228.3,7110.4,150226.3,587.1,4134.2,NA,5953.9,NA,233687.9,57,0.06,0,0.01,NA,1.04,0.02,NA,NA,0.04,0.01,0.48,0.23,15.75,0.25,0.11,0.89,0.2,NA,0.54,0.03,0.07,0.05,0.05,NA,0.75,NA,0.09,0.03,0.03,5.49,0.11,0,0.69,2.78,0.16,0.07,0.04,0.22,0.2,0.08,0.02,0.25,0.03,1.35,0.03,0.03,0.56,0.44,NA,0.33,0.04,NA,0.33,0.05,0.05,1.12,0.14,0.18,15.53,0.03,0.02,0.03,NA,0.06,0.08,0.03,0.82,17.43,0.07,0.47,NA,0.68,NA,26.07,0.01,19491.1,"C:/Users/freya/OneDrive - Dalhousie University/Ch 1/Freya_Scallops/SCAL_Freya_09-25_2025-11-14.csv",224.7,228.8,13484.2,13730,1.56,1.59
"104","2025\08\15\SCAL_0450.DATA",NA,3231,1.3,NA,109.2,NA,NA,NA,3.3,NA,50,19,1532.2,24.5,12.8,119.3,22.5,NA,42.9,2.9,8.4,4.8,6.8,NA,60,NA,10.1,NA,4,525.9,NA,0.8,96,356.1,16.5,2.5,NA,26.9,29.8,4,3.6,31,3.2,198,3.5,3.4,64,47.1,NA,74.7,5.4,NA,35.5,5.9,5.4,101.4,16.9,26.6,1843.7,1.7,NA,NA,NA,5.5,8.4,NA,99.1,1625.8,8.5,44.5,NA,84.7,NA,2593.4,NA,NA,193861.1,78.7,NA,6549.3,NA,NA,NA,195.5,NA,3000.7,1140.5,91932.5,1468.2,770.3,7158.8,1348.5,NA,2574.1,173.6,505.3,287.4,406,NA,3599.3,NA,603.6,NA,238.2,31556.4,NA,47.9,5757.6,21364.8,991.7,152,NA,1612.8,1785.8,239.8,216.1,1860.8,190.2,11881.9,211.1,206,3838,2823.3,NA,4483,324,NA,2131.5,354,323.2,6086.5,1016.5,1593.5,110619,102.7,NA,NA,NA,331.1,502.3,NA,5947.5,97546.4,507.7,2667.9,NA,5084.9,NA,155606.5,NA,NA,0,0.01,NA,1.15,NA,NA,NA,0.03,NA,0.52,0.19,15.63,0.25,0.13,1.22,0.23,NA,0.43,0.03,0.09,0.05,0.07,NA,0.62,NA,0.1,NA,0.04,5.17,NA,0.01,0.95,3.52,0.16,0.02,NA,0.26,0.29,0.04,0.04,0.3,0.03,1.95,0.03,0.03,0.62,0.45,NA,0.72,0.05,NA,0.34,0.06,0.05,0.97,0.16,0.25,17.59,0.02,NA,NA,NA,0.05,0.08,NA,0.95,15.51,0.08,0.42,NA,0.79,NA,23.79,NA,13776.15,"C:/Users/freya/OneDrive - Dalhousie University/Ch 1/Freya_Scallops/SCAL_Freya_09-25_2025-11-14.csv",163.3,196.9,9799,11813.8,1.56,1.88
"105","2025\08\15\SCAL_0451.DATA",3.4,2847.3,1.4,NA,94.1,NA,NA,NA,2.7,NA,37.6,20.2,1157.7,20.2,10.7,100.1,15.8,NA,37.6,3.3,4.1,4.3,5.9,NA,54.7,NA,9.4,NA,4.5,439,NA,NA,76.3,268.3,13,3.1,NA,25.8,27.5,3.4,NA,26.5,NA,172.3,3.4,3,57.6,53.4,NA,79.7,4.3,NA,36.6,6.3,6,93.9,16.6,26,1496.3,2.2,NA,NA,NA,NA,5,NA,75.2,1642.5,5.5,35.2,NA,57,NA,2059.1,NA,206.6,170840.8,83.2,NA,5644.5,NA,NA,NA,161.9,NA,2257.8,1211.9,69461.3,1213.6,640.8,6004.6,946.2,NA,2255.2,195.1,243.1,255.8,355.3,NA,3283.1,NA,561.1,NA,270.9,26337.9,NA,NA,4578,16096.2,782.8,183.8,NA,1546.3,1651.2,205.2,NA,1591.9,NA,10340.5,206.8,182.7,3458.2,3201.5,NA,4785,260.2,NA,2194,376.9,359.8,5632.7,996.3,1557.1,89779.5,134.5,NA,NA,NA,NA,301,NA,4514.4,98551.7,328.1,2114.7,NA,3417.8,NA,123545.8,NA,0.04,0,0.02,NA,1.18,NA,NA,NA,0.03,NA,0.47,0.25,14.04,0.25,0.13,1.22,0.19,NA,0.45,0.04,0.05,0.05,0.07,NA,0.67,NA,0.11,NA,0.06,5.13,NA,NA,0.9,3.15,0.15,0.04,NA,0.3,0.32,0.04,NA,0.31,NA,2.02,0.04,0.03,0.66,0.61,NA,0.91,0.05,NA,0.42,0.07,0.07,1.06,0.19,0.29,16.97,0.03,NA,NA,NA,NA,0.06,NA,0.85,18.63,0.06,0.39,NA,0.63,NA,22.46,NA,11701.77,"C:/Users/freya/OneDrive - Dalhousie University/Ch 1/Freya_Scallops/SCAL_Freya_09-25_2025-11-14.csv",150.9,187.7,9052.1,11264.9,1.71,2.13
"106","2025\08\15\SCAL_0452_1.DATA",1,4347.7,1.5,NA,107.6,NA,NA,NA,3.7,1.1,47,24.5,1585.9,25.5,12.1,109.5,23.1,NA,48.9,5.5,6.2,5.5,7,NA,62.5,NA,10.3,1.7,4.4,500.9,2.7,NA,94.9,345.4,18.1,2.7,NA,26.6,28.3,3.7,3,29.6,3.4,167.6,3.8,2.6,65.6,54.5,NA,91.9,5.4,NA,38.3,6.6,5.6,114.6,18.5,26,1905.3,NA,NA,NA,NA,NA,4.8,2.9,98.7,1988,9.3,47.7,NA,75.6,NA,2645,NA,57.1,260864,92.2,NA,6457,NA,NA,NA,223.7,67.2,2821.3,1472,95155.6,1527,724.8,6570.1,1385.7,NA,2936,331.7,369,329.5,420.6,NA,3748.2,NA,617.6,101.4,265.3,30051.6,160.2,NA,5692.6,20725,1083.8,163.7,NA,1593,1696.1,222.6,178.5,1773,205,10057.4,230.7,158,3934.5,3267.7,NA,5513.6,325.9,NA,2298.6,394.4,336.2,6875.6,1111.6,1560,114316.8,NA,NA,NA,NA,NA,286.1,172,5923,119281.8,556.8,2861.9,NA,4537.6,NA,158702.5,NA,0.01,0,0.02,NA,1.08,NA,NA,NA,0.04,0.01,0.47,0.24,15.43,0.25,0.12,1.07,0.23,NA,0.47,0.05,0.06,0.05,0.07,NA,0.62,NA,0.09,0.02,0.04,4.7,0.03,NA,0.89,3.26,0.17,0.03,NA,0.25,0.27,0.03,0.03,0.28,0.03,1.57,0.04,0.02,0.6,0.5,NA,0.84,0.05,NA,0.35,0.06,0.05,1.04,0.17,0.24,17.33,NA,NA,NA,NA,NA,0.04,0.03,0.9,18.08,0.08,0.43,NA,0.67,NA,23.13,NA,15396.59,"C:/Users/freya/OneDrive - Dalhousie University/Ch 1/Freya_Scallops/SCAL_Freya_09-25_2025-11-14.csv",165.4,207.9,9921.2,12476.5,1.5,1.89
"107","2025\08\15\SCAL_0452_2.DATA",0.8,4308.2,1.3,NA,107.4,NA,NA,NA,3.7,1.3,47.8,24.8,1594.3,25.1,12.3,110.2,22.6,NA,48.6,3.8,6.1,5,6.9,NA,62.8,NA,10,2,3.3,507,4,NA,96.4,350.9,18.6,2.9,NA,27.1,28.7,3.9,2.9,29.4,3,169.3,3.5,2.8,65.9,54.4,NA,78.6,5,NA,39,7.4,6.9,116.1,18.6,26.7,1928.7,2.5,NA,NA,NA,NA,4.8,3,100.1,2015,10.4,49.4,NA,77.2,NA,2683.3,NA,45.8,258493.7,79.8,NA,6442.2,NA,NA,NA,221.8,77.2,2867.5,1490.1,95660.9,1507.8,736.7,6609.1,1357.2,NA,2917.5,227.8,363.7,298.3,412.6,NA,3767.3,NA,602.3,118.5,200.5,30417.7,237.9,NA,5781.3,21053.5,1113.8,174.5,NA,1625.8,1722.6,236.3,176.5,1764.1,180.9,10157.7,208.6,168.1,3956.6,3265.3,NA,4714.9,298.6,NA,2338.8,442.2,413.2,6963.7,1118.4,1601.8,115723.1,149.8,NA,NA,NA,NA,288.3,180.6,6004.2,120900.7,622.4,2965.3,NA,4631.7,NA,160997.6,NA,0.01,0,0.01,NA,1.07,NA,NA,NA,0.04,0.01,0.47,0.24,15.35,0.24,0.12,1.07,0.22,NA,0.46,0.04,0.06,0.04,0.07,NA,0.61,NA,0.09,0.02,0.03,4.71,0.04,NA,0.9,3.27,0.17,0.03,NA,0.25,0.27,0.04,0.03,0.27,0.03,1.57,0.03,0.03,0.6,0.49,NA,0.71,0.05,NA,0.35,0.07,0.06,1.04,0.17,0.24,17.37,0.02,NA,NA,NA,NA,0.04,0.03,0.9,18.14,0.09,0.44,NA,0.68,NA,23.23,NA,15463.06,"C:/Users/freya/OneDrive - Dalhousie University/Ch 1/Freya_Scallops/SCAL_Freya_09-25_2025-11-14.csv",170.4,204.2,10225.5,12250.9,1.53,1.84
"108","2025\08\15\SCAL_0453.DATA",1.8,4174.7,2.7,NA,180.6,3.8,NA,NA,5.2,1.4,69.8,33.5,2110.3,36.8,18.9,163.3,33.9,NA,59.7,5.3,8.2,7.6,9.3,NA,84.8,NA,15.6,2.7,5.5,669.1,NA,1,160.2,466.1,24.6,9.9,6.9,47.5,40,5.5,7.7,51,5.7,276.1,6.3,5.8,79.3,79.5,NA,98.9,6.2,NA,54,8.5,10.2,142.8,27.8,43.7,2482.6,3.2,NA,NA,3.8,NA,6.7,4,123.3,2096.2,9.8,71.7,NA,111.3,NA,3589.5,NA,106.5,250480.6,161.2,NA,10834.1,225.3,NA,NA,314.4,85.3,4187.1,2009.6,126616.3,2208.2,1131.2,9797.7,2034.9,NA,3580.1,317.7,494.6,456,559.3,NA,5087.5,NA,938,162.7,332.6,40144.5,NA,61,9610.4,27964.8,1475.3,591.3,414.6,2848,2398.3,329.2,461.1,3062.5,344.7,16565.9,375.3,347.3,4759.5,4770.1,NA,5935.4,370.7,NA,3237.2,508.9,611.6,8567.8,1670.8,2619.6,148955.7,190.5,NA,NA,229.5,NA,402.6,239.8,7396.3,125773.1,588.8,4299.5,NA,6676.2,NA,215371.1,NA,0.01,0,0.02,NA,1.4,0.03,NA,NA,0.04,0.01,0.54,0.25,15.87,0.28,0.14,1.23,0.26,NA,0.44,0.04,0.06,0.05,0.07,NA,0.65,NA,0.11,0.02,0.04,4.85,NA,0.01,1.17,3.4,0.18,0.07,0.05,0.34,0.29,0.04,0.06,0.37,0.04,2,0.05,0.04,0.56,0.56,NA,0.7,0.04,NA,0.38,0.06,0.07,1,0.2,0.31,17.45,0.02,NA,NA,0.03,NA,0.05,0.03,0.87,14.74,0.07,0.49,NA,0.77,NA,24.27,NA,18465.31,"C:/Users/freya/OneDrive - Dalhousie University/Ch 1/Freya_Scallops/SCAL_Freya_09-25_2025-11-14.csv",180.2,219.9,10814.3,13191,1.27,1.55
"109","2025\08\15\SCAL_0454.DATA",2.1,3217.5,1.7,NA,139.3,2.6,NA,NA,5.1,1.4,62.1,27.3,1759,27.5,10.9,130.6,26.5,NA,51.8,2.3,7.7,5.2,8.1,65.4,71.5,NA,9.6,2.3,6.4,521.6,NA,NA,90.1,316.8,13.8,4.1,NA,37,22.1,4.8,NA,31.5,NA,169.5,NA,3.5,70.6,47.6,NA,23.7,6.8,NA,37,2.9,7,136.2,10.5,20.2,1913.7,3.8,NA,3.8,NA,NA,7.4,2.5,103.6,2891.6,8.5,57.6,NA,86.4,NA,3153.7,0.9,127.4,193051.5,101,NA,8359.4,153.5,NA,NA,306.9,85.3,3723.7,1638.9,105538.4,1648.6,656.7,7833.6,1587.3,NA,3105.3,136,460.1,313.9,485.7,3923.4,4288.9,NA,577.5,140.3,386.5,31296.9,NA,NA,5408.4,19010,826.5,244,NA,2219.1,1328.5,288.6,NA,1888.7,NA,10171.1,NA,209.3,4237.5,2854.5,NA,1424.5,407.9,NA,2219.1,171.7,421,8169,627.2,1209.6,114819.5,229.8,NA,226.4,NA,NA,442.4,148.5,6214.1,173493.6,507.5,3458.2,NA,5186.5,NA,189224.4,56.6,0.02,0,0.01,NA,1.21,0.02,NA,NA,0.04,0.01,0.54,0.23,14.78,0.23,0.09,1.1,0.22,NA,0.43,0.02,0.06,0.04,0.07,0.54,0.61,NA,0.08,0.02,0.05,4.22,NA,NA,0.73,2.58,0.11,0.03,NA,0.3,0.18,0.04,NA,0.25,NA,1.37,NA,0.03,0.56,0.38,NA,0.19,0.05,NA,0.29,0.02,0.06,1.07,0.08,0.16,15.03,0.03,NA,0.03,NA,NA,0.06,0.02,0.81,22.72,0.07,0.44,NA,0.67,NA,23.82,0.01,15948.61,"C:/Users/freya/OneDrive - Dalhousie University/Ch 1/Freya_Scallops/SCAL_Freya_09-25_2025-11-14.csv",180.3,219,10818.2,13142.1,1.42,1.72
"110","2025\08\15\SCAL_0455.DATA",1.2,4341.6,2,NA,153.6,3.1,NA,NA,3.7,1.4,62.2,25.6,1740.3,27.2,14.3,127.6,27.1,NA,54.8,4.9,6.1,4.7,9.3,75.8,57.3,NA,13.8,2.5,4.1,544.6,NA,0.8,89.1,343.9,19.9,8.2,5.5,33.1,35.7,4.7,4.4,37.1,NA,221.3,5.7,4.1,75.1,65.7,NA,88.8,5.8,NA,45.4,7.4,7.9,120.9,20.1,38.6,2198.8,2.5,NA,4,NA,NA,7.1,NA,115.8,2116.8,9,51,NA,93.1,NA,2893.6,NA,69.4,260497.5,119.1,NA,9214,184.7,NA,NA,222.4,86.8,3733.6,1536.8,104416.7,1630.6,855.4,7657.9,1628.1,NA,3290.3,292.7,364,284.1,555.6,4545.1,3436.4,NA,825.5,150.5,243.5,32673.6,NA,47.6,5348.5,20631.5,1194.5,494.6,327.1,1983.6,2143.5,282.8,266.1,2224.7,NA,13279.9,341.6,247.3,4507.8,3943.8,NA,5328.6,348.7,NA,2723.7,445.6,475.9,7252.8,1207,2318,131929.4,148.5,NA,241.8,NA,NA,427.6,NA,6949.9,127007.8,537.2,3060.6,NA,5585.4,NA,173616.8,NA,0.01,0,0.02,NA,1.39,0.03,NA,NA,0.03,0.01,0.56,0.22,15.2,0.24,0.13,1.12,0.24,NA,0.47,0.04,0.05,0.04,0.08,0.65,0.51,NA,0.11,0.02,0.04,4.59,NA,0.01,0.75,2.91,0.17,0.07,0.05,0.28,0.3,0.04,0.04,0.31,NA,1.86,0.05,0.03,0.62,0.54,NA,0.73,0.05,NA,0.37,0.06,0.07,0.99,0.16,0.32,17.96,0.02,NA,0.03,NA,NA,0.06,NA,0.95,17.29,0.07,0.41,NA,0.75,NA,22.73,NA,16629.38,"C:/Users/freya/OneDrive - Dalhousie University/Ch 1/Freya_Scallops/SCAL_Freya_09-25_2025-11-14.csv",165.9,220.2,9956.2,13213.1,1.36,1.8
"111","2025\08\15\SCAL_2001.DATA",0.2,4181.3,1.4,NA,130.8,0.2,NA,NA,4.5,2.1,54.9,26.9,1574.3,28.5,13.6,104.5,25.6,NA,49.7,4.8,7,5.9,6.9,62.9,64,NA,9.8,2.4,3.3,455,NA,4.4,88.7,348.4,17.7,3.8,NA,28.9,27.3,2.9,NA,29.5,NA,112.9,1.8,3.5,72.2,51.7,NA,73.5,6.5,NA,41.8,4.1,5.9,116.2,17,23.1,1768.4,4.1,NA,NA,2.8,4.8,7.3,2.3,88.5,2184.5,6.6,50.3,NA,77.8,NA,2921.3,NA,14.8,250876.4,84.3,NA,7850.1,13.3,NA,NA,270,125.7,3292.6,1614.1,94456.2,1711.1,818.3,6269.1,1538,NA,2980.2,289.6,418.6,351.1,411.2,3772.3,3842.1,NA,589.7,142.3,200,27297.6,NA,261.1,5321.3,20906.3,1064.7,230.1,NA,1732.2,1640.1,175.6,NA,1768.2,NA,6774.8,106,212,4329.2,3104,NA,4410.2,387.5,NA,2507.5,244.2,352.8,6971.1,1018.7,1384.5,106101.4,247.4,NA,NA,170.1,289.4,439.3,137.2,5307,131072.6,393.7,3021,NA,4665.8,NA,175278.6,NA,0,0,0.01,NA,1.28,0,NA,NA,0.04,0.02,0.53,0.26,14.93,0.27,0.13,1,0.24,NA,0.47,0.05,0.07,0.05,0.06,0.59,0.62,NA,0.09,0.02,0.03,4.16,NA,0.04,0.82,3.2,0.16,0.04,NA,0.26,0.25,0.03,NA,0.27,NA,1.03,0.02,0.03,0.65,0.46,NA,0.66,0.06,NA,0.37,0.04,0.05,1.03,0.15,0.2,15.68,0.04,NA,NA,0.03,0.04,0.06,0.02,0.78,19.37,0.06,0.44,NA,0.68,NA,24.91,NA,15483.07,"C:/Users/freya/OneDrive - Dalhousie University/Ch 1/Freya_Scallops/SCAL_Freya_09-25_2025-11-14.csv",167.1,187,10023.8,11218.2,1.48,1.66
"112","2025\08\15\SCAL_2002.DATA",1.2,4217.2,1.5,NA,141.7,3.1,NA,NA,4.5,1.6,60.5,23.9,1847.4,31.7,16.9,140.8,30.1,NA,54.8,7.2,8.4,7.4,8.3,77.7,50.2,NA,12.8,2.5,6.2,516.4,5.5,NA,101.8,379.1,21.2,3.2,NA,31.5,36.1,4.4,3.6,38,5.4,228.9,4.9,4.1,79.4,58.7,NA,71.1,3.5,NA,45.2,6.1,6.6,114.5,21.8,29.8,2071.9,3.8,NA,NA,3,NA,6.1,3,105.4,2039.5,8.2,55,NA,97.5,NA,2995.1,NA,73,253035,91.1,NA,8503.2,184,NA,NA,269.6,96.5,3629.8,1431.5,110841.9,1904.6,1012.8,8448.7,1803.7,NA,3287.3,431.5,501.1,444.6,500,4661.7,3013.3,NA,768.4,147.9,372.4,30984.7,330.1,NA,6109.8,22748.7,1274.3,190,NA,1892.8,2164.3,261.1,217.5,2279.9,322,13735.2,293.8,247.7,4764.7,3523.2,NA,4263.4,211.9,NA,2712.6,363.4,397.7,6867.4,1309.2,1790.7,124313.3,226.8,NA,NA,180.3,NA,365.6,182.5,6323.3,122369.3,490.5,3299.3,NA,5849.5,NA,179705.7,NA,0.01,0,0.01,NA,1.28,0.03,NA,NA,0.04,0.01,0.55,0.21,16.2,0.28,0.15,1.24,0.27,NA,0.48,0.06,0.07,0.06,0.07,0.67,0.45,NA,0.11,0.02,0.05,4.37,0.05,NA,0.87,3.22,0.18,0.03,NA,0.27,0.31,0.04,0.03,0.32,0.05,1.94,0.04,0.03,0.66,0.49,NA,0.59,0.03,NA,0.37,0.05,0.05,0.94,0.18,0.24,16.99,0.03,NA,NA,0.02,NA,0.05,0.02,0.86,16.73,0.07,0.44,NA,0.78,NA,23.62,NA,16436.97,"C:/Users/freya/OneDrive - Dalhousie University/Ch 1/Freya_Scallops/SCAL_Freya_09-25_2025-11-14.csv",157.8,173.3,9471,10400.7,1.29,1.42
"113","2025\08\15\SCAL_2003.DATA",1.6,4463.8,1.7,NA,156.5,NA,NA,NA,5.7,1.9,70.4,29.5,2116.2,32.5,16.4,152,31.1,NA,68.8,6.6,9.2,6.7,8,88.9,77,NA,15.6,3.4,4.1,609.2,NA,15.5,112.7,418.1,22.5,4.1,NA,35.7,35.6,4.9,NA,38.3,NA,203.6,4.9,4.8,89.9,66.5,NA,72.6,5.8,NA,52.6,6.3,7.9,155.1,21.5,28.4,2398.9,2,NA,4.6,NA,7.6,11.8,3.9,127,2302,9.5,71.6,NA,109.4,NA,3723.8,1,97.6,267830.2,100.1,NA,9388.8,NA,NA,NA,344.4,113.5,4225.5,1768.7,126973.9,1947.8,982.2,9120.4,1865.9,NA,4128.9,393.1,550.3,402.9,482.9,5332.2,4622.9,NA,937.8,203.7,244.1,36551.4,NA,928,6763.3,25086.2,1352.2,243.6,NA,2139.7,2135.5,295.2,NA,2295.8,NA,12215.5,293.2,286,5395.5,3991.1,NA,4355.8,346.5,NA,3154.9,377.3,476.5,9306.4,1291.2,1702.3,143931.1,117.1,NA,276.2,NA,457.3,709,234.7,7619,138118.7,569.1,4296.4,NA,6566.5,NA,223429.7,58,0.01,0,0.01,NA,1.21,NA,NA,NA,0.04,0.01,0.54,0.22,15.9,0.25,0.12,1.15,0.23,NA,0.51,0.05,0.07,0.05,0.06,0.66,0.59,NA,0.11,0.03,0.03,4.41,NA,0.11,0.82,3.04,0.16,0.03,NA,0.26,0.26,0.04,NA,0.28,NA,1.47,0.04,0.03,0.64,0.47,NA,0.51,0.04,NA,0.37,0.04,0.06,1.09,0.15,0.2,16.85,0.01,NA,0.03,NA,0.05,0.08,0.03,0.89,16.17,0.07,0.49,NA,0.75,NA,25.15,0.01,18717.91,"C:/Users/freya/OneDrive - Dalhousie University/Ch 1/Freya_Scallops/SCAL_Freya_09-25_2025-11-14.csv",196.7,233.3,11800.6,13996.8,1.38,1.64
"114","2025\08\15\SCAL_2004.DATA",5,7067,2.6,NA,263.2,4,NA,NA,8.3,3.9,115,46,3261.8,54.3,27.1,218.5,49.6,NA,101.1,8.8,11.4,10.6,10.9,130.1,102.6,NA,18,4.3,6.4,819.4,NA,20,166.1,601.4,36.4,12.7,8,54.7,51.9,8.1,9.4,62.5,8.4,293,4.8,7,129.2,88.1,NA,110.3,9,9.2,69.6,8.5,12.9,212.8,28,38.2,3557.7,2.2,NA,NA,5.7,9.4,14.5,6.2,177.1,3494.4,15.2,115,NA,148.6,NA,5576.2,1.4,303,424017,154.4,NA,15791.2,237.3,NA,NA,497.4,231.9,6897.6,2762.9,195708.2,3260.3,1625.7,13108.6,2973.1,NA,6064.2,526.5,687,635,655.8,7806.2,6154.6,NA,1079.4,258.7,386.7,49162.4,NA,1200.8,9966.6,36086.5,2183.8,759.9,481.5,3281.2,3116.1,483.9,565.1,3747.2,505.7,17580.6,290.2,417.1,7750,5283.9,NA,6619.2,539.1,552.5,4179,507.7,773.3,12767.1,1682.4,2290.2,213459.5,129.4,NA,NA,341.2,562.5,871.3,369.8,10623.3,209665,912.4,6898.7,NA,8914.7,NA,334570.9,81.1,0.02,0,0.01,NA,1.37,0.02,NA,NA,0.04,0.02,0.6,0.23,16.45,0.28,0.14,1.11,0.25,NA,0.5,0.04,0.06,0.05,0.05,0.65,0.53,NA,0.08,0.02,0.03,3.98,NA,0.1,0.81,2.94,0.18,0.06,0.04,0.27,0.25,0.04,0.05,0.3,0.04,1.42,0.02,0.03,0.62,0.42,NA,0.52,0.04,0.04,0.33,0.04,0.06,1,0.13,0.18,16.78,0.01,NA,NA,0.03,0.04,0.07,0.03,0.83,16.48,0.07,0.53,NA,0.69,NA,25.28,0.01,28280.61,"C:/Users/freya/OneDrive - Dalhousie University/Ch 1/Freya_Scallops/SCAL_Freya_09-25_2025-11-14.csv",282.5,282.8,16949.3,16968,1.33,1.33
"115","2025\08\15\SCAL_2005.DATA",5.5,5244.4,1.7,NA,156,NA,NA,NA,5.4,1,68.6,2.1,2236,NA,35.5,130.2,NA,33.5,NA,68.8,9.7,20.4,6.2,82.8,69.7,NA,11.4,2.4,213.9,566.6,14.6,4.3,138.6,431.3,3.8,3.8,NA,37.8,31,3.7,NA,27.8,6.7,86.4,NA,4.9,86.1,58.6,NA,89.8,NA,NA,45.4,7.3,8.9,144.3,21.1,28.6,2498.3,NA,5.1,NA,4.6,NA,6.7,3.9,133.3,2247.4,NA,78.2,NA,113.5,6.5,3907.2,1.4,328,314663.5,104.1,NA,9361.2,NA,NA,NA,321.4,57.2,4115.3,123,134158.2,NA,2127.2,7812.3,NA,2012,NA,4128.4,584.3,1224.6,373.9,4966.5,4181.2,NA,684.4,145.8,12831,33993.8,873.1,257.2,8317.2,25876.6,225.5,225.9,NA,2266.4,1861.2,222.2,NA,1670.7,403.7,5185.6,NA,294.1,5165.2,3518.4,NA,5390.2,NA,NA,2724.9,437.4,531.5,8655.2,1266.3,1717.4,149900.1,NA,304.2,NA,275.5,NA,401.7,235.7,7999,134844.2,NA,4690.4,NA,6807,388.5,234429.7,81.9,0.04,0,0.01,NA,1.2,NA,NA,NA,0.04,0.01,0.52,0.02,16.65,NA,0.27,0.97,NA,0.23,NA,0.51,0.07,0.14,0.05,0.61,0.53,NA,0.08,0.02,1.6,4.07,0.11,0.03,1,3.11,0.03,0.03,NA,0.27,0.22,0.03,NA,0.2,0.05,0.62,NA,0.03,0.61,0.41,NA,0.63,NA,NA,0.32,0.05,0.06,1,0.15,0.2,17.4,NA,0.04,NA,0.03,NA,0.05,0.03,0.93,15.65,NA,0.53,NA,0.77,0.04,26.16,0.01,19696.48,"C:/Users/freya/OneDrive - Dalhousie University/Ch 1/Freya_Scallops/SCAL_Freya_09-25_2025-11-14.csv",NA,224.5,NA,13471.7,NA,1.56
"116","2025\08\15\SCAL_2006.DATA",NA,2724.6,NA,NA,86.1,NA,NA,NA,3.1,1.1,35.7,17.7,1077,17.9,9.9,74.4,16.2,NA,34.4,3.6,NA,12.1,3.2,48.9,33.2,NA,6.3,NA,4.2,315.2,NA,0,56,213.7,11.4,2.2,NA,19.7,22.3,2.4,NA,20.8,2.3,91.6,NA,NA,46.9,36.3,NA,44.8,2.9,NA,29.1,4.2,4.4,76.2,14.2,19.4,1356.5,2.4,NA,NA,NA,NA,4.2,NA,74.7,1330.1,4.6,36.6,NA,67,NA,1942.4,NA,NA,163475.2,NA,NA,5167.8,NA,NA,NA,185.4,63.6,2143.4,1061,64618.6,1076.1,593,4463.8,974.2,NA,2063.3,217.6,NA,724.6,192.7,2931.8,1994.6,NA,379.9,NA,249.5,18913.3,NA,0,3362.2,12819.3,686.4,133.2,NA,1182,1335.9,142.9,NA,1247.2,135.7,5498.2,NA,NA,2815.5,2175.3,NA,2690.2,175.8,NA,1745.3,254.6,265.4,4573.5,849.4,1165.4,81389.2,141.5,NA,NA,NA,NA,253.1,NA,4484.9,79807.7,275.9,2196.1,NA,4017.4,NA,116543.2,NA,NA,0,NA,NA,1.25,NA,NA,NA,0.04,0.02,0.51,0.25,15.09,0.25,0.14,1.05,0.23,NA,0.48,0.05,NA,0.16,0.04,0.68,0.47,NA,0.08,NA,0.06,4.26,NA,0,0.76,2.9,0.16,0.03,NA,0.27,0.3,0.03,NA,0.28,0.03,1.24,NA,NA,0.62,0.48,NA,0.59,0.04,NA,0.38,0.06,0.06,1,0.19,0.25,17.77,0.03,NA,NA,NA,NA,0.06,NA,0.98,17.42,0.06,0.47,NA,0.86,NA,24.46,NA,10440.35,"C:/Users/freya/OneDrive - Dalhousie University/Ch 1/Freya_Scallops/SCAL_Freya_09-25_2025-11-14.csv",111.4,127.5,6683.1,7652.6,1.46,1.67
"117","2025\08\15\SCAL_2007_1.DATA",4.3,3406.5,NA,NA,92.5,NA,NA,NA,3.5,1,49.7,29.5,1688.9,26.2,9.9,94.5,19.8,NA,49.7,3.9,8.7,4.6,3.2,59.5,61.9,NA,7.1,NA,3.1,657.4,NA,NA,79.6,365.9,14.8,3.1,NA,24.8,26,3.1,NA,25.7,3.9,139.1,5.5,NA,75.8,53.7,NA,41.7,9.7,NA,31.1,4.9,5.6,135.5,11.1,27,1792,3.2,NA,NA,3.4,NA,9,4.3,105.9,2180.4,7.1,46.4,NA,84.8,NA,2863.9,1.3,257.6,204391.2,NA,NA,5551.3,NA,NA,NA,207.3,60.1,2981.3,1770,101334.7,1571,595.7,5671.1,1185.2,NA,2980.5,232.6,519.8,273.7,194.5,3571.8,3716.5,NA,428.3,NA,188.7,39446.4,NA,NA,4778.9,21952.3,885.3,184.1,NA,1488.9,1560.2,184.2,NA,1540,231.4,8348.3,328.3,NA,4545.9,3223.1,NA,2501.1,579.7,NA,1865.5,296,335.9,8129.5,667.8,1622.9,107520.3,189.2,NA,NA,204.6,NA,538.5,255.3,6356.1,130825.5,423.8,2781.2,NA,5086.2,NA,171833.1,77.2,0.04,0,NA,NA,0.88,NA,NA,NA,0.03,0.01,0.47,0.27,15.59,0.24,0.09,0.88,0.18,NA,0.45,0.04,0.08,0.04,0.03,0.54,0.58,NA,0.06,NA,0.03,5.85,NA,NA,0.71,3.27,0.13,0.03,NA,0.22,0.23,0.03,NA,0.23,0.03,1.24,0.05,NA,0.66,0.47,NA,0.36,0.08,NA,0.27,0.04,0.05,1.17,0.1,0.23,15.47,0.03,NA,NA,0.03,NA,0.08,0.04,0.91,18.82,0.06,0.39,NA,0.72,NA,23.77,0.01,15095.52,"C:/Users/freya/OneDrive - Dalhousie University/Ch 1/Freya_Scallops/SCAL_Freya_09-25_2025-11-14.csv",181.3,242.1,10877.5,14524.2,1.57,2.09
"118","2025\08\15\SCAL_2007_2.DATA",3.9,3391.6,NA,NA,92.7,2.6,NA,NA,3.7,0.8,49.7,29.8,1694.9,26.3,10,95.2,19.9,NA,50.5,4.4,9.3,5.6,4.3,59.2,63.8,NA,7.4,2.1,3.1,662.1,NA,NA,79.9,367.6,15,3.4,NA,25.1,26,3.3,NA,24,NA,139,4.6,2.8,76.3,54.1,NA,41.8,9.8,NA,31.3,5.1,6.4,136,11.2,27.6,1802.4,3.5,2.2,NA,2.9,9,13.1,4.4,106.3,2178.8,7.2,47,NA,84.2,NA,2870.6,NA,235.2,203495.9,NA,NA,5564.8,154.1,NA,NA,219.2,49.3,2984.5,1789.2,101696.1,1580.6,601.7,5710.2,1192.1,NA,3027.7,261.6,558.2,336.9,256.9,3552.3,3826.2,NA,445,128.8,184.6,39726,NA,NA,4794.2,22055.8,898.4,204.9,NA,1508.9,1559.3,198.9,NA,1442.7,NA,8342.6,274,169.6,4578.9,3243.9,NA,2506.8,590.8,NA,1875.7,305.3,384.4,8162.5,669.8,1656.6,108141.1,207,133.1,NA,176.1,538.4,787.1,262.2,6376.6,130728,434.1,2822,NA,5049.3,NA,172233.8,NA,0.03,0,NA,NA,0.88,0.02,NA,NA,0.03,0.01,0.47,0.27,15.57,0.24,0.09,0.88,0.18,NA,0.46,0.04,0.08,0.05,0.04,0.54,0.6,NA,0.06,0.02,0.03,5.86,NA,NA,0.71,3.27,0.13,0.03,NA,0.22,0.23,0.03,NA,0.21,NA,1.23,0.04,0.02,0.66,0.47,NA,0.36,0.08,NA,0.27,0.04,0.06,1.17,0.1,0.24,15.48,0.03,0.02,NA,0.03,0.08,0.11,0.04,0.91,18.71,0.06,0.4,NA,0.71,NA,23.71,NA,15054.15,"C:/Users/freya/OneDrive - Dalhousie University/Ch 1/Freya_Scallops/SCAL_Freya_10-25_2025-11-14.csv",183,244.2,10980,14651.5,1.57,2.1
"119","2025\08\15\SCAL_2008.DATA",0.3,4.2,NA,NA,NA,NA,NA,NA,NA,NA,NA,NA,2.1,0.3,NA,NA,NA,NA,NA,NA,NA,NA,NA,NA,0.1,0.1,NA,NA,NA,NA,NA,0,NA,NA,0.1,NA,NA,NA,NA,NA,NA,NA,NA,NA,NA,NA,NA,NA,NA,0.2,NA,NA,NA,NA,NA,0.1,0.1,NA,1.1,NA,NA,NA,NA,NA,NA,NA,NA,NA,NA,NA,0.1,2.4,0.4,1.1,0.2,16.5,250,NA,NA,NA,NA,NA,NA,NA,NA,NA,NA,124.3,19.3,NA,NA,NA,NA,NA,NA,NA,NA,NA,NA,4,5.6,NA,NA,NA,NA,NA,2,NA,NA,5.7,NA,NA,NA,NA,NA,NA,NA,NA,NA,NA,NA,NA,NA,NA,9.1,NA,NA,NA,NA,NA,5.2,7.5,NA,64.8,NA,NA,NA,NA,NA,NA,NA,NA,NA,NA,NA,6.9,146.5,24.7,68.8,11.7,3.11,0,NA,NA,NA,NA,NA,NA,NA,NA,NA,NA,24.98,3.89,NA,NA,NA,NA,NA,NA,NA,NA,NA,NA,0.82,1.12,NA,NA,NA,NA,NA,0.39,NA,NA,1.11,NA,NA,NA,NA,NA,NA,NA,NA,NA,NA,NA,NA,NA,NA,1.73,NA,NA,NA,NA,NA,0.97,1.41,NA,12.17,NA,NA,NA,NA,NA,NA,NA,NA,NA,NA,NA,1.27,27,4.38,12.44,2.13,107.01,"C:/Users/freya/OneDrive - Dalhousie University/Ch 1/Freya_Scallops/SCAL_Freya_10-25_2025-11-14.csv",0.1,NA,5.8,NA,1.09,NA
"120","2025\08\15\SCAL_2009.DATA",0.4,6513.3,2.7,NA,253.7,5.2,NA,NA,9,4.4,127.3,44.9,3909.4,59.3,35.4,254.6,58.5,NA,103.8,7.3,25.8,14.9,16.5,146.9,155.6,NA,25.1,7.7,10.3,1143.6,NA,25.4,219.4,789.7,48.2,15.3,9.1,66.2,58.2,8.4,11.5,73.4,9.5,311.6,9.3,7.1,179.9,155.1,NA,97.6,15.9,11.8,95.7,9.8,15.9,280.7,37.4,57.6,4384.2,10.9,6.7,NA,6.7,14.5,23.7,6.1,206.7,5339.9,18.6,115.6,NA,208.3,NA,7362.8,1.5,23,390800.4,163.9,NA,15220.5,309,NA,NA,542.7,262.1,7637.2,2691.4,234562.6,3558.4,2124,15273.8,3508.2,NA,6226.3,436.2,1548.8,892.1,992.2,8816.4,9335.6,NA,1504.9,460.6,620.1,68617.3,NA,1521.7,13161.4,47384.6,2893.8,915.9,543.5,3973.8,3489.5,503.1,688,4402,567.5,18697.3,557.1,425,10792.9,9308,NA,5854.4,953.6,705.5,5739.1,586.8,956.3,16839.6,2241.4,3457.2,263050.3,652.1,401.7,NA,400.1,869.3,1424.8,366.9,12403,320396.5,1113.8,6935.1,NA,12497.1,NA,441769.5,93,0,0,0.01,NA,1.01,0.02,NA,NA,0.04,0.02,0.51,0.17,15.12,0.23,0.14,0.99,0.23,NA,0.4,0.03,0.1,0.05,0.06,0.56,0.61,NA,0.09,0.03,0.04,4.26,NA,0.1,0.82,2.96,0.18,0.06,0.03,0.25,0.22,0.03,0.04,0.27,0.04,1.16,0.03,0.03,0.66,0.57,NA,0.35,0.06,0.04,0.35,0.04,0.06,1.02,0.14,0.21,15.86,0.04,0.02,NA,0.02,0.05,0.09,0.02,0.75,19.31,0.07,0.41,NA,0.74,NA,25.61,0.01,34337.38,"C:/Users/freya/OneDrive - Dalhousie University/Ch 1/Freya_Scallops/SCAL_Freya_10-25_2025-11-14.csv",345,368.6,20701,22115.8,1.25,1.33
"121","2025\08\15\SCAL_2010.DATA",2.5,16555.9,6.3,4.1,686.9,18.1,2.8,NA,25.2,12.7,303.6,139.6,9041,141.8,81.7,641.2,134.5,NA,260,20.8,55.5,37.3,33.5,337.2,304.4,17.4,65.1,25.2,21.8,2468.8,NA,52.2,552.5,1821.4,114.3,35.5,27.6,170.3,123.2,24.5,22.5,148.4,24.8,809.1,16.1,5.7,318.4,270.8,NA,84,NA,370.6,168.8,20,30.5,650.9,65.1,97.1,10705.6,8.3,18.8,9.1,16.8,36.4,52,14.9,474.9,11499.7,37.7,311.2,5.9,422.3,NA,17540.5,16.5,151.5,993355.5,375.5,248.8,41215.4,1087.7,169.7,NA,1510.7,759.3,18214.8,8374.4,542462,8507.9,4900.8,38472.7,8069.1,NA,15600.2,1248.1,3327.2,2240.6,2007.5,20234.6,18265.7,1044.9,3908.6,1511.5,1307.9,148126.2,NA,3130.7,33150.3,109284.1,6859.4,2129.9,1656.5,10218,7391,1469.5,1349.3,8906.3,1485.9,48543.4,966.7,342.9,19101.6,16246.3,NA,5040.8,NA,22235,10125.4,1198.2,1828.2,39054.8,3908.7,5824.9,642337.4,498.2,1131,548.5,1008.6,2182.8,3117.9,895.6,28494.1,689982,2261.5,18671.2,353.6,25335.2,NA,1052429,990.2,0,0,0.01,0.01,1.19,0.03,0,NA,0.04,0.02,0.52,0.23,15.14,0.24,0.14,1.08,0.23,NA,0.43,0.03,0.09,0.06,0.06,0.56,0.52,0.03,0.1,0.04,0.04,3.99,NA,0.08,0.9,2.96,0.19,0.06,0.04,0.27,0.2,0.04,0.04,0.24,0.04,1.31,0.03,0.01,0.5,0.43,NA,0.13,NA,0.58,0.27,0.03,0.05,1.02,0.1,0.15,16.77,0.01,0.03,0.01,0.03,0.06,0.08,0.02,0.74,18.01,0.06,0.48,0.01,0.65,NA,26.42,0.03,80782.94,"C:/Users/freya/OneDrive - Dalhousie University/Ch 1/Freya_Scallops/SCAL_Freya_10-25_2025-11-14.csv",723.9,616.3,43435.6,36977.4,1.13,0.97
"122","2025\08\15\SCAL_2011.DATA",11.8,5015.5,1.6,NA,134.3,3.2,NA,NA,4.9,2,61.8,34.1,1838.5,33.8,14.5,112.8,29.1,NA,58.3,4.9,5.8,6.9,6.7,79.8,69.6,NA,11.3,2.6,3.3,487.2,2.1,0,94.8,351.5,19.7,4,NA,31.5,28.3,3.5,NA,32.8,3.6,151.3,NA,3.4,81.1,59.7,NA,48.4,5.5,6,44.4,5.7,7.9,139.5,18.7,24,2050.1,3.4,NA,NA,3.4,5.5,8.2,2.9,105.5,2235.2,9.1,70.7,NA,93.7,NA,3374.9,NA,707.6,300932.6,94.3,NA,8057.6,194.5,NA,NA,295,122.8,3711,2048.3,110309.2,2030.8,872,6766.5,1743,NA,3497,296.4,350.1,415.3,404.3,4788.1,4177.2,NA,680.5,155.6,195.4,29233.9,125.1,0.2,5689.7,21089,1181.1,241.6,NA,1888.1,1698.7,211.5,NA,1967.8,217.6,9077.5,NA,201.5,4863.9,3581.9,NA,2904.9,332.7,362.6,2663.2,341.2,476.2,8370,1123.1,1438.4,123006.7,203.4,NA,NA,203,328.6,493.5,176,6328.7,134112.3,544.2,4243.6,NA,5619.2,NA,202492.3,NA,0.09,0,0.01,NA,1.18,0.03,NA,NA,0.04,0.02,0.54,0.29,15.61,0.29,0.12,0.96,0.25,NA,0.49,0.04,0.05,0.05,0.06,0.67,0.6,NA,0.09,0.02,0.03,3.99,0.02,0,0.78,2.89,0.16,0.03,NA,0.26,0.23,0.03,NA,0.27,0.03,1.24,NA,0.03,0.65,0.48,NA,0.39,0.04,0.05,0.35,0.05,0.06,1.11,0.15,0.19,16.27,0.03,NA,NA,0.03,0.04,0.07,0.02,0.84,17.74,0.07,0.55,NA,0.73,NA,25.76,NA,17786.42,"C:/Users/freya/OneDrive - Dalhousie University/Ch 1/Freya_Scallops/SCAL_Freya_10-25_2025-11-14.csv",179.1,179,10743.3,10740.5,1.42,1.42
"123","2025\08\15\SCAL_2012.DATA",0.8,3812,0.3,NA,147.4,1,NA,NA,5,1.6,68.5,28.3,2084.3,31.5,14.9,125.3,29.2,NA,58.5,5.1,9.9,6.5,6.5,75.8,69.7,NA,10.5,3.8,4,595.6,NA,5.1,100.5,432.7,20.5,2.8,NA,33.3,30.5,3.6,NA,32.2,NA,168,NA,4.1,94.3,63.2,NA,83.4,7.8,NA,41.6,5.1,6.7,136.7,16.6,28.1,2161.2,2.1,NA,NA,3.3,7,10.2,3.1,116.8,2323.9,13.5,59.1,NA,115.5,NA,3625.8,NA,47.1,228717.9,16.3,NA,8841.3,61.4,NA,NA,297.2,94,4111.7,1700.5,125056.7,1890.4,891.9,7515.6,1749.7,NA,3512.4,303.1,596.9,389.4,391.1,4550.4,4184.8,NA,631.4,230.6,242.2,35735.3,NA,305.9,6031.6,25963.7,1229.7,169.6,NA,1999,1827.3,214.6,NA,1932.8,NA,10080.1,NA,246.9,5657.9,3789.3,NA,5005.7,467.2,NA,2497.5,306.8,401.4,8200,993.9,1685.6,129673.7,128.2,NA,NA,198.2,419.1,612.2,188.2,7005.7,139432.8,810.5,3547,NA,6929.5,NA,217550.2,NA,0.01,0,0,NA,1.19,0.01,NA,NA,0.04,0.01,0.55,0.22,16.34,0.25,0.12,0.99,0.23,NA,0.45,0.04,0.08,0.05,0.05,0.59,0.56,NA,0.08,0.03,0.03,4.5,NA,0.04,0.76,3.29,0.16,0.02,NA,0.25,0.23,0.03,NA,0.24,NA,1.27,NA,0.03,0.7,0.47,NA,0.61,0.06,NA,0.31,0.04,0.05,1,0.12,0.21,15.84,0.02,NA,NA,0.02,0.05,0.07,0.02,0.86,17.03,0.1,0.42,NA,0.83,NA,25.55,NA,17900.55,"C:/Users/freya/OneDrive - Dalhousie University/Ch 1/Freya_Scallops/SCAL_Freya_10-25_2025-11-14.csv",189.4,206,11365.1,12360,1.39,1.51
"124","2025\08\15\SCAL_2013.DATA",1.8,4448,1.5,NA,146.2,NA,NA,NA,5.4,1.6,64.4,25.8,2125.9,29.3,14.9,118.9,28.8,NA,63.1,4.7,9,4.8,6.6,81.6,56.9,NA,11.2,3.4,6.9,595.7,NA,12.6,116.9,415.6,20.6,3.1,NA,30.9,29.9,3.6,NA,29.7,NA,142.8,5,4,75.5,66.2,NA,72.7,5.5,NA,48.5,6,7.5,130.9,23.1,33.1,2308.6,4.5,NA,4.3,NA,6.5,12,NA,118.8,2406.2,9.3,56.4,NA,100.7,NA,3475,1,108.3,266877.9,89.2,NA,8769.9,NA,NA,NA,321.7,97.9,3864.3,1545.7,127556.1,1759.9,895.9,7133,1726.6,NA,3788.3,280.8,541.4,285.3,393.7,4898.1,3411.1,NA,672.9,203.1,414,35741,NA,756.6,7016,24938.7,1236.1,187.7,NA,1854.5,1792.2,214.8,NA,1781.1,NA,8565.5,299,242.2,4531.9,3969.3,NA,4359.4,331.2,NA,2909.2,358.5,448.4,7854.7,1384.6,1985.6,138518.9,267.9,NA,256.6,NA,389.4,721.9,NA,7129.4,144372.1,555.5,3386.7,NA,6043.1,NA,208499.4,59.4,0.01,0,0.01,NA,1.18,NA,NA,NA,0.04,0.01,0.52,0.2,16.59,0.23,0.12,0.93,0.23,NA,0.49,0.04,0.07,0.03,0.05,0.63,0.45,NA,0.08,0.03,0.05,4.48,NA,0.1,0.88,3.14,0.16,0.02,NA,0.23,0.22,0.03,NA,0.22,NA,1.07,0.04,0.03,0.56,0.49,NA,0.53,0.04,NA,0.36,0.04,0.06,0.96,0.17,0.24,16.84,0.03,NA,0.03,NA,0.05,0.09,NA,0.87,17.55,0.07,0.4,NA,0.72,NA,24.38,0.01,18132.74,"C:/Users/freya/OneDrive - Dalhousie University/Ch 1/Freya_Scallops/SCAL_Freya_10-25_2025-11-14.csv",184.7,213.1,11082.2,12783.3,1.35,1.55
"125","2025\08\15\SCAL_2014.DATA",1.4,3798,1.7,NA,162.4,3.1,NA,NA,5.6,2.4,68.4,26,2131.2,33.2,16.3,139.9,31.2,NA,66.7,6.8,7.3,8.1,8.7,98.9,58.6,3.8,16.3,6.2,8.2,600,NA,16,99.6,363.5,22.7,7.7,6.1,32.1,34.7,4.4,3.4,38.7,NA,225.2,4.7,4.8,84.5,77.4,NA,89.5,4.3,8.6,48.1,7.7,8.4,151.3,22.1,33.8,2354.4,3.8,NA,NA,3.4,5.2,9.1,4.1,119.7,2308.8,10.5,75.9,NA,98,NA,3621.7,NA,86.5,227880.2,100.8,NA,9745.2,188.2,NA,NA,337.3,145.5,4102.8,1559.5,127870.8,1990,978.9,8394,1869.2,NA,3999.2,408,439.7,485.6,521.1,5933.4,3514.2,225.5,981,373.1,490.5,36002.7,NA,961.2,5974.3,21809.8,1364.6,461.8,368.3,1925.7,2081.8,264.4,205.6,2321.8,NA,13510.7,282.8,285.2,5071.5,4646.2,NA,5370.1,256.7,514.2,2885.6,461.2,503,9076.1,1324.6,2030.3,141265.2,229.5,NA,NA,203.6,311.2,547.6,247.4,7179.4,138525.3,629.8,4553.7,NA,5881.6,NA,217301.7,NA,0.01,0,0.01,NA,1.28,0.02,NA,NA,0.04,0.02,0.54,0.2,16.31,0.26,0.13,1.08,0.24,NA,0.5,0.05,0.06,0.06,0.07,0.75,0.46,0.03,0.12,0.05,0.06,4.43,NA,0.12,0.74,2.7,0.17,0.06,0.05,0.24,0.26,0.03,0.03,0.29,NA,1.66,0.03,0.03,0.61,0.56,NA,0.64,0.03,0.06,0.35,0.06,0.06,1.08,0.16,0.24,16.85,0.03,NA,NA,0.02,0.04,0.07,0.03,0.86,16.52,0.07,0.53,NA,0.69,NA,24.92,NA,17829.15,"C:/Users/freya/OneDrive - Dalhousie University/Ch 1/Freya_Scallops/SCAL_Freya_10-25_2025-11-14.csv",162.3,170.9,9739.9,10252.2,1.16,1.22
"126","2025\08\15\SCAL_2015.DATA",1,4001.1,1.8,NA,154.9,3.1,NA,NA,5.2,1.8,63.8,25.5,1931.9,30.6,15.4,130.7,28.9,NA,60.1,4.7,8,6.5,7.2,81.1,47.9,NA,12.4,2.9,6.5,604.3,NA,13.9,105,354.2,22.6,7.6,6.8,33.5,35.7,4.1,3.5,40.4,NA,237.2,4.9,4.1,71.4,65.8,NA,72.2,3.5,NA,47.8,7.8,7.4,116.3,23.8,35.1,2207.6,4.4,NA,NA,4.9,5.9,10.2,3.3,120.2,2122.8,9.4,53.6,NA,97.5,NA,3251.1,NA,58.9,240065.3,105.5,NA,9292.3,184.6,NA,NA,312,106.5,3828.7,1531.3,115911.7,1838.3,925.8,7843.6,1734.6,NA,3603.1,279.6,478.1,392.8,432.8,4867.2,2876.4,NA,744.8,176.3,387.2,36260.7,NA,835.7,6297.4,21249.6,1356.7,453.5,407.4,2008.5,2139.1,247.3,212.3,2424,NA,14230.5,292.3,247.3,4282.7,3947.2,NA,4334.5,212.3,NA,2870.7,470.4,443.2,6975.3,1429.7,2104.7,132453.3,265.4,NA,NA,291.4,356.8,614.3,195.3,7213.4,127365.2,564.7,3216,NA,5848.5,NA,195067.2,NA,0.01,0,0.02,NA,1.33,0.02,NA,NA,0.04,0.02,0.54,0.21,16,0.26,0.13,1.09,0.24,NA,0.49,0.04,0.07,0.05,0.06,0.66,0.4,NA,0.1,0.02,0.05,4.83,NA,0.11,0.84,2.84,0.18,0.06,0.05,0.27,0.28,0.03,0.03,0.32,NA,1.89,0.04,0.03,0.56,0.51,NA,0.56,0.03,NA,0.37,0.06,0.06,0.9,0.18,0.27,17.1,0.03,NA,NA,0.04,0.05,0.08,0.03,0.93,16.44,0.07,0.41,NA,0.74,NA,24.21,NA,16904.91,"C:/Users/freya/OneDrive - Dalhousie University/Ch 1/Freya_Scallops/SCAL_Freya_10-25_2025-11-14.csv",169.2,180.1,10151.6,10809,1.31,1.4
"127","2025\08\15\SCAL_2016.DATA",0.9,4739.4,1.9,NA,180.3,4.5,NA,NA,6.3,2.4,73.9,33.3,2112.8,32.8,15.4,157.9,33.9,NA,66.7,6.1,10.1,7.2,8.2,81.6,68.2,3.8,15.9,5.5,6.5,581.7,NA,13.5,109.1,442.6,19.2,3.5,NA,34.8,33.6,4.4,2.8,40.2,NA,225.9,5.5,4.5,85.5,72.1,NA,83.1,6.1,6.2,44.8,5,7.9,143,19.5,36.2,2432.7,4,NA,NA,3.8,6.6,11.5,4.6,124.4,2271.4,9.7,59.7,NA,96.9,NA,3583.3,NA,55.8,284364.6,111.7,NA,10818.4,269.4,NA,NA,375.1,142.5,4434.3,2000.7,126768.3,1969.1,922.7,9474.5,2034.3,NA,3999.9,368.1,607.3,431.8,492,4897.2,4091,226,953.1,332.2,388.6,34899.4,NA,809.7,6544.1,26554.8,1154.2,207.1,NA,2090.8,2016.9,265.7,167.7,2414.9,NA,13552.1,330.3,267.2,5129.6,4327.4,NA,4987.9,368.8,372.6,2689.7,300.3,475.5,8580.9,1169.3,2169.7,145959.7,241.9,NA,NA,227.4,393.4,689.1,274,7466.6,136286.2,580.5,3582.9,NA,5813.5,NA,214999.7,NA,0.01,0,0.01,NA,1.41,0.03,NA,NA,0.05,0.02,0.58,0.25,16.02,0.25,0.12,1.2,0.26,NA,0.5,0.05,0.08,0.05,0.06,0.61,0.53,0.03,0.11,0.04,0.05,4.25,NA,0.1,0.8,3.25,0.14,0.03,NA,0.25,0.25,0.03,0.02,0.29,NA,1.65,0.04,0.03,0.61,0.52,NA,0.59,0.04,0.04,0.32,0.04,0.06,1.01,0.14,0.26,17.25,0.03,NA,NA,0.03,0.05,0.08,0.03,0.88,16.1,0.07,0.42,NA,0.67,NA,24.43,NA,18900.06,"C:/Users/freya/OneDrive - Dalhousie University/Ch 1/Freya_Scallops/SCAL_Freya_10-25_2025-11-14.csv",186.5,219,11191.5,13137.4,1.32,1.55
"128","2025\08\15\SCAL_2017_1.DATA",1,4150.9,1.3,NA,130.6,NA,NA,NA,5,1.9,58.3,26,1882.8,27.3,14.2,129.5,27.9,NA,58.5,5.3,8.3,6,6.7,69.9,60.2,NA,10.3,3,6.9,526.9,NA,11.7,112.1,407.5,20.1,6.4,4.8,27.6,27.5,3.4,NA,28.4,NA,160.4,NA,3.7,80.8,65.9,NA,81.6,6.6,NA,41.1,4.6,6.3,131.4,15.9,25.1,2005.9,4,NA,NA,NA,7.2,10.3,2.8,103.3,1832.5,7.7,55.8,NA,102,NA,3236.4,NA,60,249056.7,78.5,NA,7837,NA,NA,NA,301.4,111.1,3500.7,1559.7,112970.8,1637.8,849.6,7768.4,1674.9,NA,3507.7,317.8,498.6,362.1,401.5,4193.7,3610.5,NA,619.4,179,411.6,31613,NA,705,6725.1,24447.8,1203.7,384.5,285.6,1653.9,1652.9,204,NA,1702.9,NA,9625.2,NA,222.4,4849.1,3954.9,NA,4895.6,397.7,NA,2464.4,275.1,377.1,7882.8,956.2,1506.7,120354.6,239.1,NA,NA,NA,432.2,616.4,165.5,6195.5,109948.1,459.9,3350.9,NA,6117.7,NA,194182.4,NA,0.01,0,0.01,NA,1.19,NA,NA,NA,0.05,0.02,0.53,0.23,16.55,0.24,0.13,1.14,0.25,NA,0.51,0.05,0.07,0.05,0.06,0.61,0.54,NA,0.08,0.03,0.06,4.46,NA,0.1,0.95,3.47,0.17,0.05,0.04,0.23,0.23,0.03,NA,0.24,NA,1.36,NA,0.03,0.67,0.55,NA,0.67,0.05,NA,0.34,0.04,0.05,1.08,0.13,0.21,16.49,0.03,NA,NA,NA,0.06,0.08,0.02,0.85,15.06,0.06,0.45,NA,0.82,NA,25.57,NA,16317.08,"C:/Users/freya/OneDrive - Dalhousie University/Ch 1/Freya_Scallops/SCAL_Freya_10-25_2025-11-14.csv",165.2,192.7,9912.5,11562.3,1.36,1.58
"129","2025\08\15\SCAL_2017_2.DATA",0.9,4206.5,1.3,NA,132.9,NA,NA,NA,5.2,1.9,59.4,26.9,1923.7,28.3,14.4,132,28.3,NA,59.4,5.4,8.6,6.2,6.5,72,62.4,NA,10.9,4.8,6.3,532,NA,0,108.3,413.2,19.4,3.3,NA,28.3,28.2,3.4,NA,28.4,NA,163.5,NA,3.6,81.4,67.2,NA,83.8,6.7,NA,40.9,4.8,6.8,133,16.5,25,2034.9,4,NA,NA,NA,7.1,10,NA,105.4,1843.2,8.2,56.7,NA,102.5,NA,3269.2,NA,55.8,252391.5,78.5,NA,7973,NA,NA,NA,310,113.1,3565,1615.9,115422.2,1698.1,861.3,7922.7,1696.2,NA,3561,325.4,518.9,373.8,392.3,4322.9,3745,NA,657,285.1,380.2,31920.6,NA,0.3,6495.4,24793.2,1164.2,198.5,NA,1696.1,1690,203.9,NA,1704.4,NA,9811.1,NA,215,4886.8,4032.2,NA,5026.5,400.3,NA,2456.5,289.9,407.9,7979.7,990.7,1501.1,122093.6,240.1,NA,NA,NA,427.1,601.6,NA,6321.3,110589.6,489.8,3402.8,NA,6151.8,NA,196150.3,NA,0.01,0,0.01,NA,1.19,NA,NA,NA,0.05,0.02,0.53,0.23,16.71,0.25,0.13,1.15,0.25,NA,0.51,0.05,0.07,0.05,0.06,0.62,0.55,NA,0.09,0.04,0.06,4.45,NA,0,0.91,3.48,0.16,0.03,NA,0.24,0.24,0.03,NA,0.24,NA,1.37,NA,0.03,0.67,0.55,NA,0.68,0.05,NA,0.33,0.04,0.06,1.08,0.13,0.2,16.52,0.03,NA,NA,NA,0.06,0.08,NA,0.86,14.97,0.06,0.45,NA,0.82,NA,25.53,NA,16520.48,"C:/Users/freya/OneDrive - Dalhousie University/Ch 1/Freya_Scallops/SCAL_Freya_10-25_2025-11-14.csv",174.9,198.8,10494.4,11927.6,1.42,1.61
"130","2025\08\15\SCAL_2018.DATA",1.2,4371.9,1.5,NA,141.6,NA,NA,NA,4.8,1.6,60,25.5,1870.1,31.5,14.8,115.6,28.2,NA,59.5,6,6.2,6.5,7.3,86,57.5,NA,10.8,2.6,4.1,575,14.4,NA,98.9,340.7,21,8.2,5.7,31.3,32.3,4.1,NA,34.7,NA,195.9,5.2,4.2,73.7,58.1,NA,63.6,4.1,NA,46.9,6.5,7.3,140,22.6,27.4,2117.1,4.5,NA,NA,4.1,6,9,3.2,109.5,2138.4,9.2,74.1,NA,97.1,NA,3307.6,NA,70.5,262311.2,92.8,NA,8497.4,NA,NA,NA,288.5,98.5,3597.9,1529.3,112205.2,1889.6,888.3,6938.8,1689.2,NA,3572.7,360.6,370.5,390.8,438.8,5159.5,3448.3,NA,650.2,155.2,247.3,34502.8,863.6,NA,5936,20440.6,1258.2,490.7,341.7,1878.6,1937.3,245.7,NA,2082.3,NA,11755.5,310.7,254.7,4424.6,3486.2,NA,3816.8,243,NA,2815.9,387.8,436.1,8402.4,1353.5,1644.3,127025.4,270.5,NA,NA,246.7,359.1,538.5,189.1,6571.4,128301.9,551.3,4446.2,NA,5828.2,NA,198458.8,NA,0.01,0,0.01,NA,1.23,NA,NA,NA,0.04,0.01,0.52,0.21,15.73,0.27,0.13,0.98,0.24,NA,0.5,0.05,0.05,0.05,0.06,0.72,0.49,NA,0.09,0.02,0.03,4.66,0.12,NA,0.81,2.78,0.17,0.07,0.05,0.25,0.26,0.03,NA,0.28,NA,1.59,0.04,0.03,0.59,0.46,NA,0.5,0.03,NA,0.37,0.05,0.06,1.1,0.18,0.22,16.65,0.04,NA,NA,0.03,0.05,0.07,0.02,0.86,16.82,0.07,0.57,NA,0.75,NA,25.02,NA,17080.39,"C:/Users/freya/OneDrive - Dalhousie University/Ch 1/Freya_Scallops/SCAL_Freya_10-25_2025-11-14.csv",192.3,175.8,11536.1,10547,1.51,1.38
"131","2025\08\15\SCAL_2019.DATA",0.6,3525.6,1.5,NA,145.7,NA,NA,NA,4.9,1.6,60.2,24.8,1808.7,30.4,11.7,113.9,26.7,NA,59.5,4.4,4.8,6.6,5.8,80.7,53.9,NA,11.2,4.3,5.6,522.7,NA,14.7,98.5,344,19.7,7.8,5.9,30.6,31,4.1,NA,32.9,NA,154.5,NA,4.1,64.3,60.6,NA,63.1,2.8,NA,45.6,6.6,7.5,145.8,20.4,22.5,2100,3.4,NA,NA,4,5.1,9.4,3.9,108.2,1741.4,8.8,70.1,NA,92.7,NA,3228.3,NA,33.9,211537.1,89.3,NA,8743.5,NA,NA,NA,291.6,97.8,3613.4,1486.4,108521.7,1822.3,699.3,6836.4,1603.1,NA,3572.3,261.7,289.3,396.1,350.3,4839.9,3236.9,NA,670.6,260.6,338.6,31363.1,NA,882.7,5912.7,20639.4,1183.9,466.3,356.2,1837.9,1857.2,246.9,NA,1976.6,NA,9273,NA,248.4,3855.8,3638.5,NA,3787.3,166.3,NA,2736.8,393.2,451.9,8746.4,1225.3,1351.8,125998.2,205.9,NA,NA,240.6,308,561.4,233,6490,104481,526.2,4207,NA,5561,NA,193699.2,NA,0,0,0.01,NA,1.34,NA,NA,NA,0.04,0.01,0.55,0.22,16.15,0.27,0.1,1.02,0.24,NA,0.53,0.04,0.04,0.06,0.05,0.71,0.49,NA,0.09,0.04,0.05,4.5,NA,0.13,0.85,2.98,0.17,0.07,0.05,0.26,0.27,0.04,NA,0.28,NA,1.33,NA,0.03,0.54,0.51,NA,0.53,0.02,NA,0.38,0.06,0.06,1.22,0.17,0.19,17.54,0.03,NA,NA,0.03,0.04,0.08,0.03,0.9,14.54,0.07,0.57,NA,0.76,NA,25.92,NA,15508.65,"C:/Users/freya/OneDrive - Dalhousie University/Ch 1/Freya_Scallops/SCAL_Freya_10-25_2025-11-14.csv",163.4,164.1,9802.4,9847.9,1.36,1.37
"132","2025\08\15\SCAL_2020.DATA",0.8,3714.9,1.4,NA,143,NA,NA,NA,4.9,2,66.6,30.4,2003.4,32.5,14.9,125.9,31.4,NA,63.8,4.9,7.3,7.1,7.6,87.6,62.8,NA,11.5,3.7,4.6,596.5,4.8,0,102.2,371.4,24.4,9.3,6,33.9,29.1,3.6,NA,36.6,NA,162.9,NA,3.6,95.7,75.3,NA,76.9,5.1,NA,54,5.7,7.5,173.5,21.5,23.1,2252.6,3.7,NA,NA,4.1,7.8,11.5,3.5,115.1,2251.4,9.9,70.4,NA,108.4,NA,3731.1,NA,49.9,222896,83.9,NA,8581.1,NA,NA,NA,295.2,120.5,3998.9,1825.7,120205.9,1949.3,893.7,7556.3,1883,NA,3830.3,294.3,435.8,426.3,453.8,5258.6,3768.6,NA,687.6,222,275.6,35787.3,288.3,0.1,6134.4,22281.5,1463.8,559.6,359.9,2031.5,1745,214.4,NA,2195.9,NA,9773.7,NA,217.3,5742.2,4516,NA,4615.9,303.8,NA,3242.9,341.8,450.7,10410.9,1292.6,1383.1,135157,222.9,NA,NA,243.5,467.6,690.1,210.3,6907.5,135086.2,595.2,4221.2,NA,6502.5,NA,223868.3,NA,0.01,0,0.01,NA,1.15,NA,NA,NA,0.04,0.02,0.53,0.24,15.65,0.26,0.12,0.99,0.25,NA,0.49,0.04,0.06,0.05,0.06,0.68,0.5,NA,0.08,0.03,0.04,4.49,0.04,0,0.77,2.81,0.18,0.07,0.05,0.25,0.22,0.03,NA,0.28,NA,1.23,NA,0.03,0.71,0.56,NA,0.56,0.04,NA,0.4,0.04,0.06,1.27,0.16,0.17,16.45,0.03,NA,NA,0.03,0.06,0.08,0.03,0.84,16.44,0.07,0.5,NA,0.78,NA,26.2,NA,17479.75,"C:/Users/freya/OneDrive - Dalhousie University/Ch 1/Freya_Scallops/SCAL_Freya_10-25_2025-11-14.csv",183.7,204.1,11022.1,12248.1,1.34,1.49
"133","2025\08\15\SCAL_2021.DATA",NA,3818.5,1.4,NA,136.7,NA,NA,NA,4.2,1.6,68.2,24,2030.1,34.9,15.4,138.3,31.5,NA,61.7,6.3,8.4,7.2,7.7,89.9,68.3,NA,16,3.7,7,601,NA,0,107.9,384.3,23.8,3.3,NA,34.9,27.7,4.7,NA,39.6,4.3,218.6,NA,4.2,72.9,63.2,NA,70.4,4.9,NA,45.9,6.4,7,142.9,19.6,24.9,2297.7,3.8,NA,3.6,NA,6.1,9.8,NA,108.6,2259.2,7.6,68.4,NA,94.9,NA,3413.5,NA,NA,229108.4,82.8,NA,8201.2,NA,NA,NA,251,97.7,4090.1,1438.2,121805.3,2091.2,922.3,8295.6,1888.2,NA,3702.5,378.2,505.2,432.4,460.5,5392.4,4095.8,NA,961.6,223.2,422.4,36059.3,NA,1.9,6474.5,23060.3,1426.6,196.7,NA,2095.8,1662,284.2,NA,2375.2,259.3,13115.8,NA,251.8,4375.9,3793.6,NA,4226.1,294.4,NA,2751.5,383.2,422.8,8575.4,1174.1,1491.3,137864.9,228.5,NA,217.3,NA,364,586.1,NA,6516.8,135550.2,456.1,4103.4,NA,5691.8,NA,204810.4,NA,NA,0,0.01,NA,1.12,NA,NA,NA,0.03,0.01,0.56,0.19,16.17,0.28,0.12,1.11,0.25,NA,0.49,0.05,0.07,0.05,0.06,0.71,0.55,NA,0.12,0.03,0.06,4.61,NA,0,0.83,2.97,0.18,0.03,NA,0.27,0.21,0.04,NA,0.3,0.03,1.68,NA,0.03,0.55,0.48,NA,0.53,0.04,NA,0.34,0.05,0.05,1.06,0.15,0.19,17.11,0.03,NA,0.03,NA,0.05,0.07,NA,0.81,16.82,0.06,0.5,NA,0.69,NA,24.44,NA,17260.29,"C:/Users/freya/OneDrive - Dalhousie University/Ch 1/Freya_Scallops/SCAL_Freya_10-25_2025-11-14.csv",171.9,196.6,10316.3,11797.1,1.28,1.46
"134","2025\08\15\SCAL_2022.DATA",NA,2888.3,1.4,NA,143.3,3.5,NA,NA,5.6,2,65.1,29.6,1908.1,33.4,14.4,120.1,27.3,NA,61.9,5.9,60.8,7.3,7.8,85.6,67.2,NA,10.5,3.2,4.7,583.7,NA,14.4,99,314.1,21.2,9.3,5.2,30.8,27,3.9,NA,34.4,NA,193.8,NA,4.1,77.1,66.3,NA,20.3,4.2,2.7,45.8,5.5,8,148.2,24.1,33.3,2205.9,15.2,NA,NA,16.5,18.2,24.9,18.6,140.6,2305.4,47.1,108.1,NA,156.7,NA,3578.1,NA,NA,173300.5,87,NA,8600.6,210.2,NA,NA,333.2,118.2,3904,1778.9,114486.7,2002.8,865.7,7206.5,1640.1,NA,3714.3,355.8,3646.5,440.7,468.3,5133.8,4030.1,NA,628.7,189.2,283.2,35022,NA,864.8,5939.8,18848,1273.5,559.8,312.8,1846.6,1622.7,234.7,NA,2066.4,NA,11626.4,NA,244.3,4626,3975.2,NA,1218.9,253.8,159.8,2748.8,328.7,481.1,8892.3,1446.5,1997.8,132356.1,911.4,NA,NA,992.4,1090.3,1497,1116.3,8436.1,138323.1,2826.2,6488.8,NA,9402.1,NA,214686.8,NA,NA,0,0.01,NA,1.17,0.03,NA,NA,0.04,0.02,0.53,0.23,15.01,0.26,0.11,0.95,0.22,NA,0.48,0.05,0.47,0.05,0.06,0.67,0.54,NA,0.08,0.02,0.04,4.43,NA,0.11,0.75,2.39,0.16,0.07,0.04,0.23,0.21,0.03,NA,0.26,NA,1.47,NA,0.03,0.57,0.49,NA,0.15,0.03,0.02,0.34,0.04,0.06,1.09,0.18,0.24,16.23,0.11,NA,NA,0.12,0.13,0.18,0.14,1.03,16.96,0.34,0.78,NA,1.13,NA,25.31,NA,16711.14,"C:/Users/freya/OneDrive - Dalhousie University/Ch 1/Freya_Scallops/SCAL_Freya_10-25_2025-11-14.csv",205.3,214.3,12315,12858.9,1.51,1.58
"135","2025\08\15\SCAL_2023.DATA",0.2,3049.5,1.9,NA,161.9,3.3,NA,NA,5,1.8,67.4,26.1,2080.4,36.8,18,153.9,32.7,NA,62.7,7.5,7,8.9,8.5,92.1,70.6,NA,17.4,4.4,4.8,635.1,NA,15.3,128,449.2,23.6,8.7,6.6,38.8,40,4.9,4.2,42.9,5.8,235.6,6,4.6,82.3,70.3,NA,79.7,5.2,NA,54.8,8.1,9.8,151.1,25.8,36.4,2237.2,3.6,NA,NA,6,6.6,10.5,3.9,115.2,2282.3,9.7,71.9,NA,102,NA,3585,NA,13.4,182972.4,116.2,NA,9712,197.9,NA,NA,297.7,110.4,4041.3,1566.5,124824.7,2210,1079.9,9236.8,1960.2,NA,3759.7,449.5,418.4,531.8,509.6,5527.2,4233.9,NA,1044.7,266,290.6,38107.3,NA,915.5,7679.7,26951.9,1416.5,523.2,395.8,2325.5,2402.9,293.3,249.6,2571.2,350.2,14136.8,359.8,274.2,4939.5,4217.9,NA,4781.7,312,NA,3289.9,486.1,586.6,9063.4,1545.9,2185.5,134234.7,216.4,NA,NA,359.5,394.9,629.3,232.2,6910.8,136940.1,583,4315.2,NA,6122.7,NA,215098,NA,0,0,0.02,NA,1.28,0.02,NA,NA,0.04,0.01,0.53,0.2,15.94,0.28,0.14,1.19,0.25,NA,0.47,0.06,0.05,0.06,0.06,0.7,0.55,NA,0.12,0.03,0.04,4.69,NA,0.11,0.95,3.33,0.18,0.06,0.05,0.29,0.3,0.04,0.03,0.32,0.04,1.74,0.04,0.03,0.6,0.51,NA,0.57,0.04,NA,0.39,0.06,0.07,1.08,0.18,0.26,16.02,0.03,NA,NA,0.04,0.05,0.08,0.03,0.82,16.35,0.07,0.5,NA,0.72,NA,24.69,NA,16991.35,"C:/Users/freya/OneDrive - Dalhousie University/Ch 1/Freya_Scallops/SCAL_Freya_10-25_2025-11-14.csv",175.2,186.2,10511,11172.1,1.25,1.33
"136","2025\08\15\SCAL_2024.DATA",0.3,5031.1,2.3,NA,162.6,3.1,NA,NA,5,1.7,62.8,32.2,1905.7,32.7,16.7,138.8,30.4,NA,56.7,7,6,7.5,8.3,84,66.7,NA,15.9,3,4.6,585.7,NA,14.4,104.3,376.7,18.6,3.5,NA,34.1,38.9,4.5,7.1,43.2,4.9,221.7,6.3,4.9,79.1,68.7,NA,84.1,4.2,NA,51.1,7.2,9,134.2,26.2,36.8,2279.5,3.8,NA,NA,4.2,6,9.9,3.3,118.4,2235.2,9.3,62.9,NA,102.5,NA,3238.4,NA,20.2,301868.8,137.6,NA,9753.2,183.7,NA,NA,297.8,103.7,3769.5,1929.4,114339.3,1960.5,1000,8329.4,1823.1,NA,3400.7,420,358.3,447.4,500,5041.6,4004.3,NA,954.8,177.1,278,35142.2,NA,862.2,6257.3,22599.8,1118.9,210.2,NA,2043.2,2332.5,270.6,426.5,2591.7,295.9,13304.1,375.1,296.6,4745.4,4121.8,NA,5046.8,253.4,NA,3065.5,429.3,542.7,8054.8,1570.7,2206.5,136768.5,228.7,NA,NA,249.4,358.8,595.7,198.7,7104.2,134112.9,555.5,3775.4,NA,6152.8,NA,194305.8,NA,0,0,0.02,NA,1.36,0.02,NA,NA,0.04,0.01,0.52,0.26,15.42,0.27,0.14,1.13,0.25,NA,0.45,0.06,0.05,0.06,0.07,0.67,0.55,NA,0.12,0.02,0.04,4.57,NA,0.11,0.82,2.95,0.15,0.03,NA,0.27,0.3,0.04,0.06,0.34,0.04,1.73,0.05,0.04,0.6,0.53,NA,0.64,0.03,NA,0.39,0.05,0.07,1.02,0.2,0.28,17.25,0.03,NA,NA,0.03,0.05,0.08,0.03,0.9,16.92,0.07,0.47,NA,0.76,NA,23.57,NA,18261.67,"C:/Users/freya/OneDrive - Dalhousie University/Ch 1/Freya_Scallops/SCAL_Freya_10-25_2025-11-14.csv",192.9,210.5,11572.4,12629.3,1.46,1.59
"137","2025\08\28\SCAL_0505_8_28_2025 6_16_17 PM.DATA",2.9,2960,1.4,NA,143,3.4,NA,NA,4.3,1.4,55.9,25.1,1993.4,31.1,19.2,166.9,29.7,NA,52.5,10.8,7.1,6.5,11.9,72.8,54.2,8.7,14.4,2.7,9.7,578.2,NA,15.1,102.2,386,27.8,9.2,5.9,35.1,49.3,6.1,6,35.9,2.7,289.7,9.4,3.8,71.3,63.7,NA,100,5.4,NA,49.1,9.8,8.8,114.2,25.7,37.4,2593.3,4.1,NA,NA,2.7,5.5,11.1,4.3,152.6,2357,11.8,52,2,98.9,NA,2878.6,2,176.1,177598.9,85.5,NA,8579.2,204.2,NA,NA,259.6,84.4,3354.4,1505.9,119603,1865,1154.4,10015.2,1780.1,NA,3152.6,649.6,426.9,391.9,711.7,4366.1,3251.5,522.7,863.1,160.3,582.6,34691.9,NA,904.3,6135,23159.8,1667.1,551,356.2,2107.3,2958.1,367.6,362.5,2151.2,164.1,17384.6,563.6,226.5,4277.3,3821.3,NA,6000.5,321.2,NA,2945.6,589.9,526.7,6853.5,1541.2,2245.4,155595.9,247.5,NA,NA,161.7,330.5,668.1,260.5,9153.7,141421.5,711,3118.2,121.1,5931.1,NA,172717.5,120.5,0.02,0,0.01,NA,1.17,0.03,NA,NA,0.04,0.01,0.46,0.2,15.8,0.25,0.15,1.33,0.24,NA,0.41,0.09,0.06,0.05,0.09,0.57,0.44,0.07,0.11,0.02,0.08,4.42,NA,0.12,0.79,2.96,0.21,0.07,0.05,0.27,0.38,0.05,0.05,0.27,0.02,2.21,0.07,0.03,0.53,0.48,NA,0.74,0.04,NA,0.37,0.07,0.07,0.85,0.19,0.28,19.21,0.03,NA,NA,0.02,0.04,0.08,0.03,1.13,17.46,0.09,0.38,0.01,0.72,NA,20.51,0.01,16434.4,"C:/Users/freya/OneDrive - Dalhousie University/Ch 1/Freya_Scallops/SCAL_Freya_10-25_2025-11-14.csv",184.3,224.9,11055.8,13496,1.37,1.67
"138","2025\08\28\SCAL_0506_8_28_2025 6_39_06 PM.DATA",NA,3.1,NA,NA,NA,NA,NA,0.3,NA,NA,NA,NA,2,0.3,NA,NA,NA,NA,NA,NA,0.1,NA,NA,0.1,NA,NA,NA,0.4,NA,NA,NA,0,NA,NA,0.1,NA,0.3,0.1,NA,0.1,0.2,0.1,NA,0.3,NA,NA,0.1,0.1,NA,NA,NA,NA,0.1,NA,0.2,0.1,NA,NA,1.4,0.1,NA,0.1,0.2,0.1,0.1,0.2,0.5,0.1,NA,0.5,NA,2.8,NA,0.5,1.8,NA,188.6,NA,NA,NA,NA,NA,16.7,NA,NA,NA,NA,120.3,17.9,NA,NA,NA,NA,NA,NA,8.3,NA,NA,8.6,NA,NA,NA,23.3,NA,NA,NA,1.8,NA,NA,5,NA,16,5.1,NA,4.4,10.3,7.1,NA,20,NA,NA,8.5,8.2,NA,NA,NA,NA,6.2,NA,14.2,7.9,NA,NA,83.4,3.5,NA,7.8,13.5,9,5.1,9.5,31.9,6.7,NA,29.6,NA,167.1,NA,29.9,110.6,NA,0,NA,NA,NA,NA,NA,1.99,NA,NA,NA,NA,15.35,2.3,NA,NA,NA,NA,NA,NA,1.05,NA,NA,1.08,NA,NA,NA,2.98,NA,NA,NA,0.23,NA,NA,0.62,NA,1.97,0.63,NA,0.54,1.26,0.88,NA,2.46,NA,NA,1.02,0.99,NA,NA,NA,NA,0.75,NA,1.71,0.94,NA,NA,9.95,0.42,NA,0.93,1.61,1.07,0.6,1.14,3.8,0.8,NA,3.47,NA,19.54,NA,3.43,12.82,50.41,"C:/Users/freya/OneDrive - Dalhousie University/Ch 1/Freya_Scallops/SCAL_Freya_10-25_2025-11-14.csv",0.2,NA,14.1,NA,1.68,NA
"139","2025\08\28\SCAL_0507_8_28_2025 7_01_45 PM.DATA",NA,0.4,0.1,0.1,NA,NA,NA,NA,NA,0.1,NA,0.1,0.2,NA,NA,NA,NA,NA,NA,NA,NA,NA,NA,NA,NA,NA,NA,NA,NA,NA,0.1,0,NA,NA,NA,NA,NA,NA,NA,NA,0.3,NA,NA,NA,NA,0,NA,0.1,0.2,NA,NA,NA,0.1,NA,NA,0.1,0.1,0.4,NA,0.2,0.1,NA,NA,NA,0.1,0.4,NA,0.4,0.2,0.1,0.1,0.1,0.5,0.2,4.1,NA,21.5,6.2,5.8,NA,NA,NA,NA,NA,8,NA,4.9,12.9,NA,NA,NA,NA,NA,NA,NA,NA,NA,NA,NA,NA,NA,NA,NA,NA,NA,4.5,0.1,NA,NA,NA,NA,NA,NA,NA,NA,16.3,NA,NA,NA,NA,2.4,NA,6.4,13.2,NA,NA,NA,3.4,NA,NA,6.1,7.4,25.9,NA,13.1,6.7,NA,NA,NA,8.6,26.8,NA,22.2,11.2,7.4,5.5,5.7,28.3,11.9,247,NA,0,1.35,1.26,NA,NA,NA,NA,NA,1.72,NA,1.03,2.69,NA,NA,NA,NA,NA,NA,NA,NA,NA,NA,NA,NA,NA,NA,NA,NA,NA,0.91,0.02,NA,NA,NA,NA,NA,NA,NA,NA,3.29,NA,NA,NA,NA,0.47,NA,1.27,2.59,NA,NA,NA,0.67,NA,NA,1.2,1.45,5.06,NA,2.56,1.31,NA,NA,NA,1.67,5.22,NA,4.33,2.15,1.41,1.06,1.08,5.21,2.23,46.8,112.91,"C:/Users/freya/OneDrive - Dalhousie University/Ch 1/Freya_Scallops/SCAL_Freya_10-25_2025-11-14.csv",NA,NA,NA,NA,NA,NA
"140","2025\08\28\SCAL_0508_8_28_2025 7_24_35 PM.DATA",5.9,4150,1.2,NA,130,3,NA,NA,4,1,55.6,25.6,1876.4,29.8,15.1,133.6,26.5,NA,47.7,4.3,10,5.6,8.5,65.7,51,8.3,10.7,2.3,9.9,600.8,NA,6.7,85.9,346.1,19.1,6.5,4.6,30.6,41.5,5.1,5.4,33,6.6,239.1,9.7,3.4,61.1,49.1,NA,42.3,5.9,NA,40.5,6.5,6.5,114.6,19.7,35.6,2345.3,3,NA,NA,3.8,6.7,11.1,4,138.2,2386.4,7.9,53.3,NA,98.8,NA,3081.7,1.4,354.9,248998.7,72.1,NA,7800.2,178.8,NA,NA,241.7,62,3334.7,1533.5,112586.1,1786.1,908.6,8015.5,1587.6,NA,2859.9,256.1,601.6,335.5,508,3943.8,3057.4,499.2,641.6,137.9,596.7,36050.2,NA,403.8,5156.8,20767.8,1146.6,392.4,274.5,1835.7,2489.1,305.9,322.1,1980.8,393.1,14347.6,579.1,203.5,3665.1,2945.4,NA,2538.7,354.7,NA,2431.1,390.6,390.1,6875.2,1179.1,2137.7,140716.4,181,NA,NA,226.5,402.7,664,242.4,8291.7,143181,473.8,3196.6,NA,5929.6,NA,184901.6,81.7,0.05,0,0.01,NA,1.11,0.02,NA,NA,0.03,0.01,0.47,0.21,15.45,0.25,0.13,1.11,0.22,NA,0.39,0.03,0.08,0.04,0.07,0.54,0.43,0.07,0.08,0.02,0.08,4.77,NA,0.05,0.69,2.76,0.15,0.05,0.04,0.24,0.33,0.04,0.04,0.26,0.05,1.9,0.08,0.03,0.48,0.38,NA,0.33,0.05,NA,0.31,0.05,0.05,0.88,0.15,0.27,18.06,0.02,NA,NA,0.03,0.05,0.09,0.03,1.06,18.37,0.06,0.4,NA,0.75,NA,22.81,0.01,17134.06,"C:/Users/freya/OneDrive - Dalhousie University/Ch 1/Freya_Scallops/SCAL_Freya_10-25_2025-11-14.csv",176.2,205.6,10572.7,12333.8,1.36,1.58
"141","2025\08\28\SCAL_0509_8_28_2025 7_47_24 PM.DATA",2,2849,NA,1.2,104.1,3.1,NA,NA,3.3,1.2,44,26.3,1512.4,24.6,12.5,107.9,20.9,NA,52,6.6,NA,5.1,7,62,53.3,5.3,9.1,NA,7.1,490.1,2,0,74.8,326.5,21,4,NA,24.9,36.2,3.3,4.8,24.7,8.5,172,7.5,2.2,57.4,53.7,NA,103.4,6.1,NA,37.3,6.4,6.2,131.7,23.8,30.4,1888,4,NA,NA,6.1,5.7,9.2,3.7,104.8,1883.6,18.9,56.4,NA,83.9,NA,2587.3,8.8,118,170939.7,NA,72.4,6244.1,184.6,NA,NA,196.8,73.4,2642.8,1579.7,90744.5,1473.5,748.9,6474.8,1251.1,NA,3118.9,394.5,NA,306.8,419.8,3721,3198.9,320.7,546.5,NA,426.1,29406.8,120,0.3,4488.5,19590.9,1261,239.9,NA,1492.7,2170.4,196.1,289.7,1483.6,511.4,10321.1,447.1,132,3443.9,3219.7,NA,6205.4,368.3,NA,2235.8,383.7,374.4,7902.6,1427.4,1825.6,113281.2,238.9,NA,NA,368,339.3,549.4,220.3,6290.1,113018.4,1131.6,3384.3,NA,5033.6,NA,155235.3,529.7,0.02,0,NA,0.01,1.06,0.03,NA,NA,0.03,0.01,0.45,0.26,14.92,0.24,0.12,1.07,0.21,NA,0.51,0.06,NA,0.05,0.07,0.61,0.53,0.05,0.08,NA,0.07,4.66,0.02,0,0.71,3.12,0.2,0.04,NA,0.24,0.34,0.03,0.05,0.24,0.08,1.64,0.07,0.02,0.53,0.5,NA,0.96,0.06,NA,0.35,0.06,0.06,1.21,0.22,0.28,17.41,0.04,NA,NA,0.06,0.05,0.08,0.03,0.97,17.37,0.17,0.51,NA,0.76,NA,22.94,0.08,13701.82,"C:/Users/freya/OneDrive - Dalhousie University/Ch 1/Freya_Scallops/SCAL_Freya_10-25_2025-11-14.csv",163.9,203.3,9832.3,12199.4,1.51,1.87
"142","2025\08\28\SCAL_0354.DATA",6.5,4169.2,2,NA,115.4,NA,NA,NA,4.3,1.1,56.5,21.2,1814.6,27.8,14.3,110,24.6,NA,49.9,3.3,9.4,5.8,3.9,56.3,50.9,NA,8.8,3.4,10.3,450,2.3,NA,110.2,370,16.1,2,NA,25,18.9,3,NA,19.5,NA,117.6,NA,3.4,68.3,46.9,NA,37.5,6.2,NA,29.1,2.3,4.3,88,8.9,21.6,1525,6,NA,NA,4.2,5.5,9.4,NA,75,3151.4,6,45.1,NA,86.5,NA,2826.3,2.4,391.6,250154.5,117,NA,6926.7,NA,NA,NA,258.3,64.6,3390.8,1270.9,108873.1,1669.1,855.7,6600.5,1478.6,NA,2993.2,199.8,566.7,346.4,231.3,3376.7,3056.7,NA,529.6,201.4,617.7,27001.4,137.6,NA,6609.1,22203,965.3,122.3,NA,1500.5,1134.3,182.6,NA,1172.7,NA,7057.4,NA,202.3,4099.2,2811.6,NA,2252.2,369.4,NA,1745.3,136.6,258.6,5282.9,532.2,1295.1,91500.8,362.7,NA,NA,250.4,330.7,562.8,NA,4500.1,189085.4,359.1,2706.6,NA,5187.3,NA,169579,146.4,0.05,0,0.02,NA,1.06,NA,NA,NA,0.04,0.01,0.52,0.19,16.17,0.25,0.13,0.99,0.22,NA,0.44,0.03,0.08,0.05,0.03,0.5,0.46,NA,0.07,0.03,0.09,3.87,0.02,NA,0.95,3.2,0.14,0.02,NA,0.21,0.16,0.03,NA,0.17,NA,1.01,NA,0.03,0.57,0.39,NA,0.31,0.05,NA,0.24,0.02,0.04,0.73,0.07,0.18,12.71,0.05,NA,NA,0.03,0.05,0.08,NA,0.62,26.26,0.05,0.37,NA,0.71,NA,22.64,0.02,16243.62,"C:/Users/freya/OneDrive - Dalhousie University/Ch 1/Freya_Scallops/SCAL_Freya_10-25_2025-11-14.csv",134.6,173.3,8076.2,10400.1,1.12,1.44
"143","2025\08\28\SCAL_0355.DATA",13.6,3609.7,1.7,1.1,113,NA,NA,NA,5.2,2,54.3,33.4,1616.5,27.6,13.8,109.7,24.4,NA,63.7,6.5,6.6,6.1,6.3,67.9,65.6,NA,10.8,2.7,3.9,428.6,2.5,0,84.1,346.6,21.2,3.7,NA,23.9,21.9,3.6,1.7,23.5,5,121.1,NA,3.8,75.7,43.6,NA,87,6.2,NA,33.2,3.5,4.5,94.6,19.8,16.7,1512.5,1,NA,NA,4,4.7,7.5,NA,84.3,3101.9,18.6,50.8,NA,80.1,NA,2762.6,7.3,816.2,216581,100.1,67,6781.1,NA,NA,NA,309.6,122.6,3260.4,2006.3,96989.5,1655.3,828.6,6580.4,1463.2,NA,3820.1,389.6,397.7,367.7,378.3,4072.4,3934.1,NA,645.1,161.7,232.4,25716.4,148.1,0.2,5046.3,20794.2,1271.2,223,NA,1435.8,1316.1,214.1,102.9,1411.1,301.8,7269,NA,230.6,4541.4,2614.8,NA,5217.6,370.7,NA,1990.2,208.9,271.4,5675.2,1187.1,1001.7,90751.7,62,NA,NA,239.8,283.4,449.3,NA,5058.1,186115.8,1117.4,3047,NA,4804.8,NA,165756.8,435.9,0.12,0,0.02,0.01,1.06,NA,NA,NA,0.05,0.02,0.51,0.3,14.64,0.25,0.13,1,0.22,NA,0.57,0.06,0.06,0.05,0.06,0.61,0.6,NA,0.09,0.02,0.04,3.74,0.02,0,0.74,3.04,0.19,0.03,NA,0.21,0.19,0.03,0.01,0.21,0.04,1.06,NA,0.03,0.65,0.37,NA,0.74,0.05,NA,0.28,0.03,0.04,0.8,0.17,0.14,12.81,0.01,NA,NA,0.03,0.04,0.06,NA,0.71,26.27,0.15,0.42,NA,0.67,NA,22.5,0.06,15463.89,"C:/Users/freya/OneDrive - Dalhousie University/Ch 1/Freya_Scallops/SCAL_Freya_10-25_2025-11-14.csv",166.4,181.9,9984.3,10914,1.41,1.54
"144","2025\08\28\SCAL_0356_1.DATA",6.9,2104.1,1.7,NA,122.1,2.8,NA,NA,4.3,1.1,64.3,24.4,1782.5,30.6,14.9,99.3,22.7,NA,54.4,4.9,7.6,5.2,5.2,66.4,54.8,NA,9.7,4.1,4.7,490.9,NA,5.7,95.4,379.3,18.4,2.5,NA,26.1,20.1,3.3,NA,27.9,4.8,174.5,NA,3.3,86.7,52.9,NA,31.9,6.3,NA,34,2.7,4.5,84.5,17,29.8,1656.1,5.1,NA,1.9,NA,5.2,9.8,NA,92.3,3460,12.6,44.4,NA,90.1,NA,2963.2,4.3,412.7,126245.2,102.3,NA,7324.4,170.9,NA,NA,256.6,68.3,3855.9,1465.4,106949.7,1833,892.8,5960.1,1363.7,NA,3266.5,293.7,458.5,309.2,310,3986.8,3286.3,NA,581.6,243.6,283.9,29456.4,NA,340,5722.2,22758.1,1103.7,148.2,NA,1567.3,1207.1,198.3,NA,1676.6,290.6,10470.7,NA,197,5200.8,3172.9,NA,1911.9,375.4,NA,2037.2,164.2,270.1,5067.9,1021.5,1790.7,99367.2,306,NA,116.8,NA,312,588.5,NA,5537.3,207600.9,756.3,2665.5,NA,5404.5,NA,177790.9,258,0.05,0,0.01,NA,1.05,0.02,NA,NA,0.04,0.01,0.55,0.2,14.89,0.26,0.13,0.83,0.19,NA,0.45,0.04,0.06,0.04,0.04,0.55,0.47,NA,0.08,0.03,0.04,3.95,NA,0.05,0.77,3.07,0.15,0.02,NA,0.21,0.16,0.03,NA,0.23,0.04,1.41,NA,0.03,0.68,0.42,NA,0.25,0.05,NA,0.27,0.02,0.04,0.66,0.13,0.23,12.94,0.04,NA,0.02,NA,0.04,0.08,NA,0.72,27.03,0.1,0.34,NA,0.69,NA,22.26,0.03,14934.41,"C:/Users/freya/OneDrive - Dalhousie University/Ch 1/Freya_Scallops/SCAL_Freya_10-25_2025-11-14.csv",161.5,197.7,9689.5,11859.4,1.26,1.54
"145","2025\08\28\SCAL_0356_2.DATA",6.2,1858.1,1.6,NA,108.8,2.6,NA,NA,3.6,1.1,57.8,21.8,1571.1,27.6,13.6,87.9,20.2,NA,47.7,4.3,6.1,4.6,4.8,59,48.4,NA,8.9,3.5,11.2,429.2,NA,2.7,86,334.7,16.4,2.1,NA,22.8,18.3,3.3,NA,24.1,4.1,154.1,NA,NA,75.8,46.4,NA,26.9,5.4,NA,29.1,2.8,4.2,73.4,15.3,26.2,1444.5,4.8,NA,NA,2,4.2,8.5,2,79.7,2945.8,11.9,38,NA,78.3,NA,2539.9,NA,370.4,111487.3,95.5,NA,6529.7,155.1,NA,NA,213.4,64.6,3465.2,1306.3,94267.3,1653.3,817.2,5272.8,1213.3,NA,2863.6,258.1,364.5,273.5,289.3,3540.3,2906.5,NA,531.1,208,670,25749.7,NA,164.7,5162,20084.3,986.3,128.1,NA,1366.6,1095.6,197.1,NA,1444.5,247.5,9247.8,NA,NA,4549.6,2785.6,NA,1611.1,323.4,NA,1745.2,169.6,250.5,4403.2,919.6,1571.9,86667.2,289.7,NA,NA,121.1,253.2,509.9,118.4,4784.3,176748.4,713.4,2280.9,NA,4696.9,NA,152393.4,NA,0.06,0,0.02,NA,1.08,0.02,NA,NA,0.04,0.01,0.57,0.21,15.15,0.27,0.13,0.85,0.2,NA,0.46,0.04,0.06,0.04,0.05,0.56,0.47,NA,0.08,0.03,0.11,3.99,NA,0.03,0.8,3.13,0.15,0.02,NA,0.21,0.17,0.03,NA,0.22,0.04,1.43,NA,NA,0.69,0.42,NA,0.24,0.05,NA,0.26,0.03,0.04,0.66,0.14,0.24,13.02,0.04,NA,NA,0.02,0.04,0.08,0.02,0.72,26.56,0.11,0.34,NA,0.69,NA,22.02,NA,12971.56,"C:/Users/freya/OneDrive - Dalhousie University/Ch 1/Freya_Scallops/SCAL_Freya_10-25_2025-11-14.csv",144.7,172.1,8680.4,10328.5,1.3,1.55
"146","2025\08\28\SCAL_0357.DATA",6.7,3473.6,1.5,NA,166.7,3.6,NA,NA,6.3,1.9,72.1,34.8,2322.7,32.8,17.6,141.6,34.5,NA,64.6,3.4,11,6.2,7.8,73.5,55.4,NA,10.5,4.3,6.4,612.3,NA,13.4,110.1,474.4,27.1,8.1,5.2,32.2,35.1,4,NA,31.1,NA,139.6,3.7,3.7,96.4,69.5,NA,83.9,6.7,NA,47.2,5.7,7.3,118.2,22,32.6,2366.1,3.1,NA,NA,3.4,7.5,11.6,4.1,142.1,3058.8,10.9,54.4,NA,121.3,NA,4027.7,1.2,403.4,208417.1,89.3,NA,10001.5,217.1,NA,NA,378.8,115.8,4324.6,2087.8,139359.4,1967.5,1053.6,8498.5,2071.2,NA,3873.9,201.2,661.9,374.7,470.1,4410.9,3321.3,NA,631.2,257.4,386.3,36739.5,NA,805.1,6608.3,28464.4,1627.5,484,314.3,1934.2,2107.6,241,NA,1866.4,NA,8378.6,222.2,219.2,5786.6,4169.7,NA,5036.5,399.2,NA,2829.5,344.3,436.9,7093.7,1322.5,1955.5,141967.9,185.6,NA,NA,203.7,448.7,693.7,248.9,8527.7,183529.7,653.5,3261.1,NA,7276,NA,241660,74.1,0.04,0,0.01,NA,1.2,0.02,NA,NA,0.05,0.01,0.51,0.24,16.12,0.23,0.12,0.99,0.24,NA,0.44,0.02,0.08,0.04,0.05,0.5,0.39,NA,0.07,0.03,0.04,4.1,NA,0.09,0.74,3.19,0.18,0.05,0.04,0.22,0.23,0.03,NA,0.21,NA,0.93,0.02,0.02,0.63,0.46,NA,0.55,0.04,NA,0.31,0.04,0.05,0.77,0.14,0.21,15.35,0.02,NA,NA,0.02,0.05,0.08,0.03,0.92,19.85,0.07,0.35,NA,0.77,NA,25.13,0.01,18937.55,"C:/Users/freya/OneDrive - Dalhousie University/Ch 1/Freya_Scallops/SCAL_Freya_10-25_2025-11-14.csv",182,225.9,10921.1,13556.8,1.18,1.47
"147","2025\08\28\SCAL_0358.DATA",10.4,3342.6,2,NA,166,3.7,NA,NA,6.3,2.7,75.8,33.7,2173.7,36.9,17.9,153.1,31.6,NA,79.4,5.4,10,8,7.8,84.7,69.9,NA,14.3,4.2,5.9,564.9,NA,10.7,113.2,407.8,30,9.7,6,32.2,31.2,4.8,1.8,33.8,5.1,211.3,5.3,4.4,97.2,64.7,NA,116.9,7,NA,42.3,6.6,6.8,111.7,22.8,26.4,2225.5,4.5,1.4,NA,3.4,7,12.3,3.2,124,2781.8,14.2,57.2,NA,99.8,NA,3473.7,NA,625.3,200556.4,121.5,NA,9961.7,223.1,NA,NA,376.3,162.6,4546.1,2021.6,130421.9,2211.3,1075,9184.4,1893.7,NA,4764.5,326.9,601.3,481.7,466.8,5079.8,4194.4,NA,859.9,249.3,354.7,33894.9,NA,639.2,6793.7,24466.6,1797.9,582.2,358.5,1930.6,1869.4,287.6,106.8,2026.6,307.4,12676.5,320,263.4,5831.5,3881.9,NA,7012.5,420.2,NA,2539.9,395.1,405.5,6702.4,1366.3,1582.8,133528.6,270.8,83.1,NA,202.1,422.1,735.8,191.3,7437.6,166908.7,854.6,3430,NA,5987.3,NA,208420.9,NA,0.07,0,0.02,NA,1.28,0.03,NA,NA,0.05,0.02,0.58,0.25,16.2,0.28,0.13,1.15,0.24,NA,0.59,0.04,0.07,0.06,0.06,0.62,0.53,NA,0.1,0.03,0.04,4.06,NA,0.08,0.82,2.95,0.22,0.07,0.04,0.23,0.22,0.03,0.01,0.24,0.04,1.52,0.04,0.03,0.68,0.46,NA,0.82,0.05,NA,0.3,0.05,0.05,0.78,0.16,0.18,15.51,0.03,0.01,NA,0.02,0.05,0.09,0.02,0.86,19.39,0.1,0.39,NA,0.68,NA,23.28,NA,17710.97,"C:/Users/freya/OneDrive - Dalhousie University/Ch 1/Freya_Scallops/SCAL_Freya_10-25_2025-11-14.csv",205.9,226.3,12356.9,13579.7,1.44,1.58
"148","2025\08\28\SCAL_0359.DATA",12.5,2743.1,1.2,NA,129.5,NA,NA,NA,5.2,1.8,63.1,28.3,1959.8,29.6,13.5,106.6,29.4,NA,59.8,3.6,10.6,15.1,3.2,65.8,68.3,NA,7.4,3.8,3.4,499.6,NA,0,84.1,358.1,18.7,3.7,NA,25.2,19.6,2.6,NA,24.3,2.5,94.5,0.1,NA,78,63.9,NA,68.9,5.3,NA,39.6,2.9,5.5,123.6,12.8,18.7,1647.9,4.3,NA,NA,3.4,5.7,8.9,NA,81,2597.1,10,52.7,NA,84,NA,3420.1,NA,748.5,164583.9,75,NA,7768.3,NA,NA,NA,314.7,107.4,3785.8,1696.4,117588.7,1774.3,812.4,6395.5,1765.8,NA,3590.4,217.1,633.4,905.3,194.4,3946.9,4098.2,NA,441.2,226.9,205.5,29973.9,NA,0,5043.9,21486.3,1122.5,223.8,NA,1512.4,1177.5,153.4,NA,1459.9,151.7,5670.6,7.9,NA,4683,3834.5,NA,4131.4,317.2,NA,2376.4,175.3,332.9,7413.4,769.6,1124.9,98874.6,258,NA,NA,203.8,341.1,531.9,NA,4862.6,155823.8,598.7,3160.4,NA,5039.5,NA,205209,NA,0.1,0,0.01,NA,1.14,NA,NA,NA,0.05,0.02,0.55,0.24,16.7,0.25,0.12,0.91,0.25,NA,0.5,0.03,0.09,0.12,0.03,0.55,0.59,NA,0.06,0.03,0.03,4.1,NA,0,0.69,2.96,0.15,0.03,NA,0.21,0.16,0.02,NA,0.2,0.02,0.78,0,NA,0.63,0.51,NA,0.55,0.04,NA,0.32,0.02,0.04,0.98,0.1,0.15,13.13,0.03,NA,NA,0.03,0.05,0.07,NA,0.65,20.69,0.08,0.41,NA,0.66,NA,26.2,NA,15343.88,"C:/Users/freya/OneDrive - Dalhousie University/Ch 1/Freya_Scallops/SCAL_Freya_10-25_2025-11-14.csv",166.2,205.8,9974.8,12350.5,1.32,1.64
"149","2025\08\28\SCAL_0124.DATA",18.3,4720.7,1.2,4.2,105.4,NA,NA,NA,5.1,0.7,54.7,30,1856.3,26.5,15.8,158.2,24.5,NA,52.2,4.9,17.6,6.3,3.1,43.2,58.3,NA,8.3,NA,4.5,592.7,NA,0,125.8,538.9,14.1,4.1,NA,20.9,5.4,2.4,NA,18.1,3.3,180.5,4.7,3.5,70.5,68.9,NA,146.1,9.2,NA,29.7,3.5,3.2,92.1,33.8,30.1,1784.2,4,NA,NA,14.9,7.4,11,NA,91.1,2247.7,36.9,33.7,NA,94.6,NA,3096.7,12.4,1096.5,283239.1,70.3,251.5,6326.7,NA,NA,NA,304.5,44.3,3281.2,1799.9,111376.4,1589,947.4,9491.9,1470,NA,3130,291.9,1054.2,377.9,185.7,2594.2,3498,NA,496.9,NA,272.3,35559.8,NA,0.3,7545.2,32331.4,843.5,245.1,NA,1255.3,326.4,145.2,NA,1086.1,198.9,10828.1,284.5,211.9,4231.6,4136.8,NA,8763.5,549.3,NA,1783.5,208.2,189.4,5525.1,2028.6,1807.4,107049.3,241.8,NA,NA,895.6,442.6,662,NA,5468,134862.2,2213.1,2021.3,NA,5678.6,NA,185802.2,746.4,0.15,0,0.01,0.04,0.93,NA,NA,NA,0.04,0.01,0.48,0.26,15.85,0.23,0.14,1.36,0.21,NA,0.44,0.04,0.15,0.05,0.03,0.37,0.51,NA,0.07,NA,0.04,4.88,NA,0,1.04,4.46,0.12,0.03,NA,0.17,0.04,0.02,NA,0.15,0.03,1.49,0.04,0.03,0.57,0.56,NA,1.17,0.07,NA,0.24,0.03,0.03,0.74,0.27,0.24,14.24,0.03,NA,NA,0.12,0.06,0.09,NA,0.73,17.94,0.29,0.26,NA,0.74,NA,23.77,0.1,17335.1,"C:/Users/freya/OneDrive - Dalhousie University/Ch 1/Freya_Scallops/SCAL_Freya_10-25_2025-11-14.csv",209.2,274.7,12549.2,16483.4,1.67,2.19
"150","2025\08\28\SCAL_0125.DATA",22,2739,1,NA,95.8,NA,NA,NA,4.4,0.9,47.5,20.2,1760.2,27.4,13.5,96.5,24.4,NA,45.8,4.3,16.2,4.4,2.9,49.6,58,NA,7.1,NA,9.7,550.7,NA,0,101.8,381.7,16.6,2,NA,20.7,21.7,1.9,3,16.1,NA,121.8,4,4.4,64.8,61.4,NA,69.2,4.7,NA,32.2,4,3.3,96.2,12.2,21.2,1675.4,3.9,NA,2.8,NA,5.4,10.8,NA,84.8,2131.9,7.3,36.7,NA,73.8,NA,2938.9,NA,1318.4,164339.7,62.7,NA,5749.6,NA,NA,NA,261.3,55.5,2850.9,1213.6,105610.5,1641.2,810.1,5788.6,1464.8,NA,2748.8,257.7,972.2,264.4,175.6,2975.1,3481.5,NA,426.1,NA,580.6,33041.2,NA,0.3,6106.9,22904.3,998.4,119.8,NA,1242.4,1302.6,115,180.1,965.8,NA,7305.5,240.1,261.4,3886.8,3682.7,NA,4151.5,280.1,NA,1933.2,240.8,198.3,5771.6,730.1,1272.9,100521.7,234.9,NA,166.5,NA,322.1,645.1,NA,5089.5,127913.3,435.7,2204.6,NA,4427.6,NA,176331.9,NA,0.19,0,0.01,NA,0.93,NA,NA,NA,0.04,0.01,0.46,0.19,16.58,0.26,0.13,0.91,0.23,NA,0.43,0.04,0.15,0.04,0.03,0.46,0.56,NA,0.06,NA,0.09,5,NA,0,0.93,3.48,0.15,0.02,NA,0.19,0.2,0.02,0.03,0.15,NA,1.11,0.04,0.04,0.58,0.55,NA,0.61,0.04,NA,0.29,0.04,0.03,0.85,0.11,0.19,14.76,0.03,NA,0.02,NA,0.05,0.09,NA,0.75,18.78,0.06,0.32,NA,0.64,NA,24.89,NA,14085.01,"C:/Users/freya/OneDrive - Dalhousie University/Ch 1/Freya_Scallops/SCAL_Freya_10-25_2025-11-14.csv",150.6,210.5,9037.4,12627.1,1.33,1.85
"151","2025\08\28\SCAL_0126.DATA",26,1873.1,NA,NA,97,NA,NA,NA,3,NA,46.3,17.1,1645.4,22,10.9,94.6,20.8,NA,39.8,2.7,11.3,2.7,NA,45.2,46.8,NA,6.2,NA,8.9,489.1,NA,NA,79.4,338.9,16,2,NA,20.4,20.2,4.1,NA,15,2.4,107.6,NA,2.6,66.9,57.9,NA,80.4,6.1,NA,29.3,3.5,3.9,87.1,10.9,23.4,1694.5,3.7,NA,NA,NA,6.3,9.8,NA,81.3,1948.2,6.9,34.2,NA,78.5,NA,2608,NA,1563,112384.5,NA,NA,5817.5,NA,NA,NA,177.7,NA,2776.4,1024.7,98725.3,1317.3,653.4,5676.2,1246.9,NA,2386.4,162.6,680.6,162,NA,2711.4,2810.2,NA,374.7,NA,536,29346.1,NA,NA,4765,20333.7,959.3,119.5,NA,1223.4,1210.9,248.3,NA,903,144.9,6456,NA,156,4011.6,3476.4,NA,4824.2,367.3,NA,1755.6,208.3,236.5,5226,652,1405.9,101671.5,223.7,NA,NA,NA,378.7,590.7,NA,4877.3,116892.3,411.3,2054.8,NA,4708.4,NA,156482,NA,0.25,0,NA,NA,1.02,NA,NA,NA,0.03,NA,0.48,0.17,16.72,0.22,0.11,0.97,0.21,NA,0.4,0.03,0.11,0.03,NA,0.45,0.48,NA,0.06,NA,0.09,4.79,NA,NA,0.78,3.34,0.16,0.02,NA,0.2,0.2,0.04,NA,0.15,0.02,1.05,NA,0.02,0.64,0.56,NA,0.77,0.06,NA,0.28,0.03,0.04,0.83,0.1,0.22,16.1,0.04,NA,NA,NA,0.06,0.09,NA,0.77,18.52,0.06,0.32,NA,0.73,NA,23.83,NA,12431.47,"C:/Users/freya/OneDrive - Dalhousie University/Ch 1/Freya_Scallops/SCAL_Freya_10-25_2025-11-14.csv",152.7,196.3,9161.9,11775.8,1.45,1.87
"152","2025\08\28\SCAL_0127.DATA",16.3,4914.6,1.7,1.5,119.3,NA,NA,NA,4.7,NA,56.1,24.3,1950,30.6,16.2,101.1,28.6,NA,51.5,4.6,15,7.1,3,56.2,66.7,NA,9.5,2.7,4.2,590.6,NA,9.7,116.7,500.1,24,3.6,NA,26.1,28,2.3,4.2,22.7,8.6,148.6,NA,3.5,74.9,63.2,NA,106.7,6.6,NA,40.2,4,4,111.9,23,24.7,1959.8,4.2,NA,NA,6.4,5.5,11.8,3.5,92.2,2325.2,23.5,49.6,NA,98,NA,3678.6,7.7,976.7,294877.8,102.9,89.7,7159.6,NA,NA,NA,282.9,NA,3365.6,1458.4,117001.3,1834.8,972.3,6064.7,1714.4,NA,3092.2,278.2,898.9,429,183,3372.3,4001.7,NA,570.1,162.9,253.1,35433.5,NA,579.2,7002.7,30005.9,1437,213.8,NA,1568.1,1678.7,139.9,251.1,1364.7,513.6,8915.2,NA,211.2,4492,3792.8,NA,6401.5,394,NA,2409.4,241.8,239.9,6714.8,1381.1,1484.8,117590.7,250.1,NA,NA,381.3,328.4,706.4,210.4,5529.8,139515,1411.1,2977.2,NA,5880.1,NA,220716.3,461.2,0.12,0,0.01,0.01,0.99,NA,NA,NA,0.04,NA,0.46,0.2,15.67,0.25,0.13,0.82,0.23,NA,0.41,0.04,0.12,0.05,0.02,0.45,0.54,NA,0.07,0.02,0.03,4.58,NA,0.08,0.91,3.89,0.19,0.03,NA,0.2,0.22,0.02,0.03,0.18,0.07,1.15,NA,0.03,0.57,0.48,NA,0.81,0.05,NA,0.3,0.03,0.03,0.84,0.17,0.19,14.73,0.03,NA,NA,0.05,0.04,0.09,0.03,0.69,17.47,0.17,0.37,NA,0.72,NA,26.58,0.06,18296.8,"C:/Users/freya/OneDrive - Dalhousie University/Ch 1/Freya_Scallops/SCAL_Freya_10-25_2025-11-14.csv",194.8,237.3,11686.1,14239.5,1.46,1.78
"153","2025\08\28\SCAL_0128.DATA",20.5,4641.1,NA,NA,79.6,NA,NA,NA,3.3,0.9,44.9,23,1403.7,22.1,10.1,69.9,20.3,NA,43.9,2.1,7,3.7,2.4,46.1,58.5,NA,5.4,NA,10.5,421.7,1.3,NA,65.2,304.5,17,3.6,NA,18.2,13.8,4.2,NA,16,4.6,74.3,NA,2.4,71.7,58.3,NA,85.7,6.9,NA,31.2,3.9,3.4,105.3,14.3,19.6,1437.9,3.8,NA,NA,NA,6.6,9.4,NA,71.3,1909.7,15.1,40.6,NA,69.3,NA,2654.5,6.9,1230.9,278464.3,NA,NA,4776.4,NA,NA,NA,195.8,55.4,2696.4,1378.4,84221.3,1326.8,606.1,4195.3,1219,NA,2632.2,128.7,418.2,220.8,144.2,2768,3507.4,NA,325,NA,632,25300.5,75.2,NA,3910.7,18272.5,1020.4,213.4,NA,1093.6,828,254.3,NA,961.7,274,4456.9,NA,142.1,4300.4,3495,NA,5141.9,416.8,NA,1871.6,232.1,202.1,6320,859,1176.8,86272.8,228.6,NA,NA,NA,397.7,565.7,NA,4277.9,114581.7,906.3,2433.8,NA,4156.6,NA,159272.8,416.3,0.21,0,NA,NA,0.89,NA,NA,NA,0.04,0.01,0.5,0.25,15.23,0.24,0.11,0.76,0.22,NA,0.47,0.02,0.07,0.04,0.03,0.5,0.64,NA,0.05,NA,0.11,4.41,0.01,NA,0.69,3.2,0.18,0.04,NA,0.19,0.14,0.04,NA,0.17,0.05,0.78,NA,0.02,0.73,0.6,NA,0.87,0.07,NA,0.32,0.04,0.03,1.07,0.15,0.2,14.59,0.04,NA,NA,NA,0.07,0.1,NA,0.72,19.38,0.15,0.4,NA,0.69,NA,25.9,0.07,14512.98,"C:/Users/freya/OneDrive - Dalhousie University/Ch 1/Freya_Scallops/SCAL_Freya_10-25_2025-11-14.csv",147.4,194.7,8841.4,11684.4,1.5,1.98
"154","2025\08\28\SCAL_0129.DATA",20.2,2822.4,NA,NA,81.6,NA,NA,NA,3.8,1.1,38.8,19,1453.2,21.3,8.6,79.5,21.4,NA,48.7,3.9,9.5,4.8,2.9,44.8,46.5,NA,5.5,NA,2.9,440,NA,7.9,68.2,286.4,15.4,3.3,NA,14.9,15.8,4,NA,12.2,NA,87.4,0.1,2.5,49.2,50.3,NA,54.4,3.1,NA,26.5,2.6,2.3,90.7,10.1,12,1439.4,3.6,NA,NA,NA,4.9,6.4,NA,68.6,1818,8.4,31.3,NA,57.9,NA,2548.2,NA,1214.2,169345.3,NA,NA,4898,NA,NA,NA,230.8,66.6,2326.4,1140.3,87194.7,1277.3,518.2,4767.3,1282.7,NA,2922.6,231.9,568.5,289.8,174.6,2686.2,2787.1,NA,329.1,NA,174.9,26399,NA,471.5,4090.7,17186.3,926.7,195.3,NA,892.3,948.6,239.3,NA,732.9,NA,5243.6,4.9,152.7,2954.4,3015.6,NA,3263,185.3,NA,1592.5,154.2,135.6,5440.7,608.5,722.9,86362.3,217.7,NA,NA,NA,292.1,383.1,NA,4113.5,109078.1,503.7,1880.9,NA,3474.4,NA,152889.5,NA,0.21,0,NA,NA,0.95,NA,NA,NA,0.04,0.01,0.45,0.21,16.36,0.24,0.1,0.9,0.24,NA,0.54,0.04,0.11,0.05,0.03,0.5,0.53,NA,0.06,NA,0.03,4.77,NA,0.09,0.74,3.12,0.17,0.04,NA,0.16,0.17,0.04,NA,0.13,NA,0.95,0,0.03,0.52,0.53,NA,0.58,0.03,NA,0.28,0.03,0.02,0.95,0.11,0.13,15.15,0.04,NA,NA,NA,0.05,0.07,NA,0.72,19.13,0.09,0.32,NA,0.6,NA,25.78,NA,12383.66,"C:/Users/freya/OneDrive - Dalhousie University/Ch 1/Freya_Scallops/SCAL_Freya_10-25_2025-11-14.csv",123.5,146.1,7409.4,8767.1,1.3,1.54
"155","2025\08\28\SCAL_0348_1.DATA",16.5,2352.2,NA,NA,95.7,NA,NA,NA,3.2,1.1,46.1,17.1,1158.5,19.4,10.1,72.8,16.9,NA,33.7,3,5.2,3.6,2.9,45.3,38.9,NA,6.2,NA,7.5,346,NA,0,57.4,261.3,8.2,NA,NA,17.6,13.8,2.2,NA,15.7,2.4,78.9,NA,3,60.6,35.3,NA,55.7,5.3,NA,21.6,1.6,3.1,79.6,9.6,13.9,1120.4,3.8,NA,NA,NA,4.1,5.7,NA,62.6,1486,8.4,35,NA,64.2,NA,1940.6,NA,987.2,141129.9,NA,NA,5743.4,NA,NA,NA,191,63.4,2764.2,1028.8,69512.4,1163.7,607.3,4368.5,1015.9,NA,2022.3,181.7,311.9,213.9,172.6,2717.8,2332.6,NA,369.9,NA,448.1,20762.7,NA,0.1,3446.5,15677.2,489.8,NA,NA,1055.9,825.5,132,NA,944,141.1,4736.3,NA,182.8,3635.8,2116.8,NA,3343.6,319.3,NA,1295.5,94.5,183.4,4776.9,574.2,835.7,67226.1,226.8,NA,NA,NA,245.1,343.9,NA,3754.4,89162.8,504.2,2098.2,NA,3851.9,NA,116437.5,NA,0.21,0,NA,NA,1.37,NA,NA,NA,0.05,0.01,0.65,0.24,16.01,0.27,0.14,1.01,0.24,NA,0.46,0.04,0.07,0.05,0.04,0.62,0.55,NA,0.08,NA,0.1,4.61,NA,0,0.77,3.5,0.11,NA,NA,0.23,0.18,0.03,NA,0.21,0.03,1.05,NA,0.04,0.79,0.46,NA,0.72,0.07,NA,0.28,0.02,0.04,1.03,0.12,0.18,14.48,0.05,NA,NA,NA,0.05,0.07,NA,0.81,19.21,0.11,0.44,NA,0.81,NA,24.12,NA,10067.17,"C:/Users/freya/OneDrive - Dalhousie University/Ch 1/Freya_Scallops/SCAL_Freya_10-25_2025-11-14.csv",100,143.9,5998.5,8634.7,1.29,1.86
"156","2025\08\28\SCAL_0348_2.DATA",16.7,2387.2,1.1,NA,97.2,NA,NA,NA,3.3,NA,47,17.1,1169.5,19.2,9.6,73.9,17.2,NA,32.3,NA,5.3,3.6,3.2,45.4,40,NA,6.7,NA,2.5,351,NA,NA,58.1,265.1,12.1,2.4,NA,18,14.5,2.2,NA,15.5,NA,77.1,NA,3,61.7,35.4,NA,55.7,5.3,NA,22.5,0,2.8,81.2,9.2,13.8,1132.4,4.1,NA,NA,NA,4.4,5.9,NA,61.9,1483.6,7.9,35.6,NA,64.7,NA,1946.6,NA,999.5,143232.6,66.6,NA,5832,NA,NA,NA,200.1,NA,2820.9,1025.1,70172.1,1151.2,575.6,4435.9,1034.9,NA,1937.7,NA,317.9,213.4,189.1,2726.1,2401.9,NA,404.9,NA,148.7,21058.7,NA,NA,3485.8,15904.3,724.6,141.5,NA,1081.2,870.1,133.7,NA,930.2,NA,4628.5,NA,178.7,3702.2,2123,NA,3341,316.4,NA,1352.8,0.4,168.2,4872.8,551.9,827.2,67944.7,248.1,NA,NA,NA,262.6,354.1,NA,3715.6,89014.1,472,2136.8,NA,3881.5,NA,116793.2,NA,0.21,0,0.02,NA,1.38,NA,NA,NA,0.05,NA,0.66,0.23,16.08,0.27,0.13,1.02,0.24,NA,0.44,NA,0.07,0.05,0.04,0.62,0.56,NA,0.09,NA,0.03,4.65,NA,NA,0.77,3.53,0.16,0.03,NA,0.24,0.19,0.03,NA,0.21,NA,1.02,NA,0.04,0.8,0.46,NA,0.72,0.07,NA,0.29,0,0.04,1.04,0.12,0.18,14.55,0.05,NA,NA,NA,0.06,0.08,NA,0.8,19.07,0.1,0.45,NA,0.82,NA,24.06,NA,10163.27,"C:/Users/freya/OneDrive - Dalhousie University/Ch 1/Freya_Scallops/SCAL_Freya_10-25_2025-11-14.csv",103.7,145.3,6224.3,8716.9,1.33,1.87
"157","2025\08\28\SCAL_0349.DATA",18.6,2391.5,0.2,NA,100.6,NA,NA,NA,3.7,1.2,50.8,21.8,1368.7,22.6,11,85.5,18.5,NA,38.8,1.5,6.1,3.8,3.8,55.3,47.7,NA,8.1,NA,3.1,410.3,NA,0,76.2,276.1,13.8,2.7,NA,22.8,16.9,3,NA,21.6,NA,115.2,NA,2.8,75,42.4,NA,16.7,5.5,NA,26.3,2.6,3.8,99.8,8.6,17.6,1372.1,4.3,NA,NA,NA,5.1,8,NA,75.2,1611.8,6.9,47.7,NA,78.7,NA,2523,NA,1118.5,143487.5,9.1,NA,6037.9,NA,NA,NA,222.8,71.4,3048.5,1310.9,82120.8,1357.5,660.7,5131.3,1112.1,NA,2330.7,87.8,366.5,227.2,227.8,3315.3,2859.9,NA,485.1,NA,184.8,24616.5,NA,0.2,4572.1,16564.1,828.3,162.5,NA,1366.8,1012.5,179.2,NA,1296.3,NA,6909.6,NA,169.4,4499.7,2541.2,NA,1000.2,328.3,NA,1577.2,155,225.4,5990.7,518.2,1055.2,82325.6,256.8,NA,NA,NA,307.2,477.3,NA,4511.5,96706.5,412.4,2860.8,NA,4720.6,NA,151379,NA,0.2,0,0,NA,1.2,NA,NA,NA,0.04,0.01,0.6,0.25,15.86,0.26,0.13,1,0.22,NA,0.45,0.02,0.07,0.04,0.04,0.63,0.56,NA,0.09,NA,0.04,4.58,NA,0,0.86,3.1,0.15,0.03,NA,0.25,0.19,0.03,NA,0.24,NA,1.29,NA,0.03,0.82,0.46,NA,0.18,0.06,NA,0.29,0.03,0.04,1.08,0.09,0.19,14.86,0.05,NA,NA,NA,0.06,0.09,NA,0.81,17.46,0.07,0.51,NA,0.84,NA,26.28,NA,11617.68,"C:/Users/freya/OneDrive - Dalhousie University/Ch 1/Freya_Scallops/SCAL_Freya_10-25_2025-11-14.csv",126.1,174.6,7568,10477.1,1.37,1.89
"158","2025\08\28\SCAL_0350.DATA",27.3,3702.7,1.4,2,146.2,NA,NA,NA,5.5,1.7,70.3,4.5,2045.4,35.5,18,150.2,30.1,NA,74.3,7,11.3,6.7,7.6,80.5,93.7,NA,15.2,3.5,4.3,586,NA,13.8,116.8,519.5,18.3,7.1,NA,30,31.2,3.7,NA,29.5,18.6,159.1,NA,5,97,72.3,NA,154.5,8.9,NA,45.8,6.8,7.1,132.6,35.6,22.8,2024,6.3,3.5,NA,14.6,6.5,11.8,3,102.3,2392.7,32.2,56.1,NA,106.6,NA,3551.4,11.7,1637.7,222161.6,83.5,117.6,8774.1,NA,NA,NA,332.7,99.9,4217.2,268.6,122723.9,2131.8,1082.2,9011,1806.9,NA,4459.7,417.7,679.4,400.3,453.2,4828.2,5622.6,NA,909.5,207.8,260.4,35157.3,NA,829.1,7007.4,31170.8,1097.6,426.2,NA,1800.4,1872.6,221,NA,1771.6,1116.6,9545.1,NA,301.3,5817.4,4337.7,NA,9271.5,535.7,NA,2746.9,407.2,423.4,7955.1,2136.3,1370,121442.8,375.4,211.1,NA,875.5,392.2,706.3,179.5,6135.8,143562.5,1932.4,3364.6,NA,6396.4,NA,213084.5,702.9,0.2,0,0.01,0.02,1.16,NA,NA,NA,0.04,0.01,0.56,0.03,15.75,0.28,0.14,1.16,0.23,NA,0.57,0.05,0.09,0.05,0.06,0.61,0.73,NA,0.11,0.03,0.03,4.35,NA,0.1,0.87,3.88,0.14,0.05,NA,0.22,0.23,0.03,NA,0.22,0.14,1.18,NA,0.04,0.71,0.53,NA,1.12,0.06,NA,0.33,0.05,0.05,0.95,0.26,0.16,14.58,0.05,0.03,NA,0.11,0.05,0.08,0.02,0.74,17.23,0.23,0.4,NA,0.75,NA,24.59,0.08,17687.16,"C:/Users/freya/OneDrive - Dalhousie University/Ch 1/Freya_Scallops/SCAL_Freya_10-25_2025-11-14.csv",219.2,264.5,13150.6,15870.7,1.58,1.9
"159","2025\08\28\SCAL_0351.DATA",26.5,4755.1,1.7,NA,118,NA,NA,NA,4.3,1.3,63.6,3.4,1801.5,29,12.2,100.3,23.6,NA,54.9,3.8,11,5.1,3.3,64.3,67.5,NA,9.6,2.7,4.2,562.6,NA,6.2,97.1,419.8,20.1,3.3,NA,22.4,16.3,2.4,NA,19.6,6.4,91.2,NA,3.4,92.6,59.1,NA,104.6,8.1,NA,33.2,3.7,4.2,113.1,17,15.9,1658.2,5.3,NA,NA,4.5,7.1,10.5,NA,83.1,2071.4,17.7,47.2,NA,88.2,NA,3157.8,7.4,1591.5,285303.5,103.9,NA,7082.4,NA,NA,NA,255.9,75.3,3815.5,203.7,108087.8,1739.5,734.4,6020.2,1415.6,NA,3295.3,226.2,662.3,304.3,199.2,3858.5,4047,NA,577.4,164.8,253.9,33753.1,NA,372,5826.3,25189.1,1205.2,195.9,NA,1342.1,977.4,145,NA,1175.7,384.4,5472.1,NA,205,5558.5,3545.7,NA,6273.3,486.1,NA,1993.4,219.2,250.3,6787.6,1019.2,956,99495,318.3,NA,NA,268.9,424.6,631.3,NA,4985.7,124286.6,1060.8,2829.7,NA,5294.1,NA,189470.9,446.8,0.23,0,0.02,NA,1.11,NA,NA,NA,0.04,0.01,0.59,0.03,16.38,0.26,0.11,0.92,0.22,NA,0.49,0.03,0.1,0.04,0.03,0.58,0.62,NA,0.08,0.03,0.04,4.93,NA,0.05,0.86,3.7,0.18,0.03,NA,0.2,0.14,0.02,NA,0.17,0.06,0.8,NA,0.03,0.8,0.51,NA,0.89,0.07,NA,0.28,0.03,0.04,0.96,0.14,0.14,14.1,0.05,NA,NA,0.04,0.06,0.09,NA,0.71,17.61,0.15,0.39,NA,0.74,NA,25.81,0.06,16563.29,"C:/Users/freya/OneDrive - Dalhousie University/Ch 1/Freya_Scallops/SCAL_Freya_10-25_2025-11-14.csv",165.7,214.9,9940.4,12891.4,1.41,1.83
"160","2025\08\28\SCAL_0352.DATA",21.6,3842.3,1.6,NA,105.3,NA,NA,NA,3.7,1.5,50.6,23.5,1455.2,23.8,11.1,88.3,22.1,NA,47.7,4.1,6.3,5.3,5,58.7,54.7,NA,7,2.1,10.3,412.3,2.8,0,58.9,302.2,14.7,2.7,NA,20.7,20.2,2.7,NA,18.4,NA,86.1,NA,2.7,72.6,40.4,NA,17.2,5.6,NA,30.7,2.6,4.2,113.7,10.1,14.2,1423.8,3.8,NA,NA,3,4.6,7,NA,74.5,1761,7.3,49.4,NA,75.5,NA,2482.2,NA,1294.7,230537.8,93.8,NA,6316,NA,NA,NA,224.9,87.5,3035.2,1409.2,87314.3,1428.7,663.4,5300.1,1324.6,NA,2860.6,248.2,376.4,315.5,299,3522.4,3283.4,NA,420.6,127.6,617.3,24740.7,167,0.1,3534.5,18130,880.3,160,NA,1239.7,1212.8,161.3,NA,1105.6,NA,5163.1,NA,161.5,4357,2423.6,NA,1034.5,335.8,NA,1842.7,156.1,250.3,6822.4,607,854.2,85426,226.8,NA,NA,182.4,273.9,420.5,NA,4471.5,105657.8,440.1,2966.1,NA,4528.5,NA,148933.2,NA,0.23,0,0.02,NA,1.22,NA,NA,NA,0.04,0.02,0.58,0.26,16.33,0.27,0.12,1,0.25,NA,0.53,0.05,0.07,0.06,0.06,0.65,0.62,NA,0.07,0.02,0.12,4.46,0.03,0,0.64,3.28,0.16,0.03,NA,0.22,0.22,0.03,NA,0.2,NA,0.93,NA,0.03,0.77,0.43,NA,0.18,0.06,NA,0.32,0.03,0.04,1.19,0.11,0.15,14.94,0.04,NA,NA,0.03,0.05,0.07,NA,0.78,18.47,0.08,0.51,NA,0.78,NA,25.04,NA,13377.16,"C:/Users/freya/OneDrive - Dalhousie University/Ch 1/Freya_Scallops/SCAL_Freya_10-25_2025-11-14.csv",134,164,8039.4,9840.6,1.41,1.72
"161","2025\08\28\SCAL_0353.DATA",22.1,4045.8,1.4,NA,107.6,NA,NA,NA,3.8,1,55.3,22,1675.7,24.9,12.3,87.2,21.9,NA,41.9,4.1,11.7,5.4,4.3,51.2,55.8,NA,6.7,NA,3.9,529.7,NA,0,79.1,381.8,15.9,2.5,NA,21.9,17.9,2.5,NA,19.1,NA,101.5,NA,2.8,80.9,49.6,NA,36.9,7.5,NA,31.4,3.2,4.2,109.6,10.3,18,1508.9,4.6,NA,NA,2.2,6.3,12.3,NA,81.3,2130.2,7.9,41.7,NA,80.9,NA,3024.2,NA,1324.6,242746.6,85.5,NA,6455,NA,NA,NA,230.8,61.2,3315,1319,100539.6,1494.9,739.1,5229.3,1315.5,NA,2512.4,247.8,699.7,323.9,256.8,3070.6,3349.6,NA,400.1,NA,232.7,31780.2,NA,0.2,4744.7,22905,951.5,148.9,NA,1314.9,1074.9,148.3,NA,1148.8,NA,6089.4,NA,168.7,4854,2974.9,NA,2215.6,447.8,NA,1882.5,191.6,254.1,6573.1,616.3,1081.7,90532,273,NA,NA,132.4,380.3,740.8,NA,4878.4,127814,474.9,2503.9,NA,4854.5,NA,181450,NA,0.2,0,0.01,NA,1.07,NA,NA,NA,0.04,0.01,0.55,0.21,16.19,0.24,0.12,0.85,0.21,NA,0.4,0.04,0.11,0.05,0.04,0.49,0.55,NA,0.06,NA,0.04,4.93,NA,0,0.74,3.57,0.15,0.02,NA,0.2,0.17,0.02,NA,0.18,NA,0.95,NA,0.03,0.74,0.45,NA,0.34,0.07,NA,0.28,0.03,0.04,0.99,0.09,0.16,13.63,0.04,NA,NA,0.02,0.06,0.11,NA,0.73,19.24,0.07,0.37,NA,0.72,NA,26.26,NA,15193.73,"C:/Users/freya/OneDrive - Dalhousie University/Ch 1/Freya_Scallops/SCAL_Freya_10-25_2025-11-14.csv",147,198,8819.9,11881.7,1.33,1.79
"162","2025\08\28\SCAL_0577.DATA",18.9,3291.4,1.3,1.4,121.1,NA,NA,NA,3.4,1.2,45.9,26.3,1871,25.3,16.2,165.7,26.4,NA,53.2,7.1,NA,4.6,11.3,60.5,51,7.5,11.6,2.6,7,533.8,NA,0.2,95.8,396,20.7,3.7,NA,36.4,49.8,5.3,3.6,30,6.1,268,9.1,3.4,68.8,58.5,NA,101,5.1,NA,50.7,8,8.2,117,21.1,26.4,2262.7,5.9,NA,NA,2.6,4.7,8.9,4.1,149.3,2955.7,11.6,48.7,NA,89.4,NA,2626.2,NA,1136.8,197484.1,79.8,85.8,7264.1,NA,NA,NA,203.5,74.7,2752.2,1579.2,112258.6,1519.6,971,9943.7,1581.1,NA,3191.5,425.8,NA,278.6,678.9,3627.4,3062,448.1,697.3,157.8,421.5,32030.7,NA,11.5,5747.8,23759.5,1240.1,223.7,NA,2182.2,2988.4,318.5,214.5,1798.5,365.5,16077.2,544.3,206.9,4126.5,3508.3,NA,6060.1,303.8,NA,3040.6,478.8,490.3,7018.3,1263,1583.6,135764.5,354.7,NA,NA,153.3,282.4,535.1,243.4,8958.9,177343.5,697.9,2920.3,NA,5365.6,NA,157574.4,NA,0.14,0,0.01,0.01,1.01,NA,NA,NA,0.03,0.01,0.38,0.21,15.17,0.21,0.13,1.35,0.21,NA,0.43,0.06,NA,0.04,0.09,0.49,0.42,0.06,0.09,0.02,0.06,4.17,NA,0,0.75,3.11,0.16,0.03,NA,0.28,0.39,0.04,0.03,0.23,0.05,2.09,0.07,0.03,0.53,0.45,NA,0.77,0.04,NA,0.39,0.06,0.06,0.89,0.16,0.2,17.16,0.04,NA,NA,0.02,0.04,0.07,0.03,1.13,22.41,0.09,0.36,NA,0.66,NA,19.15,NA,16488.18,"C:/Users/freya/OneDrive - Dalhousie University/Ch 1/Freya_Scallops/SCAL_Freya_10-25_2025-11-14.csv",181.2,242.7,10873.9,14563.4,1.37,1.84
"163","2025\08\28\SCAL_0578.DATA",18.7,3294.4,NA,NA,111.6,4.2,NA,NA,3.2,NA,45.2,22.7,1776.4,23.3,16.1,191.7,23.3,NA,46.5,8.9,8.6,4.8,12,51.7,40,12.1,12.7,NA,12.7,578.4,1.4,0,137.3,394,20.6,2.1,NA,36.7,49.7,5.1,9.6,34.5,7,353.3,18.5,3.6,78.9,68.9,NA,109.7,5.7,NA,46.8,11.1,8,92.1,24.1,50,2292.1,8.8,NA,5.6,NA,6.4,14,3.7,143,3051.9,11.7,38.3,3,100.9,NA,2466.1,NA,1121,197666.1,NA,NA,6695.5,254.7,NA,NA,192.3,NA,2710.3,1363.5,106586.3,1400.8,966.8,11504.4,1396.2,NA,2788.7,535.4,518.8,289.6,722,3101.6,2402,724.6,763.7,NA,761.7,34706.5,82.8,0.2,8238.4,23637.1,1237.2,129,NA,2204.5,2979.9,309,573.1,2068.6,417.3,21195.8,1109.8,214.9,4735.6,4135.9,NA,6579.2,340.2,NA,2809.2,666.3,482,5528.2,1444,2997.9,137527.6,526.2,NA,335.1,NA,383.4,840.8,225,8582,183116.8,703.5,2298.4,182.8,6054.4,NA,147967.7,NA,0.14,0,NA,NA,0.93,0.03,NA,NA,0.03,NA,0.37,0.18,14.26,0.19,0.13,1.55,0.19,NA,0.37,0.07,0.07,0.04,0.1,0.41,0.33,0.1,0.1,NA,0.1,4.48,0.01,0,1.07,3.06,0.16,0.02,NA,0.28,0.38,0.04,0.07,0.27,0.05,2.73,0.14,0.03,0.6,0.52,NA,0.83,0.04,NA,0.35,0.08,0.06,0.69,0.18,0.38,17.21,0.07,NA,0.04,NA,0.05,0.11,0.03,1.07,22.91,0.09,0.28,0.02,0.74,NA,17.8,NA,16622.58,"C:/Users/freya/OneDrive - Dalhousie University/Ch 1/Freya_Scallops/SCAL_Freya_10-25_2025-11-14.csv",180.7,268.6,10840.6,16113.4,1.36,2.02
"164","2025\08\28\SCAL_0579.DATA",22.6,3768.1,1.4,NA,145.4,3.8,NA,NA,3.8,1.4,58.9,29.5,1974.2,28,16,1.2,28,NA,58.7,8.1,6.1,5.6,12.5,69.2,57.6,10,14.5,3.3,10.5,573.1,NA,14.3,112.1,437.6,24.5,8.2,6,38.2,55.7,6,4.4,33.2,7.6,282.6,8.2,3.5,85.3,60.3,NA,32.2,7,NA,49.2,9.1,7.4,126.1,18.4,29.9,2681.8,4.6,NA,NA,5.2,6.7,12,3.8,151.2,3250.8,5.7,50.2,NA,96.8,NA,2800.9,NA,1353.7,226083.6,84,NA,8726.1,226,NA,NA,225.2,81.5,3531.1,1771.4,118451,1678.1,961.8,69.8,1678.8,NA,3520,483.5,365.1,334.9,748.4,4153.3,3458.5,602.7,872.7,196,630,34388,NA,860.8,6727.7,26253.5,1467.6,494.7,362.9,2291.9,3342.6,357.9,263.3,1992.6,458.3,16954,494.7,208.4,5117.9,3619.2,NA,1933.3,420.3,NA,2952.3,545.4,446.7,7565.8,1102,1792,160905.3,273.5,NA,NA,310.7,404.1,719,229.2,9072.8,195045.4,342,3012.5,NA,5805.4,NA,168055.8,NA,0.16,0,0.01,NA,1.13,0.03,NA,NA,0.03,0.01,0.45,0.22,14.82,0.21,0.12,0.01,0.21,NA,0.44,0.06,0.05,0.04,0.09,0.51,0.44,0.08,0.1,0.02,0.08,4.15,NA,0.1,0.82,3.18,0.18,0.06,0.04,0.28,0.4,0.04,0.03,0.24,0.06,2.04,0.06,0.02,0.6,0.43,NA,0.23,0.05,NA,0.35,0.06,0.05,0.89,0.13,0.21,18.82,0.03,NA,NA,0.04,0.05,0.08,0.03,1.06,22.82,0.04,0.35,NA,0.67,NA,18.9,NA,18216.82,"C:/Users/freya/OneDrive - Dalhousie University/Ch 1/Freya_Scallops/SCAL_Freya_10-25_2025-11-14.csv",181.1,258.6,10866.5,15518.5,1.27,1.82
"165","2025\08\28\SCAL_0580.DATA",20.3,7387.1,2,NA,213,6.3,NA,NA,7.1,1.2,98.4,45,3342.5,46.7,29.4,2.5,43.4,NA,89.6,11.9,11.9,9.7,16.8,105.8,82.9,16.6,21.5,5.8,18.8,928.7,NA,0,192.7,600.9,44.5,12.7,9.7,64.5,71.2,8.6,12,54.7,10,481.8,22.9,5.2,125.7,107.5,NA,120.6,8.4,NA,79.5,12.7,14.2,199.5,31.6,60.2,4086.6,13.1,NA,6.4,4.3,9.3,17.1,8.4,208.8,5792.7,20.3,78.6,3.9,162.3,NA,5187.8,NA,1216.7,443226.6,117.3,NA,12782.9,378.6,NA,NA,423.2,73.8,5906.8,2701.7,200552.5,2802,1766.9,152.5,2604.3,NA,5373.5,715.3,712.9,580.8,1010,6346.2,4972.8,998.4,1291.5,346.1,1129.3,55721.1,NA,0.2,11564.2,36056.2,2670.7,764.9,581.3,3867.8,4269.2,513.1,718.8,3281.7,597.9,28905.7,1376.3,314.9,7543.2,6450.1,NA,7237.9,506.4,NA,4771.9,761.7,852.3,11970,1893.3,3612.3,245198.8,784.9,NA,382.5,256.5,557.4,1027,501.5,12529.2,347563.3,1217.7,4718.5,232.7,9736.2,NA,311265,NA,0.08,0,0.01,NA,0.99,0.03,NA,NA,0.03,0.01,0.45,0.2,14.97,0.21,0.13,0.01,0.2,NA,0.4,0.05,0.05,0.04,0.07,0.47,0.38,0.07,0.09,0.03,0.08,4.01,NA,0,0.84,2.61,0.19,0.06,0.04,0.28,0.31,0.04,0.05,0.24,0.04,2.08,0.1,0.02,0.53,0.45,NA,0.51,0.04,NA,0.33,0.05,0.06,0.84,0.13,0.25,17.11,0.05,NA,0.03,0.02,0.04,0.07,0.03,0.87,24.25,0.08,0.32,0.02,0.67,NA,20.88,NA,31659.85,"C:/Users/freya/OneDrive - Dalhousie University/Ch 1/Freya_Scallops/SCAL_Freya_10-25_2025-11-14.csv",257.9,317.6,15471.4,19056.7,1.08,1.33
"166","2025\08\28\SCAL_0581_1.DATA",5.7,5491.5,1.6,3.3,131.3,3.6,NA,NA,3.7,1,55.9,30,1954.4,29.7,15.8,156.9,28,NA,56.7,7.2,6.2,5.6,9.9,64.8,61,7.7,12.6,2.7,9.3,580.9,NA,6,97.4,458.8,32.7,10.7,6,35.4,42.5,4.5,NA,29.8,5.3,240.5,8.3,3.5,87.6,69.7,NA,138.4,7.9,NA,50,8.4,7.2,127.2,30.9,32.4,2389,2,NA,5.4,8.2,5.4,10.4,NA,124.4,3459.8,28.4,48.7,NA,105.5,NA,2862,8.1,341.4,329488,94.5,200.4,7877.4,218.1,NA,NA,220.5,57.3,3351.6,1802.8,117261.9,1783.5,946.1,9415.4,1680.3,NA,3402,431.9,370.3,337.6,592,3886.3,3661.3,463.6,754.6,162.7,556.9,34856,NA,361.1,5844.5,27530,1961.5,641.8,359,2123.2,2551.8,269,NA,1788.3,319.2,14428.7,498.5,209.8,5253.9,4180.2,NA,8303.4,476.9,NA,2997.6,506,432.6,7634.4,1853.6,1943.7,143340.2,122.4,NA,324,493.7,324.9,626.2,NA,7466.7,207588.1,1703.5,2922.9,NA,6330.6,NA,171717.5,488.9,0.04,0,0.01,0.03,1.01,0.03,NA,NA,0.03,0.01,0.43,0.22,14.49,0.22,0.12,1.17,0.21,NA,0.42,0.05,0.05,0.04,0.07,0.48,0.46,0.06,0.09,0.02,0.07,4.15,NA,0.04,0.7,3.3,0.23,0.08,0.04,0.25,0.3,0.03,NA,0.21,0.04,1.72,0.06,0.02,0.61,0.49,NA,0.96,0.06,NA,0.35,0.06,0.05,0.88,0.21,0.22,16.56,0.01,NA,0.04,0.06,0.04,0.07,NA,0.86,23.99,0.19,0.33,NA,0.72,NA,19.08,0.05,19964.24,"C:/Users/freya/OneDrive - Dalhousie University/Ch 1/Freya_Scallops/SCAL_Freya_10-25_2025-11-14.csv",182.9,265.9,10972.4,15951.4,1.27,1.84
"167","2025\08\28\SCAL_0581_2.DATA",5.6,5439.3,1.4,3.7,131.1,3.9,NA,NA,3.5,1,55.8,30,1953.5,30.6,15.8,156.8,28.1,NA,56.4,7.7,6.1,5.5,9.7,64.6,61.9,8,13.2,3.2,9.5,582.5,NA,5.9,97,459.7,19.2,5.3,NA,36.4,42,4.2,NA,30.2,5.2,233.6,8.8,3.6,88.3,70.6,NA,139.8,7.8,NA,50.2,8.4,8,128,31.8,31.5,2398.3,4.4,NA,5.6,9.1,5.7,10.5,2.9,125.4,3449.2,30.2,49.1,NA,106,NA,2872.5,10.5,336.8,326360.2,81,220.9,7863.2,236.7,NA,NA,211.1,58.5,3345.6,1801.6,117212.2,1835.9,950,9405.9,1684.4,NA,3381.6,460.1,368,332.6,582.2,3875.9,3712.7,482.5,791.1,191.3,573,34950.2,NA,355.4,5820.8,27581.8,1150.4,316.1,NA,2186.3,2521.9,252.4,NA,1811,311.7,14014.5,526.3,216.8,5296.5,4235.8,NA,8390.7,470.2,NA,3012.6,506.4,480.5,7682,1910.7,1889.8,143896.7,261.7,NA,334.6,543.1,339.8,629,174.3,7522.8,206949.9,1809.8,2948.3,NA,6362.8,NA,172348.6,627.6,0.04,0,0.01,0.03,1,0.03,NA,NA,0.03,0.01,0.42,0.22,14.48,0.23,0.12,1.17,0.21,NA,0.41,0.06,0.04,0.04,0.07,0.47,0.47,0.06,0.09,0.02,0.07,4.16,NA,0.04,0.7,3.3,0.14,0.04,NA,0.26,0.3,0.03,NA,0.22,0.04,1.67,0.06,0.03,0.62,0.49,NA,0.97,0.05,NA,0.35,0.06,0.06,0.89,0.22,0.22,16.62,0.03,NA,0.04,0.06,0.04,0.07,0.02,0.87,23.91,0.2,0.33,NA,0.72,NA,19.14,0.07,19984.75,"C:/Users/freya/OneDrive - Dalhousie University/Ch 1/Freya_Scallops/SCAL_Freya_10-25_2025-11-14.csv",184.6,268.9,11075.6,16131.9,1.28,1.86
"168","2025\08\28\SCAL_0582.DATA",16.8,3774.7,NA,NA,117.6,2.9,NA,NA,3.6,1.1,48.5,18.9,1633.8,23.7,13.8,129.4,21.5,NA,41.8,7.7,7.2,4.5,10.4,55.6,43.9,7.8,11.1,NA,8.5,509.1,2.9,0,92.7,296,17.5,2.5,NA,31,37.4,4.6,7.9,28.8,2,268.1,15.4,4,67.8,66.2,NA,79.1,3.1,NA,42.4,9,6.7,89.3,18.5,45.7,1990.4,6.3,NA,NA,3.5,4.2,11.2,NA,115,2840,6,43.7,NA,80.2,NA,2549,NA,1008.8,226480.2,NA,NA,7054.6,174.2,NA,NA,216,65.6,2909.7,1131.6,98025.6,1420.3,830.2,7765.1,1293,NA,2506.2,464.3,431.5,271.6,625.6,3334.2,2631.1,467.9,667.9,NA,511,30546.5,172.5,0.1,5562.6,17760,1052.4,151.5,NA,1857.9,2245.1,278.1,476.6,1725.9,122.4,16084.2,922.5,239.3,4066.8,3972.4,NA,4748.5,187.9,NA,2543.2,537.1,402.7,5356.4,1112.8,2743.7,119422.4,378.4,NA,NA,211.5,254.8,672.6,NA,6903,170399.8,357,2619.9,NA,4809.3,NA,152941.8,NA,0.14,0,NA,NA,1.07,0.02,NA,NA,0.03,0.01,0.44,0.17,14.45,0.21,0.12,1.15,0.19,NA,0.37,0.07,0.06,0.04,0.09,0.49,0.39,0.07,0.09,NA,0.08,4.34,0.02,0,0.79,2.54,0.15,0.02,NA,0.26,0.32,0.04,0.07,0.25,0.02,2.28,0.13,0.03,0.57,0.55,NA,0.66,0.03,NA,0.35,0.07,0.06,0.74,0.15,0.38,16.46,0.05,NA,NA,0.03,0.04,0.09,NA,0.95,23.48,0.05,0.35,NA,0.65,NA,20.26,NA,15860.3,"C:/Users/freya/OneDrive - Dalhousie University/Ch 1/Freya_Scallops/SCAL_Freya_10-25_2025-11-14.csv",148.5,216,8909.8,12959.4,1.23,1.79
"169","2025\08\28\SCAL_0565.DATA",16.8,3736,1.6,NA,126,6.2,NA,NA,4.4,1,65.2,26.1,2930.2,38.8,23.2,202.6,32,NA,64.2,10.4,18.9,9.9,14.8,77.8,74.3,17.7,15.7,3.1,21.4,1008.1,3.9,0,172.4,641.4,31,3.6,NA,47.7,57.3,7.4,12.3,40.4,9.5,408.6,26.2,2.9,NA,102.4,NA,25.5,11.9,NA,57.1,9.7,10.4,166.8,23.6,69.1,3413.6,11.1,2.5,NA,5.6,13,19.7,5,193.7,3036.3,9.1,58,3.6,152.7,NA,4610.5,NA,1005.9,224161.4,93.4,NA,7558.7,371.5,NA,NA,265,60.1,3911.4,1565.4,175811.1,2328.1,1393.7,12158.3,1917.1,NA,3850,624.9,1133.2,591.6,887.3,4668.9,4459.8,1061.8,939.3,184.8,1286.9,60487.3,236.9,0.4,10345,38482.6,1860,214.7,NA,2862.3,3440.8,446.2,735.4,2426.2,571.3,24516.1,1574.4,175.2,NA,6142.8,NA,1529,716.3,NA,3425.6,579.4,626.5,10006.6,1415.1,4148.1,204816.2,663.2,147.1,NA,337.2,782.1,1180.6,299.2,11620.5,182179.3,548.9,3482.8,214.7,9159.3,NA,276631.1,NA,0.09,0,0.01,NA,0.73,0.03,NA,NA,0.03,0.01,0.38,0.15,16.42,0.22,0.13,1.14,0.18,NA,0.36,0.06,0.1,0.05,0.08,0.43,0.42,0.1,0.08,0.02,0.12,5.44,0.02,0,0.94,3.48,0.17,0.02,NA,0.26,0.31,0.04,0.07,0.22,0.05,2.21,0.14,0.02,NA,0.54,NA,0.13,0.06,NA,0.3,0.05,0.06,0.87,0.12,0.36,17.88,0.06,0.01,NA,0.03,0.07,0.1,0.03,1.01,15.91,0.05,0.3,0.02,0.78,NA,23.22,NA,22895.8,"C:/Users/freya/OneDrive - Dalhousie University/Ch 1/Freya_Scallops/SCAL_Freya_10-25_2025-11-14.csv",270.6,363.8,16235.5,21827.1,1.42,1.91
"170","2025\08\28\SCAL_0566.DATA",19.7,2238.9,1.4,NA,124.4,3.8,NA,NA,3.6,1,47.9,28.6,2112.3,27.8,17.4,217.1,28.9,NA,53.3,10.5,7.1,5.8,14.9,59.6,56,14.3,0.8,2.5,13.9,665.3,2.2,0,131.7,506.8,26.6,7.6,5.8,43,59.4,6.1,10.5,38.7,7.7,416.2,19.8,3.2,73.3,66.2,NA,109.1,5.5,NA,50.9,10.8,8.5,112.6,22.8,45.7,2689.9,11.6,NA,NA,3.7,4.9,12.5,6.1,170.4,2293.7,9.8,46.5,3,95,NA,2902,NA,1181.1,134331.7,82.1,NA,7461.9,230.5,NA,NA,216.2,60.8,2871,1718.2,126736.5,1669.2,1043,13028.3,1734.1,NA,3197.9,631.2,427.4,350.5,896.3,3578.7,3360.1,858.9,47.5,148.7,831.2,39916.6,130.8,0.3,7902.7,30405.4,1598.1,458.4,345.8,2578.1,3565.9,363,630,2323.1,463.7,24971.5,1185.6,191.4,4396.7,3971.6,NA,6547.5,330.2,NA,3054.5,646,511.4,6756.8,1367.4,2743.9,161392.6,697.5,NA,NA,224.1,292.7,748.6,364.7,10221,137620.4,590.7,2787.8,178.1,5697.9,NA,174122.4,NA,0.14,0,0.01,NA,0.97,0.03,NA,NA,0.03,0.01,0.37,0.22,15.88,0.21,0.13,1.64,0.22,NA,0.4,0.08,0.05,0.04,0.11,0.44,0.43,0.11,0.01,0.02,0.1,4.82,0.02,0,0.96,3.69,0.19,0.06,0.04,0.31,0.43,0.04,0.08,0.28,0.06,3.02,0.14,0.02,0.52,0.47,NA,0.77,0.04,NA,0.36,0.08,0.06,0.79,0.16,0.32,18.9,0.08,NA,NA,0.03,0.03,0.09,0.04,1.2,16.12,0.07,0.32,0.02,0.65,NA,19.61,NA,16492.77,"C:/Users/freya/OneDrive - Dalhousie University/Ch 1/Freya_Scallops/SCAL_Freya_10-25_2025-11-14.csv",214.3,281.3,12860.9,16876.4,1.51,1.98
"171","2025\08\28\SCAL_0567.DATA",12.3,2599.7,NA,NA,100,2.8,NA,NA,3,1,40.8,17.9,1347.7,19.7,11.4,0.8,20,NA,36,7.2,5.9,5,8.1,48,39.5,6,8.3,NA,6.4,416.3,NA,0,68.9,287.1,14,2.2,NA,26.2,35.4,3.5,6.2,26,4.6,231.4,11.6,NA,58,46.8,NA,39.7,4.3,22.6,34.5,6.5,5.5,79.6,14.7,32,1710,4.3,NA,NA,NA,3.8,9.9,NA,105.1,1972.9,5.8,33.7,NA,69.6,NA,2054.4,NA,737.7,155980.1,NA,NA,6000.4,167.5,NA,NA,181.2,60,2446.5,1072.1,80860.5,1179.6,685.3,49.5,1202.3,NA,2159.5,433,355.4,301.1,485.1,2877.2,2367.7,361.2,495.1,NA,381.9,24977.7,NA,0.3,4133.2,17227.3,839.1,133.7,NA,1570.3,2124.4,209,373.6,1557.3,273.4,13882.4,695.6,NA,3479.4,2806.6,NA,2382,257,1357.6,2072.4,392.6,331.5,4778.9,884.3,1920.5,102602,257.5,NA,NA,NA,227.3,595.4,NA,6306.8,118373.7,345.5,2021.1,NA,4173.7,NA,123263,NA,0.13,0,NA,NA,1.15,0.03,NA,NA,0.03,0.01,0.47,0.2,15,0.22,0.13,0.01,0.22,NA,0.4,0.08,0.07,0.05,0.09,0.53,0.45,0.07,0.09,NA,0.07,4.47,NA,0,0.74,3.1,0.15,0.02,NA,0.28,0.38,0.04,0.07,0.28,0.05,2.48,0.12,NA,0.61,0.49,NA,0.42,0.04,0.24,0.36,0.07,0.06,0.83,0.15,0.33,17.79,0.04,NA,NA,NA,0.04,0.1,NA,1.09,20.53,0.06,0.34,NA,0.71,NA,20.55,NA,12402.26,"C:/Users/freya/OneDrive - Dalhousie University/Ch 1/Freya_Scallops/SCAL_Freya_10-25_2025-11-14.csv",137.3,196.8,8239.3,11807.4,1.43,2.05
"172","2025\08\28\SCAL_0568.DATA",13.4,2520.1,NA,NA,102.9,NA,NA,NA,2.8,NA,39.7,22.6,1328.3,19.3,11.1,143,20.6,NA,38.2,7.3,5.4,4.7,8.4,39.3,42.5,6.7,8.7,NA,6.7,387.8,NA,0,81.5,305.3,16.2,2.7,NA,25.7,37.9,4.2,3.7,23.5,5.2,218.9,8,2.8,57.9,50.6,NA,78.5,4.4,NA,36.5,8,6.4,82.7,16,25.2,1705.7,5.3,NA,NA,2,5,9.6,NA,107,1370.5,6.5,28.7,NA,69.7,NA,1894.2,NA,804.5,151205.4,NA,NA,6174,NA,NA,NA,166.5,NA,2383.1,1358.5,79696.9,1155.2,664.3,8581.6,1234.1,NA,2291.5,438.1,326.9,282.3,501.8,2357.7,2550.2,400.8,519.7,NA,400.1,23269.5,NA,0.2,4887.5,18318.3,972.8,163.2,NA,1543.3,2276.4,251.9,223.4,1407.4,313.6,13131.8,481.9,169.8,3476,3036.5,NA,4712.5,262.5,NA,2191.2,478.4,381.3,4964.3,961.2,1513.1,102342.1,316,NA,NA,119.4,298.4,575.2,NA,6418.2,82230.3,389,1722.1,NA,4183.3,NA,113650.4,NA,0.15,0,NA,NA,1.26,NA,NA,NA,0.03,NA,0.48,0.27,15.76,0.23,0.13,1.71,0.25,NA,0.45,0.09,0.06,0.05,0.1,0.46,0.51,0.08,0.1,NA,0.08,4.44,NA,0,0.94,3.51,0.19,0.03,NA,0.29,0.43,0.05,0.04,0.27,0.06,2.5,0.09,0.03,0.65,0.57,NA,0.88,0.05,NA,0.41,0.09,0.07,0.92,0.18,0.28,18.92,0.06,NA,NA,0.02,0.06,0.11,NA,1.19,15.21,0.07,0.31,NA,0.76,NA,20.21,NA,11517.1,"C:/Users/freya/OneDrive - Dalhousie University/Ch 1/Freya_Scallops/SCAL_Freya_10-25_2025-11-14.csv",138.4,211.6,8303.5,12694.4,1.54,2.35
"173","2025\08\28\SCAL_0569.DATA",12.8,2200.3,NA,NA,86,2.4,NA,NA,2.5,0.8,36.6,22,1200.6,19.3,9.9,105.7,16.5,NA,41.1,5.3,NA,4.3,6.9,47.8,55.3,4.7,7.2,NA,5.1,415.3,NA,0,71,313.2,16,7.2,3.6,26.9,30.5,3.1,NA,18.2,3.3,129.5,5.3,NA,65.3,44.5,NA,29.9,5.9,29.4,32.9,4.5,5.2,116.6,10.9,15.8,1444.2,3.2,NA,NA,4.1,5.2,8.5,2.5,83.8,1881.1,6.6,39.4,NA,56.5,NA,2001.7,NA,767.4,132017.1,NA,NA,5161,142.1,NA,NA,148.4,50.5,2193.4,1322.3,72034.8,1156.8,592.7,6340.9,991.7,NA,2463,320.3,NA,258.3,413.2,2867.1,3317.5,283.8,432.8,NA,305.1,24920.8,NA,0.1,4260.2,18789.6,961,430.5,213.2,1615.4,1827.1,187,NA,1094.1,198.6,7772,317.1,NA,3916.8,2671.6,NA,1792.8,353.2,1764.5,1973.1,267.9,309.7,6997.1,655.2,945.8,86650.1,193.7,NA,NA,247.8,310,507.5,150.3,5028.6,112867.5,398.6,2364.5,NA,3391.1,NA,120102.1,NA,0.14,0,NA,NA,1.05,0.03,NA,NA,0.03,0.01,0.44,0.26,14.21,0.23,0.12,1.26,0.2,NA,0.48,0.06,NA,0.05,0.08,0.56,0.66,0.06,0.08,NA,0.06,4.74,NA,0,0.81,3.59,0.18,0.08,0.04,0.31,0.35,0.04,NA,0.21,0.04,1.48,0.06,NA,0.73,0.5,NA,0.33,0.07,0.33,0.37,0.05,0.06,1.29,0.12,0.17,15.98,0.04,NA,NA,0.05,0.06,0.09,0.03,0.93,20.81,0.07,0.43,NA,0.61,NA,21.29,NA,11235.52,"C:/Users/freya/OneDrive - Dalhousie University/Ch 1/Freya_Scallops/SCAL_Freya_10-25_2025-11-14.csv",135.5,191.6,8127.3,11494.1,1.5,2.12
"174","2025\08\28\SCAL_0570.DATA",15.2,3176,NA,1.3,98.1,4.5,NA,NA,3.2,1,51.4,21.1,1685.2,23.9,14,126.8,19.4,NA,48.1,9.1,5.4,5.1,10.4,62.5,45.8,8.9,8.1,NA,9.2,614.7,NA,0,103,340.2,21.1,3.3,NA,37.2,39.4,5,7.6,29.4,5.5,265.5,15.1,2.5,67,47.5,NA,87,8.2,NA,40,7.8,7.1,109.3,22.1,40.9,2157.5,5.1,NA,NA,1.5,5.8,9.5,NA,127.7,2528.4,13.8,49.8,NA,96.9,NA,2735.7,2.9,913.9,190559.9,NA,75.7,5888.1,271.8,NA,NA,189.4,58.8,3083.9,1265.7,101113,1431.2,838.4,7605.2,1163.9,NA,2887.9,544.6,326.7,304.1,621.4,3748.1,2750.1,534.6,487.1,NA,551.6,36881.7,NA,0.2,6182.7,20411.5,1267.5,200.1,NA,2231.4,2363.3,300.5,455.5,1761.7,331,15931,904,147.1,4017.7,2847.2,NA,5221.9,490.6,NA,2397.9,466.6,424.6,6560.7,1324.7,2454.5,129451,305.3,NA,NA,88.9,347.4,569.1,NA,7663,151705,827.7,2990.7,NA,5813.4,NA,164144.2,171.1,0.12,0,NA,0.01,0.87,0.04,NA,NA,0.03,0.01,0.45,0.18,14.51,0.21,0.12,1.1,0.17,NA,0.41,0.08,0.05,0.04,0.09,0.53,0.4,0.08,0.07,NA,0.08,5.1,NA,0,0.86,2.84,0.18,0.03,NA,0.31,0.33,0.04,0.06,0.24,0.05,2.2,0.13,0.02,0.54,0.39,NA,0.7,0.07,NA,0.32,0.06,0.06,0.88,0.18,0.33,17.37,0.04,NA,NA,0.01,0.05,0.08,NA,1.03,20.36,0.11,0.39,NA,0.76,NA,21.18,0.02,15588.9,"C:/Users/freya/OneDrive - Dalhousie University/Ch 1/Freya_Scallops/SCAL_Freya_10-25_2025-11-14.csv",169.8,205.9,10185.4,12351.6,1.37,1.66
"175","2025\08\28\SCAL_0307.DATA",30.7,4106.3,0.1,NA,128.9,4.1,NA,NA,6.6,0.9,64.4,40.8,2031.5,34.6,15.3,114.1,27.7,NA,64.2,1.2,10.9,8.2,5.5,70.3,100,NA,9.8,2.7,5.9,601.1,NA,0.7,113.7,421,21.7,5.7,NA,27.4,17.5,2.1,NA,23.7,5,97.4,NA,3.5,82.3,76.6,NA,106.6,9,NA,40.9,3.1,5.4,143.3,17.2,25,1804.8,7.2,4.4,5.3,3.4,7.6,8.9,3.4,84.9,2142.9,12.7,54.3,NA,94,NA,3973.7,6.3,1840.2,246377.9,5.4,NA,7735.7,244.2,NA,NA,394,57,3861.6,2449,121887.1,2076.9,916.9,6846.6,1664.1,NA,3850.5,71.6,651.8,491.4,331.2,4216.8,6002.2,NA,585.7,161.6,351.1,36065.3,NA,43.8,6822.3,25259.7,1299.2,344.8,NA,1645.1,1052.7,128.4,NA,1422.6,299.7,5841.2,NA,210.1,4940.7,4596.8,NA,6393.3,540.4,NA,2455,185.5,323,8596.9,1033.5,1501.8,108286.1,434.7,263.8,317.3,205.2,456.3,535.2,201.7,5096.9,128574.8,763.8,3258.5,NA,5642.3,NA,238422.2,380,0.23,0,0,NA,1.06,0.03,NA,NA,0.05,0.01,0.53,0.33,16.21,0.28,0.12,0.92,0.22,NA,0.51,0.01,0.09,0.06,0.04,0.55,0.81,NA,0.07,0.02,0.05,4.62,NA,0.01,0.88,3.26,0.17,0.04,NA,0.21,0.13,0.02,NA,0.18,0.04,0.75,NA,0.03,0.62,0.58,NA,0.8,0.07,NA,0.31,0.02,0.04,1.07,0.13,0.19,13.47,0.05,0.03,0.04,0.03,0.06,0.07,0.03,0.63,15.99,0.09,0.4,NA,0.69,NA,28.51,0.05,17533.52,"C:/Users/freya/OneDrive - Dalhousie University/Ch 1/Freya_Scallops/SCAL_Freya_10-25_2025-11-14.csv",203.2,269,12194,16140.5,1.52,2.01
"176","2025\08\28\SCAL_0308.DATA",22.7,2006,1.3,NA,110.4,NA,NA,2.2,5.5,1.5,52.7,26.8,1753.1,28.4,12,100,25.1,NA,56.7,NA,12.1,5.7,2.6,55.3,67.6,NA,7.3,2.1,4.6,462.8,NA,4.8,108.5,394.7,2.9,7.5,4.9,20.9,15,5,NA,13.3,5.8,34.7,NA,3.9,63.5,62.3,NA,18.4,6.2,NA,33.4,2.6,7.4,103.5,11.6,15.4,1636.7,5.2,NA,NA,3.9,7.2,8.5,NA,78.8,2459.3,5.1,39.8,NA,73.7,NA,3031.3,NA,1360.4,120358.7,76.6,NA,6622.6,NA,NA,133.8,328.7,87,3161.2,1607,105185,1703,722.2,6000,1507.5,NA,3400.4,NA,723.8,343.1,158.2,3315.4,4055.4,NA,436.2,128.1,274.4,27766.1,NA,288.4,6510.3,23683.5,171.3,452.9,291.2,1254.8,901.6,300.6,NA,799.4,350.8,2079.5,NA,235.8,3810.9,3737.2,NA,1106.2,373.3,NA,2002.9,153,443.9,6207.5,694.8,925.4,98200.4,313.4,NA,NA,233.1,430.4,512.6,NA,4725.7,147556.8,307.2,2385,NA,4424.5,NA,181879,NA,0.2,0,0.01,NA,1.06,NA,NA,0.02,0.05,0.01,0.5,0.25,16.22,0.26,0.11,0.93,0.23,NA,0.52,NA,0.11,0.05,0.02,0.51,0.64,NA,0.06,0.02,0.04,4.13,NA,0.04,0.97,3.54,0.03,0.07,0.04,0.19,0.13,0.04,NA,0.12,0.05,0.31,NA,0.03,0.56,0.54,NA,0.16,0.05,NA,0.29,0.02,0.06,0.9,0.1,0.13,14.16,0.05,NA,NA,0.03,0.06,0.07,NA,0.68,21.28,0.04,0.34,NA,0.63,NA,25.22,NA,13589.54,"C:/Users/freya/OneDrive - Dalhousie University/Ch 1/Freya_Scallops/SCAL_Freya_10-25_2025-11-14.csv",161.7,194,9699.6,11639.3,1.4,1.68
"177","2025\08\28\SCAL_0309_1.DATA",6.1,2187.2,NA,NA,70.3,NA,NA,NA,3.7,1.1,41.7,20.2,1253.5,19.3,8.9,64.2,16.9,NA,39.5,NA,7.5,3.7,NA,42.4,59.8,NA,5.1,NA,2.9,358.6,NA,0,64.2,254,12.5,2.8,NA,14.4,9.5,3,NA,11.5,NA,46.8,NA,NA,45.4,37.5,NA,46.1,4.1,NA,22.7,NA,NA,79.8,7.4,10.6,1166.6,4.1,NA,NA,NA,5.6,6.4,NA,52.4,1924,6,31,NA,63.1,NA,2448.3,NA,368.3,131233.7,NA,NA,4220.1,NA,NA,NA,224.6,66,2501.3,1211.3,75212.7,1157.4,534.3,3854.3,1015.1,NA,2368.3,NA,447.6,221,NA,2546.9,3586.6,NA,308.1,NA,171.9,21515.3,NA,0.3,3851.6,15241.1,748,166.9,NA,866.2,568.1,181.8,NA,691,NA,2807.7,NA,NA,2722.1,2248.4,NA,2765.4,243.5,NA,1363.8,NA,NA,4786.4,445.9,637.2,69994.7,247.6,NA,NA,NA,338.6,385.6,NA,3143.3,115440.2,362,1860.9,NA,3786,NA,146896,NA,0.07,0,NA,NA,0.89,NA,NA,NA,0.05,0.01,0.53,0.25,15.4,0.24,0.11,0.79,0.21,NA,0.48,NA,0.09,0.04,NA,0.52,0.75,NA,0.06,NA,0.04,4.25,NA,0,0.76,3.02,0.15,0.03,NA,0.17,0.11,0.04,NA,0.14,NA,0.55,NA,NA,0.53,0.43,NA,0.53,0.05,NA,0.26,NA,NA,0.92,0.09,0.12,13.4,0.05,NA,NA,NA,0.06,0.07,NA,0.6,22.1,0.07,0.35,NA,0.71,NA,27.04,NA,10915.09,"C:/Users/freya/OneDrive - Dalhousie University/Ch 1/Freya_Scallops/SCAL_Freya_10-25_2025-11-14.csv",124.9,124.5,7496.1,7471.8,1.44,1.43
"178","2025\08\28\SCAL_0309_2.DATA",6.6,2271,NA,NA,73,NA,NA,NA,3.9,1.1,43.2,21.1,1309.9,21.6,9.5,67.2,17.9,NA,41.8,NA,7.7,4.9,2.1,44.3,62.4,NA,5.5,NA,3.3,372.6,NA,0,66.6,265.7,13.3,3,NA,15,10.1,3.3,NA,11.9,NA,51.2,NA,NA,46.6,39.5,NA,21.9,4.2,NA,23.1,NA,NA,83.4,7.7,10.8,1213.8,5,2.5,NA,2.1,5.7,7,NA,54.4,1984.8,5,31.9,NA,65.4,NA,2533.9,NA,393.6,136258,NA,NA,4382.2,NA,NA,NA,234.7,68.9,2594,1263.9,78594.2,1293.4,571.6,4029.6,1073,NA,2507.1,NA,460.4,294.3,126.9,2661,3741.1,NA,332.9,NA,197.6,22356.2,NA,0,3996.6,15940.1,799,181.2,NA,899.4,604.7,198.4,NA,713.2,NA,3069.9,NA,NA,2795.5,2367.2,NA,1311.1,254,NA,1388.5,NA,NA,5006.6,463.2,645.4,72828.2,297.8,148.5,NA,125,339.9,417.4,NA,3266.8,119085.8,300.2,1915.4,NA,3922.7,NA,152035.9,NA,0.07,0,NA,NA,0.89,NA,NA,NA,0.05,0.01,0.53,0.25,15.53,0.26,0.11,0.8,0.21,NA,0.49,NA,0.09,0.05,0.02,0.52,0.75,NA,0.06,NA,0.04,4.26,NA,0,0.77,3.05,0.15,0.03,NA,0.17,0.12,0.04,NA,0.14,NA,0.58,NA,NA,0.52,0.44,NA,0.24,0.05,NA,0.26,NA,NA,0.92,0.09,0.12,13.45,0.06,0.03,NA,0.02,0.06,0.08,NA,0.6,22,0.05,0.35,NA,0.71,NA,27.01,NA,11299.53,"C:/Users/freya/OneDrive - Dalhousie University/Ch 1/Freya_Scallops/SCAL_Freya_10-25_2025-11-14.csv",130.5,129.8,7829.2,7788.6,1.45,1.44
"179","2025\08\28\SCAL_0310.DATA",15.9,4226.1,4.1,NA,123.3,NA,NA,NA,6.2,1.9,60.3,33.4,1982.9,31.6,15.4,111.3,32.9,NA,65.2,5.5,13.4,8.1,6.4,65.8,85.6,NA,10.3,3.1,5,530.7,NA,6.2,96.3,362.1,18.9,4.3,NA,24.6,17.1,2.9,NA,20.3,2.7,118,NA,3.3,68.9,70.8,NA,67.7,5.4,NA,39,3.9,4.5,128.2,14.7,20.1,2007.7,7.2,5,NA,2.5,9.9,9.9,3.2,93.6,2717.8,9,49.2,NA,86.7,NA,3871.1,3.1,951.4,253563.2,246.4,NA,7395,NA,NA,NA,370.1,115.3,3617.2,2002.4,118976.7,1893.9,922.6,6675.2,1974,NA,3912.7,327.6,805.3,488.6,385.4,3950.8,5137,NA,617.3,184.9,297.3,31840.4,NA,374.6,5779.7,21724.2,1131.4,258.2,NA,1473.1,1023,176.7,NA,1216,164.7,7080.8,NA,199.3,4131.9,4245.9,NA,4063.6,321.9,NA,2337.9,232.2,271.5,7690.9,879.5,1208.3,120459.3,429.9,299.5,NA,147.7,594.7,594.6,189,5618.6,163066.6,542.5,2951,NA,5200.7,NA,232268.9,187.2,0.12,0,0.03,NA,1,NA,NA,NA,0.05,0.02,0.49,0.26,15.53,0.25,0.12,0.88,0.26,NA,0.51,0.04,0.1,0.06,0.05,0.51,0.68,NA,0.08,0.02,0.04,4.01,NA,0.05,0.73,2.75,0.14,0.03,NA,0.19,0.13,0.02,NA,0.15,0.02,0.89,NA,0.02,0.51,0.52,NA,0.5,0.04,NA,0.29,0.03,0.03,0.94,0.11,0.15,14.7,0.05,0.04,NA,0.02,0.07,0.07,0.02,0.69,19.9,0.06,0.35,NA,0.62,NA,27.26,0.02,17893.89,"C:/Users/freya/OneDrive - Dalhousie University/Ch 1/Freya_Scallops/SCAL_Freya_10-25_2025-11-14.csv",194.3,185.5,11657.7,11129.5,1.42,1.36
"180","2025\08\28\SCAL_0311.DATA",9.1,2275.5,NA,NA,47.7,NA,NA,NA,2.6,NA,23.6,13.6,732.7,11.7,5.8,46.5,10.9,NA,22,NA,4.4,2.9,1.7,24.4,28,NA,3.1,NA,5,225.1,NA,3.1,36.9,159.3,9.2,1.6,NA,9.3,5.8,NA,NA,7.1,NA,37.3,NA,NA,29,27.7,NA,15.2,2.5,NA,14.3,NA,NA,47.4,6.2,6.3,710.4,2.5,NA,NA,NA,3.2,NA,NA,32.5,1185.9,4,17.5,NA,37.1,NA,1351.6,NA,547.5,136528.9,NA,NA,2864.2,NA,NA,NA,153.8,NA,1413.7,814.7,43960,699.6,347.3,2791.2,654.2,NA,1320.1,NA,265.3,173.6,104,1463,1679.9,NA,187.9,NA,300.9,13507.7,NA,183.2,2216.4,9558.8,553.8,95.1,NA,558,350.7,NA,NA,428.5,NA,2238.3,NA,NA,1738.1,1659.2,NA,913.2,148.5,NA,857.8,NA,NA,2846,370.6,380.9,42623.2,148.1,NA,NA,NA,192.5,NA,NA,1952.6,71151.2,239.9,1049.6,NA,2227.1,NA,81094.7,NA,0.18,0,NA,NA,1.02,NA,NA,NA,0.05,NA,0.5,0.28,15.16,0.24,0.12,0.97,0.23,NA,0.45,NA,0.09,0.06,0.04,0.5,0.59,NA,0.06,NA,0.1,4.49,NA,0.06,0.74,3.19,0.18,0.03,NA,0.19,0.12,NA,NA,0.14,NA,0.74,NA,NA,0.57,0.54,NA,0.3,0.05,NA,0.28,NA,NA,0.92,0.12,0.12,13.74,0.05,NA,NA,NA,0.06,NA,NA,0.63,22.94,0.08,0.33,NA,0.7,NA,25.14,NA,7437.11,"C:/Users/freya/OneDrive - Dalhousie University/Ch 1/Freya_Scallops/SCAL_Freya_10-25_2025-11-14.csv",71.1,80.2,4266.8,4813.2,1.38,1.55
"181","2025\08\28\SCAL_0312.DATA",23.5,3305.9,1,NA,80.2,NA,NA,NA,4.5,1.7,44.1,24.1,1436.9,23.3,10.7,79.1,20.8,NA,43.1,1.2,10,4.9,2.5,44.8,61.3,NA,6.8,2,3.8,413.2,NA,0,82.5,302.7,16.6,2.7,NA,18.3,12.8,3.6,NA,14.6,NA,77.7,NA,NA,52.9,47.8,NA,69.8,6,NA,25,1.7,2.7,89.6,9.4,13.8,1329.2,4.5,NA,NA,NA,4.9,7.4,NA,60.9,2648.4,6.1,35.2,NA,68.3,NA,2793.8,NA,1411.2,198355.5,60.9,NA,4810.2,NA,NA,NA,267.9,101.7,2646.6,1447.7,86213.4,1397,639.9,4748.5,1245.8,NA,2587.5,73.7,597.5,292.4,150.5,2689.7,3680.2,NA,407.4,119.9,227.4,24794.2,NA,0.1,4949.9,18160.7,996.5,163,NA,1098.2,765.9,216.3,NA,874.8,NA,4664.9,NA,NA,3173.6,2869.9,NA,4190.1,361.5,NA,1497.9,101.4,162.3,5374.8,564.9,830.9,79754.5,268.6,NA,NA,NA,294.8,443.6,NA,3651.1,158901.6,363.5,2112.6,NA,4096.9,NA,167631,NA,0.22,0,0.01,NA,0.84,NA,NA,NA,0.05,0.02,0.46,0.25,14.63,0.24,0.11,0.81,0.21,NA,0.43,0.01,0.1,0.05,0.03,0.45,0.63,NA,0.06,0.02,0.04,4.06,NA,0,0.81,2.99,0.16,0.03,NA,0.18,0.13,0.04,NA,0.14,NA,0.76,NA,NA,0.51,0.46,NA,0.67,0.06,NA,0.24,0.02,0.03,0.85,0.09,0.13,12.65,0.04,NA,NA,NA,0.05,0.07,NA,0.58,25.21,0.06,0.33,NA,0.64,NA,25.57,NA,13806.2,"C:/Users/freya/OneDrive - Dalhousie University/Ch 1/Freya_Scallops/SCAL_Freya_10-25_2025-11-14.csv",135.5,157.6,8128.1,9455.3,1.29,1.5
"182","2025\08\28\SCAL_0253.DATA",12.5,3193.4,NA,NA,66.8,NA,NA,NA,2.9,NA,34.1,13.4,1055.1,17.4,8.3,50.1,15.2,NA,27.2,2.7,5.4,3.8,1.6,33.1,32.8,NA,3.6,NA,2.5,346.3,NA,0,53.8,190.1,10.2,1.3,NA,15.4,12.7,2.8,NA,13.5,NA,76.1,NA,2.1,44,37.6,NA,26.2,3.6,NA,19,NA,NA,57.3,7.4,18.9,1039,3.7,NA,NA,NA,4.2,5.8,NA,50.7,1621,3.9,25.4,NA,50.1,NA,1712.3,NA,750.8,191605.9,NA,NA,4010.7,NA,NA,NA,172.1,NA,2047.9,803.5,63304.7,1045.6,496.7,3006.3,914.2,NA,1631,162.9,325.3,230.3,98.1,1987.5,1967.3,NA,217.9,NA,148,20776.9,NA,0.4,3230.4,11407.2,612.7,77.2,NA,926.5,761.7,167,NA,809.3,NA,4567.7,NA,124.5,2637.1,2255,NA,1571.3,217.9,NA,1137.7,NA,NA,3440.5,445.2,1131.5,62338.3,223,NA,NA,NA,252.8,350.3,NA,3043.6,97262.2,232,1524.9,NA,3007,NA,102736.6,NA,0.18,0,NA,NA,1.04,NA,NA,NA,0.04,NA,0.53,0.2,15.84,0.26,0.12,0.76,0.23,NA,0.4,0.04,0.08,0.05,0.02,0.49,0.5,NA,0.05,NA,0.04,5.01,NA,0,0.78,2.77,0.15,0.02,NA,0.22,0.18,0.04,NA,0.2,NA,1.1,NA,0.03,0.62,0.53,NA,0.37,0.05,NA,0.27,NA,NA,0.8,0.1,0.26,14.59,0.05,NA,NA,NA,0.06,0.08,NA,0.71,22.76,0.05,0.35,NA,0.69,NA,23.11,NA,10306.62,"C:/Users/freya/OneDrive - Dalhousie University/Ch 1/Freya_Scallops/SCAL_Freya_10-25_2025-11-14.csv",99.9,124.1,5993.7,7448.7,1.4,1.74
"183","2025\08\28\SCAL_0254.DATA",0.5,5866.4,1.8,2.6,138,2.9,NA,NA,6.4,1,75.5,34.1,2598.9,38.7,19.5,130.9,33.8,NA,68.1,5.9,15.9,8.2,3.9,70.1,65.8,NA,10.2,2.6,5.5,833.5,0.9,0,128.3,569.1,14.9,15.5,NA,33.1,30.7,3.4,2.6,25,3,187.7,3.4,4.1,84.9,70.7,NA,158.4,11.1,NA,42.1,5.4,6.3,116,38.9,38.6,2410.6,9.1,NA,NA,30.3,9.6,13.8,4.2,124.9,3783.5,34.1,45.4,NA,116.9,NA,4202.7,13,29.7,351984.7,109.5,158,8278.1,175.4,NA,NA,382.5,59.4,4530.8,2044.7,155934.7,2320.2,1168.4,7855.1,2029.6,NA,4088.9,354,953.8,489.6,235,4204.5,3945.2,NA,610.4,154.6,327.2,50011.5,51.9,0.1,7697.1,34145.8,896.9,930.9,NA,1983.8,1839.9,206.9,155.6,1500.8,178.5,11264.3,201.5,243.3,5094.1,4244.4,NA,9503.1,668.1,NA,2523.1,322.9,380.5,6957.2,2332.2,2316.9,144635.8,543.6,NA,NA,1820.7,576.5,829.2,250.8,7491.5,227008.8,2046.5,2722.9,NA,7014.4,NA,252160,777.8,0,0,0.01,0.02,0.89,0.02,NA,NA,0.04,0.01,0.48,0.21,16.14,0.24,0.12,0.82,0.21,NA,0.42,0.04,0.1,0.05,0.02,0.43,0.41,NA,0.06,0.02,0.03,4.99,0.01,0,0.77,3.42,0.09,0.09,NA,0.2,0.18,0.02,0.02,0.15,0.02,1.12,0.02,0.02,0.5,0.41,NA,0.92,0.06,NA,0.25,0.03,0.04,0.67,0.23,0.22,14,0.05,NA,NA,0.18,0.06,0.08,0.02,0.72,21.97,0.19,0.26,NA,0.67,NA,23.46,0.07,23173.77,"C:/Users/freya/OneDrive - Dalhousie University/Ch 1/Freya_Scallops/SCAL_Freya_10-25_2025-11-14.csv",240,280.9,14398.3,16852.3,1.39,1.63
"184","2025\08\28\SCAL_0255.DATA",0.4,2846.3,NA,NA,90.6,NA,NA,3.8,4.7,1.1,40.6,25.2,1378.4,22,10.8,122.6,18.1,NA,46.8,NA,5.9,4.6,3.6,40.5,40.9,NA,6.4,NA,11.3,364,NA,6.9,139.2,258.1,10,5.8,NA,26.7,13.2,2.3,NA,17.1,3.9,69.9,NA,NA,41.7,46,NA,24.2,5.7,NA,21.9,NA,2.8,81.5,9.1,13.1,1240.9,5.2,NA,5.2,NA,4.2,5.5,NA,60.1,1880.8,5.2,35.4,NA,72.3,6.2,2425.4,74.8,22.6,170777.9,NA,NA,5433.2,NA,NA,227,281.7,63.7,2438.1,1509.6,82705.3,1321.6,648.6,7354.9,1084.7,NA,2810.7,NA,356.2,277.1,217.8,2431.3,2455.3,NA,383.5,NA,675.7,21842.7,NA,413.9,8353.8,15484.2,600.8,349.3,NA,1599,793.6,138.8,NA,1024.4,234.3,4191.7,NA,NA,2501.1,2762.3,NA,1450.8,339.3,NA,1314.6,NA,169.8,4889.6,548.5,785.7,74451.2,312.6,NA,311.3,NA,252.9,327.5,NA,3606.6,112845.6,314,2123.7,NA,4336.1,369.1,145522,4485.2,0,0,NA,NA,1.09,NA,NA,0.04,0.06,0.01,0.49,0.29,16.05,0.26,0.13,1.44,0.21,NA,0.54,NA,0.07,0.05,0.04,0.47,0.48,NA,0.07,NA,0.13,4.09,NA,0.08,1.57,2.91,0.11,0.07,NA,0.3,0.15,0.03,NA,0.19,0.04,0.78,NA,NA,0.46,0.51,NA,0.26,0.06,NA,0.24,NA,0.03,0.89,0.1,0.14,13.51,0.06,NA,0.06,NA,0.05,0.06,NA,0.65,20.48,0.06,0.38,NA,0.77,0.06,25.39,0.79,12103.04,"C:/Users/freya/OneDrive - Dalhousie University/Ch 1/Freya_Scallops/SCAL_Freya_10-25_2025-11-14.csv",117.9,136.2,7074.3,8173,1.28,1.48
"185","2025\08\28\SCAL_0256.DATA",1.9,393.1,NA,NA,24.8,NA,NA,NA,NA,NA,11.6,5.9,353.4,5.4,NA,23.7,5.4,NA,12.6,NA,NA,2.9,NA,11.2,10.1,NA,NA,NA,2.6,105,NA,0,17.9,58.8,NA,7.7,NA,6.1,4.3,NA,NA,4,5.7,25.5,NA,NA,12.4,11.4,NA,14.4,NA,NA,5.6,NA,NA,19.8,7.8,3.8,354.8,NA,15.2,NA,2.9,NA,NA,NA,19.7,445.6,5.3,8.1,NA,19.8,NA,527.8,NA,115.6,23587.3,NA,NA,1486.5,NA,NA,NA,NA,NA,697.2,351.3,21205.8,326.3,NA,1423.6,325.3,NA,758.4,NA,NA,176.1,NA,671.8,604.7,NA,NA,NA,157.5,6298.8,NA,1,1073.8,3530.5,NA,460.2,NA,368.6,256.5,NA,NA,240.8,343,1531,NA,NA,746.3,681.4,NA,866,NA,NA,336.8,NA,NA,1190.9,465.2,225.2,21287.1,NA,914.5,NA,173.5,NA,NA,NA,1184.8,26733.2,317.4,487.3,NA,1185,NA,31670.8,NA,0.08,0,NA,NA,1.2,NA,NA,NA,NA,NA,0.56,0.27,16.53,0.26,NA,1.12,0.25,NA,0.59,NA,NA,0.13,NA,0.52,0.48,NA,NA,NA,0.12,4.73,NA,0,0.81,2.67,NA,0.35,NA,0.28,0.19,NA,NA,0.18,0.26,1.15,NA,NA,0.55,0.5,NA,0.63,NA,NA,0.25,NA,NA,0.87,0.34,0.16,15.52,NA,0.67,NA,0.13,NA,NA,NA,0.86,19.49,0.23,0.35,NA,0.85,NA,22.2,NA,2677.73,"C:/Users/freya/OneDrive - Dalhousie University/Ch 1/Freya_Scallops/SCAL_Freya_10-25_2025-11-14.csv",40.2,44.3,2412,2655.2,1.76,1.94
"186","2025\08\28\SCAL_0257.DATA",14,4288.9,1.7,NA,94.5,NA,NA,NA,3.3,0.8,47.1,18.5,1570.9,27.6,13.4,111.7,21.4,NA,44.8,4.7,9.1,5.8,3.5,46.6,38.5,NA,7.2,1.7,4,482.3,NA,0,85.7,374,18.3,2,NA,20.6,26.4,2.9,3.8,18.4,NA,163.8,6.2,3,69,53.8,NA,17.7,5.7,NA,29.7,4.7,3.4,76.3,11.8,25.5,1497.6,2.7,NA,4.1,3.8,5.7,9.4,3,91.8,2200.3,4.8,29.7,NA,74.7,NA,2350.9,NA,838.9,257331.3,100.2,NA,5668.4,NA,NA,NA,196.9,49.3,2827.7,1110.1,94256.1,1658.7,805.1,6703.9,1281,NA,2686.9,284,543.4,346.4,210.8,2798.8,2309.6,NA,431.9,102.8,240.4,28936.2,NA,0,5140.1,22440.5,1098.3,117,NA,1238.6,1581,176.1,227.4,1106.1,NA,9830.9,373.7,180.9,4140.4,3228.9,NA,1060.1,340.4,NA,1780.2,280.2,204,4579.5,706.5,1528.1,89853.6,160.3,NA,248.7,226.2,344.8,566.4,177.4,5505.6,132017.6,285.5,1781.3,NA,4484,NA,141056.6,NA,0.14,0,0.02,NA,1.01,NA,NA,NA,0.03,0.01,0.5,0.19,16.3,0.29,0.14,1.17,0.22,NA,0.46,0.05,0.09,0.06,0.04,0.48,0.41,NA,0.07,0.02,0.04,4.82,NA,0,0.86,3.76,0.18,0.02,NA,0.21,0.26,0.03,0.04,0.18,NA,1.64,0.06,0.03,0.68,0.53,NA,0.17,0.06,NA,0.29,0.05,0.03,0.74,0.11,0.25,14.52,0.03,NA,0.04,0.04,0.06,0.09,0.03,0.89,21.34,0.05,0.28,NA,0.71,NA,21.92,NA,14593.84,"C:/Users/freya/OneDrive - Dalhousie University/Ch 1/Freya_Scallops/SCAL_Freya_10-25_2025-11-14.csv",154.3,184.3,9255.1,11057.5,1.5,1.79
"187","2025\08\28\SCAL_0258.DATA",10.3,2180.4,NA,NA,63.4,1.9,NA,NA,2.6,NA,30.2,13.3,986,14.6,6.5,62.3,12.4,NA,29.6,NA,4.3,2.9,NA,30.8,32,NA,3.9,NA,7.4,283.2,NA,1.4,47.3,200.3,6.2,NA,NA,12.5,9.7,2.7,NA,8.4,NA,44.9,NA,NA,39.7,31.4,NA,19.9,3.8,NA,15.8,NA,NA,57.6,6.8,8.7,820.5,3.5,NA,NA,NA,NA,4.3,NA,49.2,1267.1,6.4,24.2,NA,46,NA,1710.6,NA,615.4,130822.9,NA,NA,3806.6,113.5,NA,NA,158.6,NA,1813.4,797.5,59158,875.4,392.9,3737.2,741.5,NA,1778.5,NA,259.7,172,NA,1848.9,1922.3,NA,232.3,NA,441.5,16994.6,NA,83.1,2837.3,12018.3,374,NA,NA,749.5,581.3,161,NA,502.6,NA,2696.3,NA,NA,2383.8,1881.4,NA,1191.3,230.4,NA,946.3,NA,NA,3455.5,405.6,520.8,49229.1,208.4,NA,NA,NA,NA,255.7,NA,2950.5,76025.6,384.7,1451.4,NA,2757.7,NA,102638.6,NA,0.16,0,NA,NA,1.11,0.03,NA,NA,0.05,NA,0.53,0.23,16.76,0.25,0.11,1.06,0.21,NA,0.5,NA,0.07,0.05,NA,0.52,0.55,NA,0.06,NA,0.13,4.64,NA,0.02,0.78,3.3,0.1,NA,NA,0.2,0.16,0.04,NA,0.14,NA,0.74,NA,NA,0.64,0.5,NA,0.32,0.06,NA,0.25,NA,NA,0.92,0.11,0.14,13.04,0.06,NA,NA,NA,NA,0.07,NA,0.78,20.14,0.1,0.38,NA,0.72,NA,26.14,NA,8448.94,"C:/Users/freya/OneDrive - Dalhousie University/Ch 1/Freya_Scallops/SCAL_Freya_10-25_2025-11-14.csv",83.6,114.8,5013.9,6887.5,1.33,1.82
"188","2025\08\29\SCAL_0043.DATA",10.8,9599.4,0.3,8,169.3,NA,NA,NA,9.1,3,84.6,62,3165.6,42.6,20.8,186.4,41.5,NA,119.4,7.9,21.9,8.9,6.2,93.3,100.5,NA,11.2,7.6,9.5,1007.6,NA,14.3,149,611.8,19,70.9,NA,35.8,19.3,3.7,NA,28.4,86.4,183.3,NA,6.6,109.7,116.7,NA,188.5,15.4,97.3,58.1,7.8,7.5,220.8,122,26.6,2948,14.7,8.3,NA,89.1,15.3,16.5,4.8,152.7,4514.3,95,80.7,NA,133,NA,5791.8,66.3,649.7,575965,17.7,478.9,10160.8,NA,NA,NA,546.3,180.4,5079,3719.3,189933.2,2558.3,1245.4,11184.6,2489.3,NA,7165.8,475.7,1312,531.2,372.7,5596.9,6032.8,NA,669.8,455.3,567.2,60458.7,NA,857,8940.6,36708.9,1138.6,4256.3,NA,2145.8,1157.7,222.8,NA,1703.1,5182.1,10996.6,NA,393.8,6579.5,7004.8,NA,11310.5,925.8,5840.2,3483,465.8,447.8,13247.2,7318.2,1597.3,176881.8,880.2,500.1,NA,5347.8,920.2,992.9,288.1,9162.8,270856.6,5701.1,4841.4,NA,7980.2,NA,347505.5,3980.2,0.05,0,0,0.04,0.85,NA,NA,NA,0.05,0.01,0.42,0.3,15.34,0.21,0.1,0.91,0.2,NA,0.57,0.04,0.1,0.04,0.03,0.45,0.5,NA,0.05,0.04,0.05,4.71,NA,0.07,0.7,2.87,0.09,0.33,NA,0.17,0.09,0.02,NA,0.13,0.4,0.86,NA,0.03,0.5,0.53,NA,0.86,0.07,0.44,0.26,0.04,0.03,1,0.55,0.12,13.35,0.07,0.04,NA,0.4,0.07,0.07,0.02,0.69,20.45,0.42,0.36,NA,0.59,NA,25.23,0.29,32056.52,"C:/Users/freya/OneDrive - Dalhousie University/Ch 1/Freya_Scallops/SCAL_Freya_10-25_2025-11-14.csv",314.2,287.6,18849,17255,1.42,1.3
"189","2025\08\29\SCAL_0047.DATA",5.6,6018.4,1.9,NA,148.4,NA,NA,NA,5.3,1.9,68.4,26.2,2088,33.2,15.8,131.7,31.4,NA,67.8,6.6,12.1,7.2,6.3,72.8,52.1,NA,10.4,4,5.5,679.2,NA,12.9,96,424.6,28.8,8.6,5.9,27.8,30.4,3.1,4.3,26.7,5.1,190.6,6.4,5,86.7,86.6,NA,120.4,7.7,NA,45.7,6.4,5.6,137.5,21.2,34.6,2275.9,5.3,NA,3,NA,8.5,14.4,3.2,112.8,2337.8,14.3,49.8,NA,114.7,NA,3493.5,NA,334.6,361101.2,115.9,NA,8903.5,NA,NA,NA,318.9,113.2,4104.5,1571.2,125280.4,1994.5,947.5,7903.6,1884.5,NA,4070.6,396.5,726.3,429.9,379,4368.1,3125.3,NA,626.4,241.7,330,40753.8,NA,772.8,5757.6,25475.9,1728.7,515,356,1666.1,1822.8,186.3,257.3,1600.8,306.1,11435.9,382.3,302.1,5201.8,5197.8,NA,7224.6,461.5,NA,2744.7,386.9,336.4,8248.3,1271.4,2075.8,136551.8,316.2,NA,177.4,NA,510.7,862.7,192.5,6765.6,140269.9,856.8,2987.9,NA,6884.2,NA,209607.9,NA,0.04,0,0.02,NA,1.18,NA,NA,NA,0.04,0.01,0.54,0.2,16.1,0.26,0.12,1.02,0.24,NA,0.52,0.05,0.09,0.05,0.05,0.56,0.41,NA,0.08,0.03,0.04,5.05,NA,0.1,0.72,3.17,0.22,0.06,0.04,0.21,0.23,0.02,0.03,0.2,0.04,1.42,0.05,0.04,0.63,0.63,NA,0.87,0.06,NA,0.33,0.05,0.04,0.99,0.15,0.25,16.41,0.04,NA,0.02,NA,0.06,0.1,0.02,0.81,16.86,0.1,0.35,NA,0.81,NA,24.22,NA,19936.38,"C:/Users/freya/OneDrive - Dalhousie University/Ch 1/Freya_Scallops/SCAL_Freya_10-25_2025-11-14.csv",179.5,227.5,10773,13647.1,1.29,1.64
"190","2025\08\29\SCAL_0050.DATA",33,10889.7,3.1,1.8,294.8,6.7,NA,NA,12.1,3.3,145.9,70.5,5516.8,78.2,42,344,67.9,NA,155.7,11.9,41.2,15.6,11.6,150.8,164.9,NA,28.4,6,15.9,1775.4,NA,27.9,332.9,1221.6,85.1,23.9,14.3,69.4,69,6.4,12.4,59,21.7,461.1,15.8,16,206.6,173,NA,262.3,21.3,45.2,98,14.8,16.2,304.6,68.7,76.3,5517.3,3.6,11.5,9,40.9,24.2,35.4,10.8,256.3,10684.5,59.7,125.4,4.6,228.1,NA,9447.3,17.3,1979.9,653383.5,184.6,108.6,17687.4,400.9,NA,NA,727.7,197.1,8756.8,4230.9,331007.6,4694.7,2520.7,20640.9,4071.3,NA,9341.8,716.6,2472.8,933.9,693.9,9049.2,9893.4,NA,1701.6,360.7,957,106522.1,NA,1672.7,19971.3,73295.1,5108.2,1435.1,856.8,4166.3,4141.5,385.4,741.1,3542.6,1300.8,27666.2,948.9,960.3,12397.4,10381.8,NA,15735.7,1279.8,2712.3,5880.5,885.7,970.2,18277.9,4121.2,4578.9,331036.9,218.4,690.5,538.8,2453.4,1454,2126.6,649.6,15377.9,641067.3,3581,7522.5,275.8,13684.1,NA,566840.4,1039.6,0.08,0,0.01,0,0.8,0.02,NA,NA,0.03,0.01,0.4,0.19,14.55,0.21,0.11,0.91,0.18,NA,0.41,0.03,0.11,0.04,0.03,0.39,0.44,NA,0.07,0.02,0.04,4.51,NA,0.07,0.85,3.12,0.22,0.06,0.04,0.18,0.18,0.02,0.03,0.15,0.06,1.17,0.04,0.04,0.51,0.43,NA,0.65,0.05,0.11,0.24,0.04,0.04,0.75,0.17,0.19,13.61,0.01,0.03,0.02,0.1,0.06,0.09,0.03,0.63,26.35,0.14,0.3,0.01,0.55,NA,22.41,0.04,51727.39,"C:/Users/freya/OneDrive - Dalhousie University/Ch 1/Freya_Scallops/SCAL_Freya_10-25_2025-11-14.csv",485.3,575.2,29117.3,34510.6,1.2,1.42
"191","2025\08\29\SCAL_0051.DATA",73.3,23997,9.8,2.8,488.4,9.9,NA,NA,23.5,6.2,277.1,143.4,9496.6,118.3,68.6,462.7,114.2,NA,250.5,11.4,84.5,26.1,8.5,247.9,232.1,NA,41.9,16.7,30.3,2828.7,NA,33.8,530.4,2216.2,75.6,131.9,33.3,137.2,22.4,12.9,22.7,101.1,76.2,601.8,18.1,19.4,398.5,340.8,NA,416.1,55.5,101,172.6,16.6,32.7,526.3,44.5,104.9,8385.1,35.9,27.4,18.6,97.2,46.5,64.5,13.8,394.3,19001.1,121.7,206.8,7.2,419.6,NA,17045.2,40.8,4400.5,1439820.6,588.7,170.9,29306.8,593.2,NA,NA,1411.6,371.3,16625.3,8602.4,569796.4,7096.6,4114.5,27762.8,6849,NA,15027,682.2,5067.4,1569,510.2,14874.8,13924.1,NA,2515,1000.3,1820.6,169721.8,NA,2026.8,31824.3,132969.9,4536,7912.2,1996.7,8234.2,1341.4,774.7,1361.9,6068.7,4572.3,36106.9,1084.6,1164.5,23909.5,20446.1,NA,24966.8,3330,6060.3,10355.3,993.4,1959,31579.4,2672.6,6296.5,503105.8,2153.1,1644.6,1118.9,5834.8,2789.1,3872.4,827.5,23655.5,1140068.3,7301.2,12410.3,431.5,25174.1,NA,1022712.8,2450.7,0.11,0,0.02,0,0.78,0.01,NA,NA,0.04,0.01,0.44,0.22,14.73,0.18,0.11,0.72,0.18,NA,0.38,0.02,0.13,0.04,0.01,0.38,0.37,NA,0.06,0.03,0.05,4.23,NA,0.05,0.8,3.33,0.11,0.2,0.05,0.21,0.03,0.02,0.03,0.15,0.11,0.9,0.03,0.03,0.58,0.5,NA,0.61,0.08,0.15,0.25,0.02,0.05,0.76,0.06,0.15,12.16,0.05,0.04,0.03,0.14,0.07,0.09,0.02,0.57,27.55,0.17,0.29,0.01,0.6,NA,23.77,0.06,94013.26,"C:/Users/freya/OneDrive - Dalhousie University/Ch 1/Freya_Scallops/SCAL_Freya_10-25_2025-11-14.csv",611.5,674.1,36688.7,40443.3,0.89,0.98
"192","2025\08\29\SCAL_0059.DATA",7.4,5694.6,1.6,NA,153.1,6.1,NA,NA,6.5,2,74.2,29.1,2613.2,35.9,15.4,123.9,32.3,NA,73.3,4.7,15.5,6,4.1,81.4,64.6,NA,9.1,4.6,5,765.2,NA,NA,128,437.5,24.4,8.2,5.3,52.8,27.7,2.9,NA,27.4,NA,157.4,4.8,4.3,92.3,76.1,NA,22.5,6.3,16.4,44.9,4.9,6.6,149,17.5,27.9,2441.1,7.9,NA,NA,3.5,8.5,12.3,3.6,126.2,3122,11.7,61.8,NA,135.5,NA,4496.3,17.5,441.8,341676.8,98,NA,9185,364.8,NA,NA,388,120.6,4454.5,1744.3,156794.7,2152.9,925.7,7433.1,1937.2,NA,4400.4,279.1,932.1,361.1,246.6,4881.1,3875.9,NA,544.2,273.6,301,45910.2,NA,NA,7681.2,26252.7,1466.7,491.9,315.4,3166.1,1659.2,176.7,NA,1642.8,NA,9443.3,287.1,256.8,5538.9,4564.1,NA,1352.7,379.1,983.3,2692.3,294.9,394.1,8940,1048.2,1673.4,146468.5,474.4,NA,NA,209.9,511.1,739.5,216.2,7572.9,187321.8,702.1,3709.9,NA,8127.5,NA,269775.1,1049.7,0.04,0,0.01,NA,1.03,0.04,NA,NA,0.04,0.01,0.5,0.19,16.97,0.23,0.1,0.81,0.21,NA,0.47,0.03,0.1,0.04,0.03,0.52,0.43,NA,0.06,0.03,0.03,4.79,NA,NA,0.81,2.75,0.15,0.05,0.03,0.33,0.17,0.02,NA,0.17,NA,0.99,0.03,0.03,0.57,0.47,NA,0.14,0.04,0.1,0.27,0.03,0.04,0.9,0.11,0.17,14.82,0.05,NA,NA,0.02,0.05,0.07,0.02,0.77,18.95,0.07,0.37,NA,0.81,NA,26.25,0.1,22574.47,"C:/Users/freya/OneDrive - Dalhousie University/Ch 1/Freya_Scallops/SCAL_Freya_10-25_2025-11-14.csv",203.6,222.5,12213.8,13352,1.24,1.35
"193","2025\08\29\SCAL_0063.DATA",5,5895.4,2.3,2.7,230.3,5.6,NA,NA,10.2,3.5,128.6,55.3,4421.7,65.9,31.5,203.2,58.3,NA,136.1,11,24,14,9.2,156.7,122.6,NA,20,6.8,10,1503.6,NA,24.8,222.8,938.9,66.3,19.7,12.2,63.2,75.2,23.1,16.3,74.7,12.5,345.5,15.2,7.7,209.7,160.4,NA,238.8,19.8,NA,90.4,15.7,15,307.4,47.3,64.3,4877.7,15.8,9.4,10,8.8,18.8,30.9,8.8,228.1,5339.8,32.5,116.3,4.2,230.7,NA,7605.6,42.1,299.3,353722.5,137.2,162.1,13819.7,335.1,NA,NA,612.2,208.3,7716.5,3315.1,265300.6,3953.9,1892.3,12189,3500.8,NA,8166.6,660,1437.5,838.7,550.8,9404.3,7358.8,NA,1197.3,408.3,599.9,90216.1,NA,1489.8,13367.1,56333.1,3980.2,1183.2,731.6,3790.4,4509.2,1384.1,976.8,4483.5,750.9,20729.4,914.2,459.8,12579.6,9621.8,NA,14325.4,1190.6,NA,5424.5,942.8,899.1,18442.4,2837.7,3855.8,292661.5,947.1,562.7,597.5,526.1,1127,1853.9,530.5,13687,320388,1950.4,6980.5,254.4,13843.1,NA,456335.7,2523.8,0.02,0,0.01,0.01,0.85,0.02,NA,NA,0.04,0.01,0.47,0.2,15.78,0.24,0.11,0.73,0.21,NA,0.48,0.04,0.08,0.05,0.03,0.55,0.44,NA,0.07,0.02,0.04,5.17,NA,0.09,0.77,3.25,0.23,0.07,0.04,0.22,0.26,0.08,0.06,0.26,0.04,1.19,0.05,0.03,0.71,0.54,NA,0.8,0.07,NA,0.3,0.05,0.05,1.03,0.16,0.21,16.28,0.05,0.03,0.03,0.03,0.06,0.1,0.03,0.76,17.82,0.11,0.38,0.01,0.75,NA,24.4,0.14,36579.5,"C:/Users/freya/OneDrive - Dalhousie University/Ch 1/Freya_Scallops/SCAL_Freya_10-25_2025-11-14.csv",373.2,463.3,22394.4,27795.8,1.25,1.55
"194","2025\08\29\SCAL_0064.DATA",7.9,10108.7,3.3,2.4,328,6.5,NA,NA,13.3,4.4,160.8,85.5,5838.6,93.6,40,279,77.5,NA,177.5,10.1,29.8,17.3,12.8,200.8,234.5,NA,24,8.1,13.8,2217.6,NA,37.4,248.7,1174.4,89.8,29.9,19.1,77.2,84.3,30.8,18.4,72,16.2,291.5,18.2,13.6,263.9,258.7,NA,261.6,20.9,NA,131.4,16.8,20.7,442.2,46.5,73.7,6301.8,31.8,17.1,9.8,13,23.1,35.6,13.3,290,12469.6,20.1,133.4,5,242.3,NA,10963,5.5,471.1,606521.5,195.5,143.8,19679.1,389.6,NA,NA,796.9,265.6,9647.4,5129.5,350315.7,5613.6,2402.6,16738.2,4647,NA,10647.6,606,1787.5,1040.5,766.4,12049.2,14069.7,NA,1437.8,488.1,828.4,133053.9,NA,2243.8,14924.4,70466.1,5387.8,1793.6,1143.9,4632.6,5057.4,1848.5,1106.5,4320.5,974.5,17492.7,1092.5,814.8,15836.6,15524.9,NA,15694.1,1253.6,NA,7882.9,1006.5,1240.2,26529.5,2792.4,4422.4,378107,1908.2,1024.2,586.3,779.5,1385.6,2133.4,799,17398.5,748177.8,1206.8,8002.8,298,14540.1,NA,657781.8,330.3,0.02,0,0.01,0.01,0.79,0.01,NA,NA,0.03,0.01,0.39,0.2,13.66,0.22,0.09,0.66,0.18,NA,0.41,0.02,0.07,0.04,0.03,0.46,0.56,NA,0.05,0.02,0.03,5,NA,0.08,0.56,2.66,0.2,0.07,0.04,0.17,0.19,0.07,0.04,0.16,0.04,0.66,0.04,0.03,0.58,0.57,NA,0.57,0.05,NA,0.29,0.04,0.05,0.97,0.1,0.16,13.78,0.07,0.04,0.02,0.03,0.05,0.08,0.03,0.63,27.27,0.04,0.29,0.01,0.52,NA,23.06,0.01,56162.36,"C:/Users/freya/OneDrive - Dalhousie University/Ch 1/Freya_Scallops/SCAL_Freya_10-25_2025-11-14.csv",588.5,642.8,35307.5,38567.2,1.29,1.41
"195","2025\08\29\SCAL_0110_1.DATA",4.7,2718.2,NA,NA,97,NA,NA,NA,3.2,NA,85.5,22.3,2104.6,26,14.3,75.7,19.5,NA,66.4,NA,8.3,4.5,1.5,71.1,46,NA,6.4,NA,4.1,659.6,NA,2.1,94,357.6,19.8,5.6,3.1,18.9,18.7,6.6,NA,15.3,3.9,83.3,NA,5.1,77.2,65.4,NA,101.1,8.5,NA,34.2,4.3,4.6,109.3,19.6,37.3,1653.8,9.1,NA,3.8,NA,7.8,9.1,NA,83.7,2467.5,8.3,43,NA,114.2,NA,3062.1,2.9,282.1,163093.2,NA,NA,5819,NA,NA,NA,189.6,NA,5132.4,1340,126277.1,1561.1,859.6,4544.3,1170.2,NA,3986.9,NA,496.3,272.1,92,4265.9,2759.6,NA,386.5,NA,248.6,39574.5,NA,128.6,5639.8,21453.8,1186.5,333.5,183.3,1135.6,1121.3,395.5,NA,917.7,231.9,4999.7,NA,306.1,4632.7,3926.3,NA,6068.1,507.5,NA,2054.2,257.8,274.7,6556.8,1177.2,2239.7,99225.1,544.2,NA,228.9,NA,465.8,546.9,NA,5024.3,148052.3,500.4,2581.9,NA,6853.6,NA,183726.7,171.6,0.04,0,NA,NA,0.87,NA,NA,NA,0.03,NA,0.76,0.19,18.26,0.23,0.12,0.66,0.17,NA,0.57,NA,0.07,0.04,0.01,0.61,0.41,NA,0.05,NA,0.04,5.52,NA,0.02,0.79,3.01,0.17,0.05,0.03,0.16,0.16,0.06,NA,0.13,0.03,0.7,NA,0.04,0.63,0.54,NA,0.82,0.07,NA,0.28,0.04,0.04,0.89,0.16,0.3,13.42,0.07,NA,0.03,NA,0.06,0.07,NA,0.68,20.02,0.07,0.34,NA,0.91,NA,23.89,0.02,15390.99,"C:/Users/freya/OneDrive - Dalhousie University/Ch 1/Freya_Scallops/SCAL_Freya_10-25_2025-11-14.csv",150.8,178.4,9048.4,10701.9,1.22,1.45
"196","2025\08\29\SCAL_0110_2.DATA",5.2,2784.1,NA,NA,98,NA,NA,NA,3.1,NA,100.9,22.3,2137.4,28.3,15.2,77.3,19.8,NA,67.4,NA,8.2,4.4,1.3,72,47.1,NA,6.8,NA,4.1,666.4,NA,0.5,86.8,358.4,17.4,1.9,NA,19.2,18.8,5.7,NA,15.2,4,86.4,NA,4.9,77.7,65.8,NA,101.6,7.4,NA,32.3,3.9,4.4,109.3,19.9,37.6,1678.2,9.1,NA,3.9,NA,7.6,10.2,NA,83.1,2455.2,7.9,0.9,NA,117.9,NA,3096.4,3.9,309.1,167046.8,NA,NA,5878.9,NA,NA,NA,183.7,NA,6055,1336.6,128242.1,1695.3,909.5,4635.6,1187.5,NA,4041.1,NA,489.7,263.6,78.9,4320.3,2825,NA,406.3,NA,245.1,39984.2,NA,31.5,5205.3,21504.9,1042.8,116.1,NA,1152.4,1128.3,343.7,NA,909.3,240.2,5183.1,NA,291.2,4663.4,3947,NA,6096.7,442.5,NA,1937,236.2,261.3,6559.9,1194.5,2258,100694.2,544.5,NA,235.8,NA,456.4,611.5,NA,4983.6,147313,474.6,54.5,NA,7076.5,NA,185783,236,0.04,0,NA,NA,0.87,NA,NA,NA,0.03,NA,0.9,0.19,18.45,0.25,0.13,0.67,0.17,NA,0.58,NA,0.07,0.04,0.01,0.61,0.41,NA,0.05,NA,0.04,5.54,NA,0,0.73,3,0.15,0.02,NA,0.16,0.16,0.05,NA,0.13,0.03,0.72,NA,0.04,0.63,0.54,NA,0.82,0.06,NA,0.26,0.03,0.04,0.88,0.16,0.3,13.54,0.07,NA,0.03,NA,0.06,0.08,NA,0.67,19.82,0.06,0.01,NA,0.93,NA,24.03,0.03,15650.71,"C:/Users/freya/OneDrive - Dalhousie University/Ch 1/Freya_Scallops/SCAL_Freya_10-25_2025-11-14.csv",153.6,181.5,9213.6,10891.9,1.24,1.47
"197","2025\08\29\SCAL_0157.DATA",4.7,2325.1,NA,NA,103.4,2.4,NA,NA,4.7,1.2,48.8,29.5,1908.2,27.7,11.8,113.3,25.4,NA,57.8,4.1,12.1,5.1,3.7,58.3,65.3,NA,7.7,2.6,3.7,607,3.2,NA,101,462.6,14.3,3.7,NA,23.6,21.4,8,NA,20.9,14.4,109.1,NA,5.8,77.5,59.8,NA,82.7,7.3,22.3,35,5.4,4.8,143.8,30.5,15.3,1708.8,7.7,NA,1.8,13.1,5.5,10.8,2.3,91.7,5079.1,43.1,52.7,NA,82.7,NA,3491.5,12.5,280.2,139507.8,NA,NA,6206.9,144.2,NA,NA,279.5,74.3,2927.3,1767.6,114490.6,1662.1,709.9,6795.9,1525.3,NA,3470.9,248.1,723,303.4,223.1,3495.4,3917.1,NA,459.3,157.4,223,36417.4,192.4,NA,6058.8,27757.7,857.8,221.2,NA,1418.2,1285.5,480.3,NA,1256.2,865,6547.5,NA,350.1,4650.2,3585.4,NA,4962.9,436.7,1338.8,2102.8,324.8,290.3,8625,1832.8,916.6,102528.9,462,NA,105.9,788.4,332,649.4,135.3,5500,304745.5,2587.9,3161.1,NA,4964.2,NA,209489.3,747.2,0.03,0,NA,NA,0.74,0.02,NA,NA,0.03,0.01,0.35,0.2,13.24,0.19,0.08,0.79,0.18,NA,0.4,0.03,0.08,0.03,0.03,0.4,0.46,NA,0.05,0.02,0.03,4.06,0.02,NA,0.68,3.11,0.1,0.02,NA,0.16,0.14,0.05,NA,0.14,0.1,0.73,NA,0.04,0.51,0.39,NA,0.54,0.05,0.15,0.23,0.04,0.03,0.93,0.2,0.1,11.08,0.05,NA,0.01,0.09,0.04,0.07,0.01,0.59,32.94,0.27,0.33,NA,0.53,NA,21.77,0.08,18021.52,"C:/Users/freya/OneDrive - Dalhousie University/Ch 1/Freya_Scallops/SCAL_Freya_10-25_2025-11-14.csv",166.3,180.1,9975.6,10806.3,1.08,1.17
"198","2025\08\29\SCAL_0158.DATA",4.5,5043.2,2.3,NA,224.7,3.2,NA,NA,8.5,3,100.4,55.1,3168.5,58.8,24.5,213.2,45.7,NA,99.4,8.2,17,27,7.2,113.7,138.9,NA,18,4.7,34.1,1207.1,NA,1.6,226.6,875.6,50.3,17.4,10.2,51.3,61.3,5.7,11.3,49.1,8.7,257.5,11.8,7.3,193.6,127.2,NA,218.3,14.7,NA,73.2,15.5,10.1,261.2,36.2,37.5,3306,25.5,21.6,11.3,1.2,15.2,26.6,7.8,184.1,4899.6,25.4,84.2,3.5,161,NA,5762.1,3.1,269.2,302592.5,138,NA,13481.5,194.9,NA,NA,511.2,179.4,6021.6,3306,190109.4,3528.6,1472.5,12792.5,2744.2,NA,5962.6,490.4,1021.7,1622.4,434,6819.4,8331.7,NA,1079.9,283.4,2044.4,72425.9,NA,95.8,13593.2,52533.3,3017.8,1042.1,609.3,3079.7,3681,342.3,677.5,2946,524.2,15451,708.7,436.1,11615.4,7633.4,NA,13095.1,880.4,NA,4391.9,931.1,608.9,15672.4,2173.9,2251.2,198363,1527.5,1297.6,679.9,69.6,915,1593.6,468.5,11045.9,293974.7,1523.5,5053.6,211,9663,NA,345724.3,183.8,0.02,0,0.01,NA,1.04,0.01,NA,NA,0.04,0.01,0.46,0.25,14.23,0.27,0.11,0.96,0.21,NA,0.44,0.04,0.08,0.11,0.03,0.51,0.63,NA,0.08,0.02,0.15,5.23,NA,0.01,0.99,3.81,0.22,0.08,0.04,0.22,0.27,0.02,0.05,0.21,0.04,1.11,0.05,0.03,0.82,0.54,NA,0.92,0.06,NA,0.31,0.07,0.04,1.1,0.15,0.16,13.88,0.11,0.09,0.05,0,0.06,0.11,0.03,0.77,20.58,0.1,0.35,0.01,0.66,NA,23.27,0.01,28998.48,"C:/Users/freya/OneDrive - Dalhousie University/Ch 1/Freya_Scallops/SCAL_Freya_10-25_2025-11-14.csv",382.5,483.7,22951.4,29023.7,1.61,2.03
"199","2025\08\29\SCAL_0160.DATA",35.7,10292.2,5.1,1.9,410,8,NA,NA,16.9,6.8,204.1,114.8,6833.1,116.3,67.3,406,97.1,NA,220.1,16.6,28.2,56.6,16,236.6,251.9,NA,40.3,14.8,96.7,2491.4,NA,3.3,432.5,2151.4,78.1,42.3,9.3,99.4,137.9,11.1,23.7,91.6,13.9,427.3,23.1,15.6,414.7,303,NA,438.7,44.2,84.6,162,30.1,27.5,557.8,69.2,78.6,6652.4,45,55.3,22,75.4,53.2,70.3,14,349.6,15448.8,96.9,187.4,10.2,316,NA,12297.4,95,2143.4,617530,307.7,114.5,24598.6,481.8,NA,NA,1014.8,409.9,12245.9,6885.9,409984.9,6977.3,4039.5,24362.3,5824,NA,13207.4,995.5,1691,3397,957.7,14196,15114.4,NA,2417.3,890.6,5801,149486.5,NA,200.5,25952.6,129084.8,4686.2,2539,556.7,5966.5,8271.3,666,1423.6,5498.4,836,25640.2,1386.5,938.5,24881.3,18180.9,NA,26324.5,2651.8,5076.8,9722.4,1807,1648.5,33465.4,4149.8,4714.9,399141.2,2701.9,3320,1319.4,4525.5,3191.7,4219.8,838.2,20976.2,926928.8,5815.9,11245.1,614.4,18959.9,NA,737843.8,5701.5,0.06,0,0.01,0,0.82,0.01,NA,NA,0.03,0.01,0.41,0.22,13.25,0.23,0.13,0.79,0.19,NA,0.42,0.03,0.05,0.1,0.03,0.45,0.5,NA,0.07,0.03,0.19,4.66,NA,0.01,0.81,4.04,0.15,0.08,0.02,0.19,0.26,0.02,0.04,0.17,0.03,0.8,0.04,0.03,0.76,0.55,NA,0.8,0.08,0.15,0.3,0.06,0.05,1.01,0.13,0.14,12.06,0.08,0.1,0.04,0.14,0.1,0.13,0.03,0.63,28.01,0.17,0.33,0.02,0.56,NA,21.44,0.17,66265.61,"C:/Users/freya/OneDrive - Dalhousie University/Ch 1/Freya_Scallops/SCAL_Freya_10-25_2025-11-14.csv",640.2,771.5,38411,46290.8,1.16,1.4
"200","2025\08\29\SCAL_0162.DATA",1.8,2043.9,NA,NA,73.2,NA,NA,NA,2.8,NA,37.6,17.1,1283.9,19.6,10.5,86.3,18.2,NA,36.3,2.5,7.7,11,2.5,39,41.9,NA,6.9,NA,9.7,391.6,NA,0,75.9,350.8,15,1.9,NA,16.7,23,4.3,NA,16.5,NA,101.6,6.7,3,63,49,NA,63.3,4.4,NA,29.6,6.4,4.1,79.7,13.2,19.5,1280.1,3.5,6.1,NA,1.4,4.3,18.7,NA,78.8,1626.5,3.4,29.2,NA,66,NA,2203.7,NA,105.1,122634.6,NA,NA,4390.3,NA,NA,NA,170.8,NA,2253,1023.7,77036.1,1174.2,627.2,5176,1090.3,NA,2177.3,150.1,460,659.1,149.4,2337.9,2516.8,NA,413.8,NA,580.5,23496.1,NA,2.2,4553.1,21048,898.9,114.4,NA,1002.3,1382,257.6,NA,991.6,NA,6094.5,402.9,179.2,3780.8,2942.7,NA,3800,263.4,NA,1779,381.8,247.7,4781.7,795,1167.9,76803.1,210.2,367.3,NA,86.8,259.5,1123.3,NA,4727.9,97591.8,202.2,1749.9,NA,3958.1,NA,132219.9,NA,0.02,0,NA,NA,0.93,NA,NA,NA,0.04,NA,0.47,0.21,15.72,0.24,0.13,1.06,0.22,NA,0.44,0.03,0.09,0.13,0.03,0.47,0.52,NA,0.08,NA,0.12,4.62,NA,0,0.9,4.16,0.18,0.02,NA,0.2,0.27,0.05,NA,0.2,NA,1.2,0.08,0.03,0.73,0.57,NA,0.73,0.05,NA,0.34,0.07,0.05,0.91,0.15,0.22,14.66,0.04,0.07,NA,0.02,0.05,0.21,NA,0.9,18.62,0.04,0.33,NA,0.74,NA,24.26,NA,10876.76,"C:/Users/freya/OneDrive - Dalhousie University/Ch 1/Freya_Scallops/SCAL_Freya_10-25_2025-11-14.csv",115.7,178.4,6941.2,10705.6,1.32,2.04
"201","2025\08\29\SCAL_0163.DATA",4,1447,NA,NA,65.9,NA,NA,NA,3,NA,35.7,12.6,1312.5,19,10.9,87.3,16.3,NA,34.7,3.5,9.1,9.1,1.8,41.1,41.9,NA,6.5,NA,7.7,456.8,2.1,0,84.8,310.9,13.7,1.7,NA,15.7,19.5,2.5,3.1,15.4,NA,121.4,5.2,NA,51.6,41.3,NA,54,2.9,NA,23.1,3.6,NA,82.2,11.1,15.7,1315.9,2.7,NA,NA,NA,3.9,9.2,NA,67,1439.7,4.6,30.1,NA,60.3,NA,2218.7,NA,238,86818.5,NA,NA,3953.7,NA,NA,NA,180.3,NA,2143.1,758.8,78748,1138.5,652.1,5239.8,975.6,NA,2083.5,212.2,546.7,545,105.3,2464.2,2513.3,NA,388,NA,464.4,27410.9,124.7,1.2,5088.5,18653.2,823,100.4,NA,941.1,1171.4,148.6,188.5,924.2,NA,7283.4,309.9,NA,3098.3,2478.8,NA,3240.5,176.8,NA,1384.2,218.5,NA,4933.5,668.5,939,78956.6,162.7,NA,NA,NA,231.1,552.3,NA,4019.9,86382.2,275.5,1806.1,NA,3619.1,NA,133124.7,NA,0.05,0,NA,NA,0.85,NA,NA,NA,0.04,NA,0.46,0.16,16.35,0.24,0.14,1.09,0.2,NA,0.43,0.04,0.11,0.11,0.02,0.51,0.53,NA,0.08,NA,0.1,5.49,0.03,0,1.02,3.75,0.17,0.02,NA,0.19,0.23,0.03,0.04,0.18,NA,1.46,0.06,NA,0.61,0.49,NA,0.63,0.03,NA,0.27,0.04,NA,0.96,0.13,0.18,15.33,0.03,NA,NA,NA,0.04,0.11,NA,0.78,16.77,0.05,0.34,NA,0.69,NA,24.85,NA,10263.19,"C:/Users/freya/OneDrive - Dalhousie University/Ch 1/Freya_Scallops/SCAL_Freya_10-25_2025-11-14.csv",152.3,147.8,9139.7,8868.2,1.77,1.72
"202","2025\08\29\SCAL_0164.DATA",5.5,1981.2,1.2,NA,127,NA,NA,NA,4.5,1.3,61.1,24.8,2049.5,33.1,15.9,175.4,31.2,NA,59.2,5.7,12.9,16.9,4.4,64.7,61.1,NA,12,3.4,17.5,573.3,NA,0.9,122.1,518,29.4,7.9,5.7,28.1,35.1,3.7,NA,31.7,5.3,201.8,6.5,4.8,106,83.3,NA,105.4,6.8,NA,42.1,6.8,5.6,125.3,18.4,22.9,2048.8,2.6,2.1,3.1,NA,7.7,17.4,5.2,105.1,2356.5,9.8,46.6,1.9,89.2,NA,3498.3,NA,332.8,118873.7,74.6,NA,7622.7,NA,NA,NA,270.9,80.8,3665.9,1487,122971.7,1986.4,954.2,10524.9,1870.4,NA,3554.3,345,771.2,1015.3,263.8,3881.9,3668.7,NA,718.8,206.4,1047.8,34400.8,NA,53.4,7327.3,31082.4,1762.4,473.7,342.7,1687.4,2106,223,NA,1899.7,318.1,12108.6,389.3,286.9,6360.1,4995.9,NA,6325.6,409.1,NA,2526.7,410.3,335.8,7517.3,1104.5,1371.9,122930.8,156.1,128.6,188.3,NA,463.3,1045.3,312.4,6305.1,141389.7,585.6,2794.5,113.6,5349.4,NA,209896.8,NA,0.04,0,0.01,NA,1.03,NA,NA,NA,0.04,0.01,0.49,0.19,16.12,0.26,0.13,1.39,0.25,NA,0.46,0.04,0.1,0.12,0.03,0.5,0.49,NA,0.09,0.03,0.14,4.35,NA,0.01,0.93,3.95,0.22,0.06,0.04,0.21,0.27,0.03,NA,0.24,0.04,1.53,0.05,0.04,0.79,0.62,NA,0.78,0.05,NA,0.31,0.05,0.04,0.92,0.14,0.17,15.07,0.02,0.02,0.02,NA,0.06,0.13,0.04,0.77,17.33,0.07,0.34,0.01,0.64,NA,24.73,NA,15562.54,"C:/Users/freya/OneDrive - Dalhousie University/Ch 1/Freya_Scallops/SCAL_Freya_10-25_2025-11-14.csv",169.4,233.4,10164.5,14004,1.25,1.72
"203","2025\08\29\SCAL_0165.DATA",3.5,2171.9,NA,NA,64.7,NA,NA,NA,2.8,NA,32.3,12.2,1006.7,17.8,9.2,73.7,15.3,NA,31.6,2.9,6.3,3.6,2.2,35.1,36.1,NA,6.2,NA,7.9,325.7,3,NA,62,260.5,12.8,NA,NA,15.1,16.9,3.9,NA,17.1,NA,106.8,3.3,2.5,47.7,37.1,NA,45.9,3.3,NA,23,3.5,2.8,70.4,12,14.4,1051.7,2.2,NA,NA,NA,3.3,7.1,NA,54.7,1289.7,3.7,25.7,NA,49.6,NA,1837.7,NA,207,130314.3,NA,NA,3882.4,NA,NA,NA,165.3,NA,1939.9,734.1,60400.6,1067.8,552,4423.4,920.5,NA,1894.6,174.8,376.4,213.1,129.3,2105.4,2167.4,NA,373.4,NA,473,19543.2,178.8,NA,3717.9,15632.2,770.4,NA,NA,907.8,1016.5,232.2,NA,1025.5,NA,6407.9,198.5,147.9,2860.6,2228.5,NA,2753.3,199.4,NA,1378.7,209.6,166.3,4222.3,721.5,862.4,63104.2,129.9,NA,NA,NA,196.9,425.4,NA,3284.9,77381.2,223,1542.5,NA,2974.2,NA,110261.6,NA,0.05,0,NA,NA,1.01,NA,NA,NA,0.04,NA,0.5,0.19,15.26,0.27,0.14,1.12,0.23,NA,0.47,0.04,0.09,0.05,0.03,0.53,0.56,NA,0.09,NA,0.12,4.76,0.04,NA,0.91,3.83,0.19,NA,NA,0.22,0.25,0.06,NA,0.25,NA,1.56,0.05,0.04,0.68,0.53,NA,0.65,0.05,NA,0.33,0.05,0.04,1,0.17,0.2,14.91,0.03,NA,NA,NA,0.05,0.1,NA,0.78,18.28,0.05,0.36,NA,0.69,NA,25.04,NA,9202.28,"C:/Users/freya/OneDrive - Dalhousie University/Ch 1/Freya_Scallops/SCAL_Freya_10-25_2025-11-14.csv",99,116.8,5940.8,7010.6,1.4,1.66
"204","2025\08\29\SCAL_0166.DATA",5.6,3483.4,NA,NA,82.7,NA,NA,NA,3,NA,47.3,15.5,1684,24.2,13.4,108,19.6,NA,38.6,2.7,12.1,4.1,2.9,54.9,42.7,NA,8.1,NA,11.2,583.7,NA,NA,99.1,387.9,18.6,1.5,NA,23,26,3,5.4,24.7,NA,195.1,6.6,3.3,74.6,55.9,NA,95.3,5.5,NA,34.6,6.6,4.9,84.2,16.7,34.8,1686,2.8,NA,NA,NA,6.1,11.3,NA,95.3,1673.3,6.3,31.5,NA,74.1,NA,2573.8,NA,334.5,209005.2,NA,NA,4962.7,NA,NA,NA,181.1,NA,2836.6,928.3,101041.9,1451.3,801.2,6478.9,1173.5,NA,2317.1,161.6,724.5,245.6,171.6,3294.5,2560.4,NA,488.7,NA,671.9,35022.9,NA,NA,5945.6,23272.6,1118.3,92.6,NA,1381,1559.5,177.6,326.4,1482.1,NA,11703.5,393.4,201,4474.2,3351.8,NA,5719.3,332,NA,2078.7,398.7,295.7,5051.3,1003.5,2085.5,101157.6,170.7,NA,NA,NA,364.1,680.3,NA,5717.4,100398.7,379.5,1887.8,NA,4448.3,NA,154425.3,NA,0.05,0,NA,NA,0.86,NA,NA,NA,0.03,NA,0.49,0.16,16.97,0.25,0.14,1.09,0.2,NA,0.39,0.03,0.12,0.04,0.03,0.55,0.44,NA,0.08,NA,0.11,5.67,NA,NA,0.97,3.79,0.18,0.01,NA,0.22,0.25,0.03,0.05,0.24,NA,1.89,0.06,0.03,0.71,0.53,NA,0.9,0.05,NA,0.33,0.06,0.05,0.79,0.16,0.33,15.89,0.03,NA,NA,NA,0.06,0.11,NA,0.9,15.77,0.06,0.29,NA,0.68,NA,23.32,NA,14055.91,"C:/Users/freya/OneDrive - Dalhousie University/Ch 1/Freya_Scallops/SCAL_Freya_10-25_2025-11-14.csv",167.8,210.6,10068.7,12635.7,1.58,1.98
"205","2025\08\29\SCAL_0167.DATA",1.5,1611.4,NA,NA,91.5,NA,NA,NA,3.8,0.9,47,17.7,1801.1,25.9,12.4,113.1,22.5,NA,57,4.3,13.1,5.3,3,61.3,58.1,NA,9.1,2.3,12.8,618.8,NA,NA,99.9,438.4,20.7,3,NA,20.4,25.5,3,3.6,21.3,4.9,171.2,4.9,3.9,73.9,60,NA,99.1,5.6,NA,34.6,6.4,3,109,18.7,20.9,1824.9,2.3,1.6,2.2,NA,6.9,11.9,4.1,95.2,1998.5,11.4,40.6,NA,82.2,NA,3200.5,NA,89.3,96684.9,NA,NA,5488,NA,NA,NA,227.5,52.8,2818.2,1063.9,108067.7,1556.2,743.3,6783.3,1349.8,NA,3419.2,255.1,786.9,318.1,181.2,3675.9,3486.8,NA,543.4,140.6,766,37125.2,NA,NA,5991,26305,1240.2,181.4,NA,1226.8,1532,180.1,213.9,1275,291.5,10270.9,296,237,4436.4,3597.8,NA,5945.6,337.4,NA,2076,381.9,178.3,6538.6,1121.3,1255.3,109495.5,136.8,95.2,134.1,NA,415.4,712.9,247.4,5714.9,119909.6,685.1,2433.9,NA,4933.6,NA,192027.6,NA,0.01,0,NA,NA,0.84,NA,NA,NA,0.03,0.01,0.43,0.16,16.04,0.23,0.11,1.01,0.2,NA,0.5,0.04,0.12,0.04,0.03,0.54,0.53,NA,0.08,0.02,0.11,5.31,NA,NA,0.86,3.78,0.18,0.03,NA,0.18,0.22,0.03,0.03,0.18,0.04,1.47,0.04,0.03,0.62,0.5,NA,0.83,0.05,NA,0.29,0.05,0.02,0.91,0.16,0.17,15.19,0.02,0.01,0.02,NA,0.06,0.1,0.03,0.79,16.64,0.09,0.33,NA,0.67,NA,25.62,NA,13632.01,"C:/Users/freya/OneDrive - Dalhousie University/Ch 1/Freya_Scallops/SCAL_Freya_10-25_2025-11-14.csv",193.7,207.8,11620.2,12466.3,1.61,1.73
"206","2025\08\29\SCAL_0168_1.DATA",4.9,2013.9,NA,NA,93,NA,NA,NA,3.4,1,44.1,16.5,1539.2,22.9,12.3,92.4,19.7,NA,44.7,4.2,6.8,4.6,2.7,55.6,42.4,NA,7.4,NA,9.5,505.8,NA,1.1,76.7,310.2,17,2.3,NA,20,21.1,2.1,NA,20.8,NA,116.2,4.4,4.3,69,62.1,NA,91.5,5.2,NA,32.5,4.8,3.5,93.4,14.8,20.6,1374.8,2.9,NA,4.1,NA,7.1,9.8,3.4,75.6,1740.6,6.7,39.8,NA,75.7,NA,2522.9,NA,294.5,120833,NA,NA,5580.1,NA,NA,NA,206.7,59.1,2645.3,990,92354.4,1371.9,736.7,5545.9,1182.4,NA,2679.5,253.2,410.1,277,164.8,3333.4,2542.7,NA,446.4,NA,567.4,30347.9,NA,67.6,4602,18612.1,1017.6,140.5,NA,1198.2,1268,125.6,NA,1249,NA,6970.8,264.4,260.7,4142,3728.3,NA,5487.5,314.1,NA,1951.5,286.4,209.9,5602.8,890.6,1236.2,82485.2,176.3,NA,244,NA,428,585.7,205.1,4538.3,104436.5,399.7,2385.2,NA,4543.5,NA,151374,NA,0.05,0,NA,NA,1.05,NA,NA,NA,0.04,0.01,0.5,0.18,16.87,0.25,0.14,1.02,0.22,NA,0.48,0.05,0.07,0.05,0.03,0.6,0.47,NA,0.08,NA,0.1,5.34,NA,0.01,0.81,3.29,0.18,0.02,NA,0.21,0.22,0.02,NA,0.22,NA,1.23,0.05,0.04,0.71,0.64,NA,0.94,0.05,NA,0.34,0.05,0.04,0.96,0.15,0.21,14.09,0.03,NA,0.04,NA,0.07,0.1,0.04,0.78,17.84,0.07,0.4,NA,0.76,NA,24.86,NA,11771.71,"C:/Users/freya/OneDrive - Dalhousie University/Ch 1/Freya_Scallops/SCAL_Freya_10-25_2025-11-14.csv",120.6,162.4,7237.7,9744.3,1.24,1.66
"207","2025\08\29\SCAL_0168_2.DATA",4.8,1991.8,1,NA,92.9,NA,NA,NA,3.5,NA,43.8,16.3,1529.2,22.4,11.9,91.8,18.9,NA,44.1,3.9,7.1,4.2,2.7,54.3,41.8,NA,7,NA,9.8,501,NA,0,77.3,307.8,16.8,2.5,NA,19.9,21.2,2.3,NA,21,NA,118.8,4.4,4.1,68.3,60.5,NA,81.5,4.4,NA,32,5,3.8,92.8,14.7,20.6,1365.7,2.9,NA,4.3,NA,7,10.3,3.7,73.8,1735.6,6.5,39.8,NA,75,NA,2503.7,NA,288.4,119506.6,60.2,NA,5571.4,NA,NA,NA,211.1,NA,2628.8,978.7,91752.8,1345.6,714.8,5510,1133.4,NA,2647.2,231.8,426.4,251.4,161.5,3257.3,2507.1,NA,422.5,NA,586.9,30059.5,NA,2.1,4638.7,18466.3,1007.8,148.2,NA,1195.6,1273,139.4,NA,1257.8,NA,7128,261.2,245.9,4095.7,3627.2,NA,4888.4,262.2,NA,1919.3,299.4,230.8,5565.3,883.6,1236.9,81944.8,171.4,NA,256.6,NA,421,615.4,219.7,4425.1,104133.2,391.5,2387.5,NA,4501.4,NA,150223.6,NA,0.05,0,0.01,NA,1.06,NA,NA,NA,0.04,NA,0.5,0.18,16.89,0.25,0.13,1.02,0.21,NA,0.48,0.04,0.08,0.04,0.03,0.59,0.47,NA,0.07,NA,0.11,5.33,NA,0,0.83,3.29,0.18,0.03,NA,0.21,0.23,0.02,NA,0.22,NA,1.26,0.05,0.04,0.71,0.63,NA,0.85,0.05,NA,0.33,0.05,0.04,0.96,0.15,0.21,14.1,0.03,NA,0.04,NA,0.07,0.11,0.04,0.76,17.92,0.07,0.4,NA,0.76,NA,24.86,NA,11728.59,"C:/Users/freya/OneDrive - Dalhousie University/Ch 1/Freya_Scallops/SCAL_Freya_10-25_2025-11-14.csv",120,160.1,7198.8,9607.4,1.24,1.65
"208","2025\08\29\SCAL_0169.DATA",4.2,1791.8,NA,NA,86,NA,NA,NA,2.9,NA,47.5,15.9,1635.8,24.4,13,93.1,20.6,NA,49,4.5,6.4,6,4.4,56.1,48.2,NA,8.4,2.4,13.6,555.7,1.7,NA,94.2,382.6,17.8,2.6,NA,23.2,27.2,3.3,4.7,23,3.4,132.4,4.5,3.9,87.4,56.9,NA,93.7,7.6,NA,35,5.3,5.1,116,14.3,22.6,1681.3,2.2,NA,4.1,NA,6.8,10.9,NA,98.3,1878.3,7.1,43.5,NA,85,NA,2636.5,NA,250.2,107506.9,NA,NA,5157.4,NA,NA,NA,175.2,NA,2849.1,951.5,98150.3,1464.3,782.9,5586.6,1237.1,NA,2937.8,268.2,383.1,359.5,264.2,3368.2,2894.7,NA,503.7,144.7,814.5,33343.8,102.8,NA,5653.8,22958.1,1065.9,157,NA,1391.7,1629,197,280.4,1380.1,206,7944.6,270.4,236,5246.3,3415.1,NA,5621.9,455.5,NA,2097.6,317.8,306.2,6959.7,857.5,1355,100877.6,133.9,NA,246.8,NA,410.9,654.2,NA,5896.9,112697.3,428.2,2611.2,NA,5097.8,NA,158188.7,NA,0.04,0,NA,NA,0.88,NA,NA,NA,0.03,NA,0.48,0.16,16.2,0.24,0.13,0.93,0.21,NA,0.48,0.04,0.06,0.06,0.04,0.55,0.49,NA,0.08,0.02,0.14,5.31,0.02,NA,0.9,3.67,0.17,0.02,NA,0.22,0.26,0.03,0.04,0.22,0.03,1.26,0.04,0.04,0.82,0.53,NA,0.87,0.07,NA,0.33,0.05,0.05,1.07,0.13,0.21,15.57,0.02,NA,0.04,NA,0.06,0.1,NA,0.91,17.4,0.06,0.4,NA,0.77,NA,23.48,NA,12576.25,"C:/Users/freya/OneDrive - Dalhousie University/Ch 1/Freya_Scallops/SCAL_Freya_10-25_2025-11-14.csv",160.4,222.5,9623.4,13349.9,1.49,2.06
"209","2025\08\29\SCAL_0170.DATA",2.4,549,NA,6.1,144.2,NA,NA,NA,5.2,1.7,86.5,43.8,3470.2,45.7,23.1,194.6,46.3,NA,108.9,7.1,19.9,7.9,5.5,102.6,89.3,NA,16.7,4.7,6.8,949.1,NA,1.2,180.2,792.1,34.6,13.6,9.1,44.2,62.2,5.6,12,47.9,7.3,252.8,8.2,8.6,133.8,120.8,NA,180.7,12.9,NA,65.7,13.7,9.4,166.3,55.1,39.5,3111.7,5.3,8.2,6.7,37.6,14.3,21.4,5.9,184.1,3826.4,50,76.4,2.6,163.4,NA,5749.1,16.3,145.2,32941,NA,367.3,8652.9,NA,NA,NA,312.7,99.3,5192.6,2625.5,208214.5,2743.8,1386.9,11673.2,2777.9,NA,6535.1,423.5,1196,476.2,327.2,6156.6,5355.1,NA,1003.9,282.5,410,56947.2,NA,69,10809.9,47524.3,2078.2,814.2,544,2653.5,3734.3,338.2,717.6,2873.5,440.1,15169.2,490.3,518.5,8025.2,7247,NA,10843.5,773.4,NA,3942,820.9,566.8,9980.8,3308.2,2368.2,186699.6,317.7,493.2,399.3,2258.1,856.1,1286.3,352.3,11046.2,229582,2998.4,4581.3,158.2,9801.8,NA,344947.1,980.6,0.01,0,NA,0.03,0.73,NA,NA,NA,0.03,0.01,0.44,0.22,17.08,0.23,0.11,0.96,0.23,NA,0.53,0.03,0.1,0.04,0.03,0.5,0.45,NA,0.08,0.02,0.03,4.5,NA,0.01,0.86,3.78,0.17,0.06,0.04,0.21,0.3,0.03,0.06,0.23,0.03,1.2,0.04,0.04,0.62,0.56,NA,0.84,0.06,NA,0.3,0.06,0.04,0.77,0.25,0.18,14.32,0.02,0.04,0.03,0.17,0.07,0.1,0.03,0.85,17.61,0.23,0.34,0.01,0.74,NA,25.44,0.07,22590.33,"C:/Users/freya/OneDrive - Dalhousie University/Ch 1/Freya_Scallops/SCAL_Freya_10-25_2025-11-14.csv",289.9,325.3,17391.1,19520.2,1.33,1.5
"210","2025\08\29\SCAL_0171.DATA",5.3,3357.9,NA,NA,128.7,NA,NA,NA,4.4,1.1,59.5,22.4,2187.3,31,15.3,141.9,29.3,NA,64,5.1,9.6,6.4,4.4,64.1,68.1,NA,10.3,3,15.9,617.2,1,NA,99.5,501.3,22.1,2.7,NA,24.5,34.6,4,NA,21.2,NA,153.4,4,4.9,89.5,69.8,NA,90.8,6.8,NA,40.8,7.2,4.7,126.9,15.5,21.6,2002.2,3,NA,4.3,NA,8.1,13,4.1,113.6,2349.4,8.1,47.7,NA,102.3,NA,3363.2,NA,317.4,201473.3,NA,NA,7722.1,NA,NA,NA,263.5,68.7,3567.8,1345.1,131238.3,1862.9,916.8,8516.7,1759.9,NA,3840.2,305.9,575.9,381.5,262.1,3846.2,4083.4,NA,615.7,178.4,955.8,37033.9,60.6,NA,5969.5,30076,1323.5,163.1,NA,1468.4,2074.8,238.2,NA,1274.5,NA,9206.3,238.4,292.9,5370.5,4187.8,NA,5450.9,410,NA,2448.2,430.8,281.7,7613.9,930.6,1295.7,120130.6,181.8,NA,259.1,NA,483.4,782.2,245.1,6813.9,140962.4,483.3,2859.5,NA,6135.9,NA,201793.4,NA,0.04,0,NA,NA,1.06,NA,NA,NA,0.04,0.01,0.49,0.18,17.46,0.25,0.12,1.14,0.24,NA,0.51,0.04,0.08,0.05,0.03,0.51,0.55,NA,0.08,0.02,0.13,4.75,0.01,NA,0.77,3.88,0.17,0.02,NA,0.19,0.27,0.03,NA,0.16,NA,1.18,0.03,0.04,0.67,0.53,NA,0.68,0.05,NA,0.31,0.05,0.04,0.95,0.12,0.16,14.94,0.02,NA,0.03,NA,0.06,0.1,0.03,0.85,17.54,0.06,0.35,NA,0.75,NA,24.14,NA,16791.59,"C:/Users/freya/OneDrive - Dalhousie University/Ch 1/Freya_Scallops/SCAL_Freya_10-25_2025-11-14.csv",184.5,228.4,11069.7,13701.5,1.38,1.7
"211","2025\08\29\SCAL_0172.DATA",50.8,14251.9,NA,12.5,342.6,4.8,NA,NA,14.1,4.3,187.9,97.3,7152.7,102.4,57.3,405.8,84.5,NA,204.8,18.7,44.4,16.6,12.9,215.2,194.3,NA,41.8,9.9,15.8,2102.3,39.6,3.6,443.1,1906.4,77.5,107.7,27.5,101.5,119.9,16.5,28.4,97.6,17.7,581.8,23.3,14,313,268.6,NA,423.1,28.9,106.3,136.4,33.4,23.4,376.4,50.9,97.7,6720.1,10.9,15.7,12,86.1,30.2,47.4,11.5,391.9,8437.8,118.7,165.2,6.6,296.7,NA,11559.9,44.6,3048.2,855117,NA,748,20554.8,288.7,NA,NA,843.7,260.9,11273.8,5838.4,429164.6,6146.7,3440.2,24350.8,5071.5,NA,12285.6,1124.9,2666.2,995.7,775.3,12910.5,11655.3,NA,2505,593.1,950.4,126138.7,2374.8,214.4,26586.5,114382.1,4652,6459.1,1647.6,6090.2,7193.3,990.4,1701.8,5854.4,1064.5,34908.1,1396,840.9,18781.5,16117.2,NA,25386.1,1734.2,6380.5,8184.6,2004,1406,22585.4,3056.4,5863.8,403206.7,651.4,943.9,719.1,5164.4,1809.9,2843.6,689.7,23513.8,506269.3,7121.1,9911.5,396.6,17800.5,NA,693596.9,2674.2,0.11,0,NA,0.03,0.82,0.01,NA,NA,0.03,0.01,0.45,0.22,16.49,0.24,0.13,0.94,0.2,NA,0.47,0.04,0.1,0.04,0.03,0.49,0.46,NA,0.09,0.02,0.04,4.67,0.09,0.01,0.99,4.26,0.17,0.24,0.06,0.23,0.27,0.04,0.06,0.22,0.04,1.29,0.05,0.03,0.68,0.58,NA,0.92,0.06,0.23,0.3,0.07,0.05,0.81,0.11,0.21,14.49,0.02,0.03,0.03,0.19,0.07,0.1,0.02,0.84,18.19,0.25,0.35,0.01,0.63,NA,23.96,0.09,61265.3,"C:/Users/freya/OneDrive - Dalhousie University/Ch 1/Freya_Scallops/SCAL_Freya_10-25_2025-11-14.csv",564.5,609,33872.1,36542.5,1.22,1.31
"212","2025\08\29\SCAL_0173.DATA",7.6,3901.7,NA,NA,118.4,NA,NA,NA,4.2,1.1,55.2,25.4,2073.7,27.9,15.6,131.3,25.3,NA,50,3.7,10.4,4.3,5,57.3,50.5,NA,8.9,3.4,16.9,610,2.2,NA,111.7,452.5,21.5,1.9,NA,25.8,31.6,3.1,5.3,25.9,NA,186.7,6.3,3.8,83.1,66,NA,83.9,7.3,NA,36.5,6.9,6.1,117.9,18.5,32.8,2033.9,5.1,NA,4.7,NA,7,12.1,3.8,107.5,2873.1,7.7,39.4,NA,89.9,NA,3064.5,NA,456.7,234102.9,NA,NA,7106.2,NA,NA,NA,251.9,66.3,3313.3,1526.4,124422.6,1674.8,937.2,7876.9,1519.8,NA,3001.3,224.2,622.2,260.1,297.5,3437.5,3029.8,NA,533.8,203.2,1011.9,36597.9,133.2,NA,6701.9,27150.8,1291.2,114.1,NA,1546.7,1894.1,185.1,315.2,1555.7,NA,11200.7,380.5,230.7,4985.9,3962.2,NA,5036.2,435.3,NA,2191.5,414.2,363.2,7073.2,1112.3,1971,122033.2,308.9,NA,279.3,NA,417.5,723.5,230.9,6450.4,172388.5,461.7,2364.4,NA,5392.8,NA,183871.9,NA,0.06,0,NA,NA,0.98,NA,NA,NA,0.03,0.01,0.45,0.2,16.56,0.22,0.13,1.05,0.2,NA,0.4,0.03,0.08,0.03,0.04,0.45,0.41,NA,0.07,0.03,0.14,4.69,0.02,NA,0.86,3.5,0.17,0.01,NA,0.2,0.24,0.02,0.04,0.2,NA,1.44,0.05,0.03,0.63,0.5,NA,0.63,0.05,NA,0.27,0.05,0.05,0.88,0.14,0.25,15.18,0.04,NA,0.03,NA,0.05,0.09,0.03,0.8,21.45,0.06,0.29,NA,0.66,NA,22,NA,17357.63,"C:/Users/freya/OneDrive - Dalhousie University/Ch 1/Freya_Scallops/SCAL_Freya_10-25_2025-11-14.csv",174.3,205.3,10460.5,12318.1,1.3,1.53
"213","2025\08\29\SCAL_0235.DATA",3,3099.9,1.2,NA,123.7,NA,NA,NA,4.4,1.2,61.6,25.2,1984.5,30.6,13.8,135.2,27.6,NA,63.6,4.7,10,6.6,5.1,63.7,66.5,NA,9.9,2.5,3.7,617.4,NA,0.4,101.2,462.2,23.5,7.8,5.3,24.6,33.2,2.8,3.6,20.7,NA,124.7,7.3,5.4,115.9,77.9,NA,97.6,8,NA,38.8,6.1,5.5,141.1,11.9,21,1987.7,2.9,NA,8.2,NA,9,12.8,4.9,110.7,2625.6,12,46.4,NA,101.7,NA,3346.3,NA,182.4,185996.3,70.5,NA,7423.1,NA,NA,NA,261.7,73,3693.4,1511.2,119070.6,1836,829,8113.8,1658,NA,3816.4,280,601.7,396.7,308.3,3820,3990.3,NA,591.4,149.8,224.8,37044.8,NA,21.6,6072.5,27729.6,1407.5,466.5,319.4,1475.5,1993.8,170.8,217.6,1239.6,NA,7479.3,435.1,323.6,6951.2,4676,NA,5858.6,481.1,NA,2329.4,368.5,330.2,8465.9,716,1259.1,119264.7,175.9,NA,489.5,NA,540.4,768.9,293.1,6644.6,157533.3,721.4,2786.1,NA,6101.9,NA,200775.6,NA,0.02,0,0.01,NA,1.02,NA,NA,NA,0.04,0.01,0.5,0.2,15.8,0.24,0.11,1.08,0.22,NA,0.5,0.04,0.08,0.05,0.04,0.5,0.54,NA,0.07,0.02,0.03,4.74,NA,0,0.78,3.56,0.18,0.06,0.04,0.19,0.25,0.02,0.03,0.16,NA,0.96,0.06,0.04,0.87,0.59,NA,0.73,0.06,NA,0.29,0.05,0.04,1.05,0.09,0.16,14.79,0.02,NA,0.06,NA,0.07,0.1,0.04,0.82,19.54,0.09,0.34,NA,0.74,NA,23.95,NA,16842.66,"C:/Users/freya/OneDrive - Dalhousie University/Ch 1/Freya_Scallops/SCAL_Freya_10-25_2025-11-14.csv",193.6,253.9,11615.1,15233.9,1.44,1.89
"214","2025\08\29\SCAL_0242.DATA",1.5,2665.2,NA,NA,96,NA,NA,NA,3.7,NA,59,22.6,1923,28.2,12.9,110.2,23.8,NA,53.3,3.8,11.9,4.4,2.5,60.1,63.7,NA,8.1,2.2,3.7,639,NA,0.3,93.9,424.6,22.6,7,4.6,22.8,23.2,2.4,NA,17.9,NA,101,NA,3.4,89.2,69.8,NA,91.1,9.5,NA,34.7,4.4,4.9,127,9.2,21.5,1846.2,2,NA,3.7,NA,8.3,10.2,4.8,97.9,2213.7,6.4,41.4,NA,96.6,NA,3239.9,NA,88.6,159914.7,NA,NA,5762.3,NA,NA,NA,224.8,NA,3537.8,1357.5,115380.9,1693.2,774.6,6614.8,1426.4,NA,3197,228.4,715.5,265.7,148,3603.2,3823.8,NA,486.6,130.6,223.6,38340.7,NA,17.6,5634.7,25476.8,1357.4,421.5,277.1,1366.7,1390.4,142.7,NA,1075.6,NA,6060.2,NA,207,5350.2,4185.2,NA,5463.1,571.1,NA,2082.7,264.2,294.1,7617.8,552.1,1292.4,110770.3,122.4,NA,221.7,NA,500.7,610.1,287.6,5875.1,132824.4,386.5,2485.3,NA,5798.8,NA,194396.4,NA,0.01,0,NA,NA,0.86,NA,NA,NA,0.03,NA,0.52,0.2,16.6,0.24,0.11,0.96,0.21,NA,0.46,0.03,0.1,0.04,0.02,0.51,0.56,NA,0.07,0.02,0.03,5.32,NA,0,0.79,3.55,0.19,0.06,0.04,0.19,0.19,0.02,NA,0.15,NA,0.84,NA,0.03,0.73,0.57,NA,0.74,0.08,NA,0.28,0.04,0.04,1.02,0.07,0.17,14.9,0.02,NA,0.03,NA,0.07,0.08,0.04,0.79,17.87,0.05,0.33,NA,0.76,NA,25.14,NA,15069.59,"C:/Users/freya/OneDrive - Dalhousie University/Ch 1/Freya_Scallops/SCAL_Freya_10-25_2025-11-14.csv",166,236.7,9959.9,14201.2,1.34,1.91
"215","2025\08\29\SCAL_0243.DATA",NA,1470.9,NA,NA,83.3,NA,NA,NA,2.7,NA,41.7,13,1348.6,22.5,10.8,85,18.8,NA,42.2,4.3,6,4.4,3.2,49.8,32.3,NA,6.7,NA,11.6,463.9,NA,0.3,68.1,297.7,15.8,1.6,NA,19.4,24.8,1.8,3.5,20.6,3.8,125.6,5.2,3.5,63.7,50.3,NA,62.2,4.5,NA,27.5,4.5,NA,79.6,11.1,19.7,1428.3,2.7,NA,4.2,NA,5.8,8.9,3.5,78.7,1642.7,4.7,31.7,NA,70,NA,2080,NA,NA,88255,NA,NA,5000,NA,NA,NA,159.8,NA,2504.4,782.2,80913.8,1350.6,649.6,5097.6,1125.5,NA,2530.2,258.4,358.3,262,190.8,2990.3,1937.6,NA,401.7,NA,698.2,27834.1,NA,17.8,4086.1,17861.4,946.1,99,NA,1164,1489.7,108.8,210.6,1236.8,229.9,7536.5,312.3,209.6,3819.5,3017,NA,3729.8,270.5,NA,1648.7,270.8,NA,4777,664.6,1180.7,85695.6,161.3,NA,254.6,NA,345.8,535.7,210.5,4720.5,98560.5,282.7,1904.5,NA,4199.9,NA,124800.6,NA,NA,0,NA,NA,1.04,NA,NA,NA,0.03,NA,0.52,0.16,16.25,0.27,0.13,1.03,0.23,NA,0.5,0.05,0.07,0.05,0.04,0.59,0.4,NA,0.08,NA,0.14,5.39,NA,0,0.8,3.48,0.18,0.02,NA,0.23,0.29,0.02,0.04,0.24,0.04,1.46,0.06,0.04,0.72,0.57,NA,0.7,0.05,NA,0.31,0.05,NA,0.9,0.12,0.22,16.09,0.03,NA,0.05,NA,0.06,0.1,0.04,0.89,18.51,0.05,0.35,NA,0.77,NA,22.54,NA,10321.86,"C:/Users/freya/OneDrive - Dalhousie University/Ch 1/Freya_Scallops/SCAL_Freya_10-25_2025-11-14.csv",117.2,148.6,7029.4,8914.4,1.32,1.67
"216","2025\08\29\SCAL_0244.DATA",1.2,940.4,NA,NA,91.1,NA,NA,NA,3.5,NA,41.8,15.4,1312.3,22.6,10.8,97.2,20.5,NA,36.9,3.5,7.6,3.2,3.5,40.7,41.2,NA,5.8,NA,5,381.4,NA,0.7,75,273.7,13.9,1.7,NA,17.1,16.2,2.9,NA,16.3,NA,102.4,4.1,2.5,59.7,78.3,NA,54.4,4.6,NA,25.5,2.2,NA,80.2,8.9,16.7,1259.1,3,NA,47.7,NA,5,8.1,NA,62.6,1248.2,3.2,30.4,NA,62.7,NA,2320.9,NA,74.9,56425.4,NA,NA,5464.6,NA,NA,NA,211.2,NA,2509,922.6,78736.7,1358.1,648.2,5830.9,1230.1,NA,2215.3,210.2,456.1,193.9,210.3,2439.7,2473.5,NA,348.6,NA,301.9,22882.6,NA,39.8,4502,16423.7,833.9,103.3,NA,1024.7,973.4,171.8,NA,979.8,NA,6141.6,247,147.5,3579.9,4699.5,NA,3263.2,275.8,NA,1531,132.5,NA,4812.7,534.8,1003.2,75543.1,180.7,NA,2861.9,NA,299.8,484,NA,3754.2,74889.3,192.8,1823.1,NA,3764.6,NA,139252.4,NA,0.01,0,NA,NA,1.2,NA,NA,NA,0.05,NA,0.55,0.2,16.79,0.29,0.14,1.25,0.26,NA,0.47,0.04,0.1,0.04,0.04,0.51,0.54,NA,0.07,NA,0.06,4.7,NA,0.01,0.93,3.39,0.17,0.02,NA,0.21,0.2,0.04,NA,0.2,NA,1.26,0.05,0.03,0.72,0.95,NA,0.65,0.06,NA,0.31,0.03,NA,0.96,0.11,0.2,15.06,0.04,NA,0.57,NA,0.06,0.1,NA,0.75,14.93,0.04,0.36,NA,0.74,NA,26.69,NA,9288.88,"C:/Users/freya/OneDrive - Dalhousie University/Ch 1/Freya_Scallops/SCAL_Freya_10-25_2025-11-14.csv",101.3,138.1,6077.1,8285,1.21,1.65
"217","2025\08\29\SCAL_0245_1.DATA",3.3,901,NA,NA,85.9,NA,NA,NA,3.1,1,54.3,16.8,1710.2,27.3,15.3,64.1,14.5,NA,55.3,2.8,NA,3.1,NA,75.4,41.3,NA,5.9,NA,14,616.7,NA,4.9,80.5,251.8,14.2,3.1,NA,20.5,16,6,NA,17.8,NA,106.4,NA,4,88.8,53.6,NA,18,6.5,NA,31.9,4.7,5.9,109.3,17.1,37.1,1295.7,8.4,NA,5,NA,8.3,8.7,NA,67.7,2270.6,8.3,53.2,NA,94.6,1.8,2568.1,6.9,196.9,54061,NA,NA,5156,NA,NA,NA,188,57.5,3256.5,1006.9,102614.4,1637.7,916.9,3844.2,867.2,NA,3316.2,170,NA,186.9,NA,4525.9,2480,NA,353.3,NA,839.8,37004.8,NA,291.9,4830.4,15108.4,854.6,188.8,NA,1229.7,960.8,362.2,NA,1065.5,NA,6385,NA,241,5326.4,3217.8,NA,1078.6,392.3,NA,1913.6,285,356.6,6556.6,1024.8,2228.5,77739.2,505.6,NA,299.1,NA,496.5,519.4,NA,4064.5,136234.6,497.2,3192.5,NA,5677.8,108.4,154084.4,413.4,0.03,0,NA,NA,0.91,NA,NA,NA,0.03,0.01,0.57,0.17,17.49,0.28,0.16,0.66,0.15,NA,0.56,0.03,NA,0.03,NA,0.76,0.43,NA,0.06,NA,0.14,6.08,NA,0.05,0.8,2.5,0.14,0.03,NA,0.2,0.16,0.06,NA,0.18,NA,1.05,NA,0.04,0.86,0.52,NA,0.17,0.06,NA,0.31,0.05,0.06,1.05,0.16,0.36,12.39,0.08,NA,0.05,NA,0.08,0.08,NA,0.65,21.71,0.08,0.5,NA,0.89,0.02,23.61,0.06,11563.67,"C:/Users/freya/OneDrive - Dalhousie University/Ch 1/Freya_Scallops/SCAL_Freya_10-25_2025-11-14.csv",122.2,135.5,7333.5,8132.9,1.17,1.3
"218","2025\08\29\SCAL_0245_2.DATA",3.3,923.9,NA,NA,87.9,1.8,NA,NA,3.2,0.9,55.3,17.3,1754.8,27.1,15.9,66.3,15.7,NA,57.9,3.5,NA,4.5,1.6,77.5,43,NA,6.2,NA,14,631.9,NA,4,81.1,257.1,13.9,4,2,20.4,16,6.2,NA,17.8,NA,112.4,NA,4.1,90.8,54.7,NA,18.1,6.3,NA,31.8,4.9,5.6,109.5,17.4,38,1321,8.4,NA,4.9,NA,7.4,8.2,NA,69.4,2310.2,8.2,54.5,NA,108.6,5,2619.4,4.7,199.2,55432.3,NA,NA,5272,109.8,NA,NA,192.6,51.5,3318.9,1036.8,105286.2,1625.5,951.6,3976.5,943.9,NA,3474.3,209.3,NA,268.7,95,4651,2582.3,NA,371.1,NA,837.6,37914.8,NA,237.7,4866.4,15426.8,834.5,239.4,120.9,1222.8,957.1,374.1,NA,1067.5,NA,6741.5,NA,245.1,5447.2,3284.8,NA,1084.2,379.5,NA,1910.3,295.2,334.7,6569.8,1042.8,2279.7,79260.6,503.8,NA,292.4,NA,444.7,492.3,NA,4166.5,138612.7,491,3269,NA,6516.8,301.3,157161.8,279.8,0.03,0,NA,NA,0.91,0.02,NA,NA,0.03,0.01,0.57,0.17,17.53,0.27,0.16,0.67,0.16,NA,0.57,0.03,NA,0.04,0.02,0.77,0.44,NA,0.06,NA,0.14,6.09,NA,0.04,0.79,2.49,0.13,0.04,0.02,0.2,0.15,0.06,NA,0.17,NA,1.08,NA,0.04,0.86,0.52,NA,0.17,0.06,NA,0.3,0.05,0.05,1.02,0.16,0.35,12.34,0.08,NA,0.05,NA,0.07,0.08,NA,0.65,21.58,0.07,0.5,NA,0.99,0.04,23.53,0.04,12235.34,"C:/Users/freya/OneDrive - Dalhousie University/Ch 1/Freya_Scallops/SCAL_Freya_10-25_2025-11-14.csv",132.4,139.2,7941.3,8354.6,1.24,1.3
"219","2025\08\29\SCAL_0246.DATA",0.8,2106.3,NA,NA,58.6,NA,NA,NA,2.7,NA,33.8,12.7,1075.8,17,7.7,50.2,14,NA,30.6,2.3,5.3,2.6,NA,38.9,35.3,NA,4.5,NA,9.9,371.4,0.9,0.1,47,220,11.6,1.7,NA,12.4,12.2,3.3,NA,11.1,NA,60.4,NA,NA,56.6,39.9,NA,15.1,4.7,NA,21,2.5,NA,82.9,6.8,12.6,1072.7,3.1,NA,NA,NA,4.5,6.5,6.2,54.8,1235.7,3.6,30.4,NA,64.6,NA,1845.6,16.4,50.4,126380,NA,NA,3515.9,NA,NA,NA,163.5,NA,2026.2,761.9,64548.3,1019.8,461.3,3009.8,837.8,NA,1838.5,135.1,320.2,156.2,NA,2336.5,2120.6,NA,272.1,NA,591,22285.8,54.4,6.9,2822.4,13200.3,696,102.1,NA,743.8,731.1,197.4,NA,665.7,NA,3622.6,NA,NA,3396.1,2395.4,NA,906.7,281.7,NA,1262,149.8,NA,4974,408.2,758.2,64360.7,185.3,NA,NA,NA,272.1,389.4,371.9,3290.7,74139.6,217.1,1826.2,NA,3875.7,NA,110735.3,981.7,0.01,0,NA,NA,0.92,NA,NA,NA,0.04,NA,0.53,0.19,16.37,0.26,0.12,0.77,0.21,NA,0.46,0.03,0.08,0.04,NA,0.59,0.55,NA,0.06,NA,0.15,5.45,0.01,0,0.69,3.24,0.17,0.02,NA,0.18,0.18,0.05,NA,0.16,NA,0.89,NA,NA,0.81,0.57,NA,0.22,0.07,NA,0.3,0.04,NA,1.18,0.1,0.18,15.26,0.04,NA,NA,NA,0.06,0.09,0.09,0.78,17.58,0.05,0.42,NA,0.9,NA,25.25,0.23,9364.02,"C:/Users/freya/OneDrive - Dalhousie University/Ch 1/Freya_Scallops/SCAL_Freya_10-25_2025-11-14.csv",99.6,133.3,5975.4,7997.8,1.42,1.9
"220","2025\08\29\SCAL_0247.DATA",0.8,4627.1,1.4,NA,138.2,NA,NA,NA,4.4,NA,67.2,22.2,2118.9,32.3,18.5,152.2,29.3,NA,51.1,6,15,5.5,3.5,59.5,62.8,NA,11.2,2.7,18.4,699.2,NA,1.4,145.7,609.5,22.1,2.5,NA,29,39.5,3.6,6.3,25.3,5.9,142.1,8.2,4.5,112.5,79.9,NA,28.9,9,NA,40.2,6.9,5.4,107.8,14.4,31.7,2250.5,5,NA,7.2,NA,10,19.2,6.4,127.5,2806,5.4,44.8,NA,113.5,NA,3344.3,0.9,49.3,277625.4,85.9,NA,8290.9,NA,NA,NA,263.6,NA,4030.1,1332,127135.8,1935.9,1111.2,9134.7,1760.6,NA,3064.1,361.3,897.5,327.4,209.9,3569.7,3769.8,NA,670.6,161.3,1105.2,41950.6,NA,84.6,8739.5,36572.2,1325.4,147.6,NA,1741.5,2370.6,215.5,377,1519.3,352.9,8526.4,489.8,269.3,6749.1,4796.8,NA,1736.1,541.5,NA,2411.2,416,325.1,6468.4,862.8,1903.5,135028.9,297,NA,429.5,NA,599.1,1149.1,381.1,7649.6,168360.3,325.5,2689.5,NA,6808.4,NA,200658.4,51.8,0.01,0,0.01,NA,1.06,NA,NA,NA,0.03,NA,0.51,0.17,15.78,0.24,0.14,1.14,0.22,NA,0.38,0.04,0.11,0.04,0.03,0.44,0.48,NA,0.08,0.02,0.14,5.02,NA,0.01,1.05,4.4,0.16,0.02,NA,0.21,0.28,0.03,0.05,0.18,0.04,1.02,0.06,0.03,0.79,0.56,NA,0.2,0.06,NA,0.28,0.05,0.04,0.75,0.1,0.22,15.67,0.03,NA,0.05,NA,0.07,0.13,0.04,0.89,19.54,0.04,0.31,NA,0.77,NA,22.39,0.01,18973.76,"C:/Users/freya/OneDrive - Dalhousie University/Ch 1/Freya_Scallops/SCAL_Freya_10-25_2025-11-14.csv",205.3,280.8,12315.5,16850.1,1.43,1.96
"221","2025\08\29\SCAL_0248.DATA",1,2441.2,NA,NA,89.3,NA,NA,NA,3.3,NA,55.3,20.9,1529.4,25.3,13,86.9,20.3,NA,41,4,7.8,5.3,2.3,49.4,49.6,NA,7.2,1.8,15.7,545,NA,NA,71,300.8,17,2.5,NA,21.2,20.1,2.1,NA,20.2,NA,141,NA,3,70.3,55.3,NA,18.8,7.1,NA,33.1,4,5.2,94.3,11,29.3,1571.2,4.2,NA,NA,3.5,8.1,10.6,3.7,88.4,2024.3,5.2,37.8,NA,91.8,NA,2516.2,NA,57.8,146470.6,NA,NA,5357.6,NA,NA,NA,200.3,NA,3320,1256.3,91761.3,1517.9,782.4,5213.3,1215.9,NA,2460.5,238.2,470.6,316.5,139.9,2961.6,2973.1,NA,429.1,110.3,939.4,32700.8,NA,NA,4261.8,18050.7,1019.2,147.3,NA,1270.7,1204,126.3,NA,1210.5,NA,8460.5,NA,178.3,4215.8,3319.2,NA,1125.2,424.2,NA,1984.6,242,311.3,5656.4,662.5,1760.4,94271.2,252.4,NA,NA,212.1,487.3,638.3,221.4,5301.5,121458.6,311.6,2266.3,NA,5506.2,NA,150973.3,NA,0.01,0,NA,NA,0.96,NA,NA,NA,0.04,NA,0.59,0.22,15.87,0.26,0.14,0.91,0.21,NA,0.42,0.04,0.08,0.05,0.02,0.51,0.52,NA,0.07,0.02,0.16,5.45,NA,NA,0.71,3.03,0.17,0.02,NA,0.21,0.2,0.02,NA,0.2,NA,1.41,NA,0.03,0.69,0.54,NA,0.18,0.07,NA,0.32,0.04,0.05,0.91,0.11,0.28,15.25,0.04,NA,NA,0.03,0.08,0.1,0.04,0.86,19.64,0.05,0.36,NA,0.87,NA,23.48,NA,12724.28,"C:/Users/freya/OneDrive - Dalhousie University/Ch 1/Freya_Scallops/SCAL_Freya_10-25_2025-11-14.csv",167.4,186.6,10045.7,11193.6,1.62,1.81
"222","2025\08\29\SCAL_0249.DATA",NA,3964,1.4,NA,130.3,NA,NA,NA,5.4,1.1,71.1,26.2,2094.9,32.7,17,109.6,29.5,NA,58.7,3.9,14.6,9.2,3,72.3,65.4,NA,9.2,8.1,23.3,704.7,NA,NA,98.7,429.5,26.3,7.8,5.5,27.1,26.9,3.3,3.2,27.4,5.3,187.6,4,4.5,98.5,84.8,NA,40.2,7.5,NA,39.2,4.5,4.1,137.7,13.6,24.2,2126.5,5.6,NA,4.1,NA,8.7,13.7,5.1,105.7,2623.6,7.7,53.8,NA,99.9,NA,3821.3,0.7,NA,237840.6,84.4,NA,7816.5,NA,NA,NA,322,65.6,4266.8,1574.5,125694.1,1959.5,1021.9,6578,1769.7,NA,3520,233.2,875.9,554.4,182.4,4336.3,3926.1,NA,550.8,487.1,1397.7,42283.6,NA,NA,5924,25768.6,1575.2,468.6,328.4,1623.9,1613.2,196.1,192.2,1643.4,318.4,11253.6,238.6,270.8,5910.2,5086.7,NA,2412.3,452.8,NA,2349.8,270.9,243.4,8260.9,818.4,1451.8,127590.6,335.2,NA,245.5,NA,522.9,821.5,307.7,6343.5,157417.4,464.6,3226.4,NA,5992,NA,229279.3,42.6,NA,0,0.01,NA,1.02,NA,NA,NA,0.04,0.01,0.55,0.2,15.84,0.25,0.13,0.83,0.22,NA,0.44,0.03,0.11,0.07,0.02,0.54,0.5,NA,0.06,0.06,0.18,5.14,NA,NA,0.72,3.15,0.19,0.06,0.04,0.2,0.2,0.02,0.02,0.2,0.04,1.37,0.03,0.03,0.7,0.61,NA,0.29,0.05,NA,0.28,0.03,0.03,0.97,0.1,0.17,15.04,0.04,NA,0.03,NA,0.06,0.1,0.04,0.75,18.55,0.05,0.37,NA,0.69,NA,25.98,0,18179,"C:/Users/freya/OneDrive - Dalhousie University/Ch 1/Freya_Scallops/SCAL_Freya_10-25_2025-11-14.csv",184.1,173.8,11048.5,10428.4,1.3,1.23
"223","2025\08\29\SCAL_0250.DATA",NA,1852.9,NA,NA,53.3,NA,NA,NA,1.9,NA,27,11.2,795.1,13,6.5,52.1,11.6,NA,21.7,NA,NA,2,NA,26,32.9,NA,3,NA,9.5,262,NA,0.3,37.3,176.9,6.8,NA,NA,11.5,11,2.4,NA,8.5,NA,48.8,NA,NA,40.4,31.7,NA,14,3.6,NA,16.6,NA,NA,61.4,4.7,8.3,826.9,NA,NA,NA,NA,0,0.1,NA,46.3,1045.7,NA,22.2,NA,48,NA,1420.7,NA,NA,111172,NA,NA,3198.1,NA,NA,NA,113.4,NA,1622.9,672.8,47706.9,779.4,387.4,3125.5,693.3,NA,1302.6,NA,NA,122.9,NA,1559.8,1975.7,NA,179,NA,567.6,15717,NA,17.7,2239.6,10611.2,405.7,NA,NA,689.3,659.2,143,NA,508.4,NA,2929.3,NA,NA,2425.9,1903,NA,842.7,216.8,NA,996.4,NA,NA,3681.2,284,495.6,49611.1,NA,NA,NA,NA,0.1,5.2,NA,2781,62741.7,NA,1330.8,NA,2877.6,NA,85243.1,NA,NA,0,NA,NA,1.08,NA,NA,NA,0.04,NA,0.54,0.22,15.55,0.26,0.13,1.02,0.23,NA,0.42,NA,NA,0.04,NA,0.5,0.65,NA,0.05,NA,0.19,4.94,NA,0.01,0.71,3.35,0.13,NA,NA,0.22,0.21,0.04,NA,0.16,NA,0.92,NA,NA,0.75,0.59,NA,0.26,0.07,NA,0.31,NA,NA,1.12,0.09,0.15,15.12,NA,NA,NA,NA,0,0,NA,0.85,19.12,NA,0.4,NA,0.86,NA,24.98,NA,7303.54,"C:/Users/freya/OneDrive - Dalhousie University/Ch 1/Freya_Scallops/SCAL_Freya_10-25_2025-11-14.csv",86.7,117.9,5202.5,7073.5,1.59,2.16
"224","2025\08\29\SCAL_0251.DATA",1,2060.7,NA,NA,81.8,NA,NA,NA,3.2,NA,40.3,12.1,1263.7,19.7,10,87.5,18.4,NA,34,3.5,9.7,3.5,NA,36.9,42.4,NA,5.6,NA,10.3,375.6,NA,0,58.1,255.6,13.3,1.6,NA,14.2,17.4,3.6,NA,13.2,NA,107.7,NA,NA,50.5,47.1,NA,53.6,4.2,NA,22.3,2.7,NA,65.9,7.8,15.3,1198.2,2.7,NA,NA,NA,4.9,7.4,NA,62.4,1441.5,NA,23,NA,62.5,NA,1910,NA,60,123639.5,NA,NA,4906.9,NA,NA,NA,190.6,NA,2415.5,724.4,75823.9,1180.7,601,5248.1,1104.9,NA,2040.7,210.6,580.8,211.4,NA,2212,2541.6,NA,338.6,NA,616.6,22538.6,NA,2.8,3488.1,15333.8,796.1,97.8,NA,854.1,1041.4,217.2,NA,792.6,NA,6460.3,NA,NA,3028.6,2826.1,NA,3213.7,250.2,NA,1340.1,164.5,NA,3951.9,466.2,916.4,71891.1,161,NA,NA,NA,293.6,442.4,NA,3746,86492.5,NA,1377.5,NA,3748.2,NA,114602.7,NA,0.01,0,NA,NA,1.15,NA,NA,NA,0.04,NA,0.56,0.16,17.2,0.27,0.14,1.2,0.25,NA,0.46,0.05,0.13,0.04,NA,0.5,0.59,NA,0.07,NA,0.14,4.93,NA,0,0.77,3.37,0.17,0.02,NA,0.19,0.23,0.05,NA,0.17,NA,1.41,NA,NA,0.65,0.61,NA,0.69,0.05,NA,0.29,0.04,NA,0.84,0.1,0.19,15.25,0.03,NA,NA,NA,0.06,0.09,NA,0.79,18.34,NA,0.29,NA,0.78,NA,23.37,NA,9896.01,"C:/Users/freya/OneDrive - Dalhousie University/Ch 1/Freya_Scallops/SCAL_Freya_10-25_2025-11-14.csv",111,145.6,6657,8735.6,1.41,1.85
"225","2025\08\29\SCAL_0252.DATA",1.3,3806.8,1.3,NA,135.4,NA,NA,NA,6.3,1.6,64.6,30.8,2447.7,32.1,14.8,132,33.1,NA,66.1,6,14.9,6.5,5.4,68.7,73.9,NA,8,3.1,21.3,773.7,NA,NA,130.5,422.6,25,4,NA,49.6,30.4,14.1,NA,24,NA,108,NA,4.7,94,86.7,NA,37.5,8.6,NA,44.4,6.5,8.1,168.1,13.7,27.5,2374.3,2.2,2.5,7.6,4.9,9.1,14,5.9,127.1,2545.3,9.4,59.7,NA,120.8,NA,4214.5,23.4,78.9,228409.8,77.6,NA,8121.7,NA,NA,NA,380.3,98.7,3877.1,1849.4,146863.1,1927,888.1,7921.1,1986.6,NA,3964,361.2,895.9,392,324.4,4122.6,4431.5,NA,483,184.2,1280.8,46420.1,NA,NA,7828.9,25354.9,1499.5,241.6,NA,2977,1821.1,848.8,NA,1440.6,NA,6481.8,NA,282.2,5640.3,5204.1,NA,2252.1,514.3,NA,2666.6,390,488.4,10087.5,819,1647.6,142460.4,131.5,151,454.2,292.5,548,840.6,352,7627.6,152720.9,564.4,3580.3,NA,7247.9,NA,252869,1405.6,0.01,0,0.01,NA,0.97,NA,NA,NA,0.05,0.01,0.46,0.21,17.06,0.23,0.1,0.92,0.23,NA,0.46,0.04,0.1,0.04,0.04,0.47,0.52,NA,0.05,0.02,0.15,5.2,NA,NA,0.88,2.85,0.17,0.03,NA,0.33,0.2,0.1,NA,0.16,NA,0.73,NA,0.03,0.62,0.57,NA,0.25,0.06,NA,0.29,0.04,0.05,1.1,0.09,0.18,15.47,0.01,0.02,0.05,0.03,0.06,0.09,0.04,0.83,16.59,0.06,0.38,NA,0.77,NA,26.41,0.15,19143.27,"C:/Users/freya/OneDrive - Dalhousie University/Ch 1/Freya_Scallops/SCAL_Freya_10-25_2025-11-14.csv",191.2,262.4,11471,15745.6,1.25,1.71
"226","2025\08\29\SCAL_0301.DATA",2.2,2055.1,NA,NA,69.4,NA,NA,NA,3.4,0.8,36.1,18.9,1085,18,9.3,71.4,17.9,NA,32.6,2.3,7,4.3,2.4,35.6,45,NA,5.5,NA,11.5,323.3,NA,0,56.7,233.2,12.3,2,NA,13.6,12.1,3.3,NA,13.1,NA,75.1,NA,2.4,46.3,42.4,NA,23.8,3.8,17.1,21.4,NA,NA,70.7,6.6,11.9,1121.3,4.5,NA,NA,NA,6.1,6.3,NA,50.4,1566.6,3.5,26.4,NA,58.6,NA,1999.4,NA,132.5,123305.5,NA,NA,4163.2,NA,NA,NA,201.9,47.5,2167.9,1132.3,65101.8,1081.2,559,4284.6,1074.7,NA,1958.6,138.7,418.9,255.6,145.4,2135.3,2702.2,NA,328.5,NA,690.3,19397.2,NA,0.9,3399.6,13994.7,735.6,118.4,NA,818.5,724.7,201,NA,784.6,NA,4505.2,NA,141.7,2777.9,2546.3,NA,1429.7,226.2,1025.3,1283.7,NA,NA,4241.9,393.3,714.2,67279.1,268.3,NA,NA,NA,365.3,380.2,NA,3023.5,93994.4,208.4,1583.4,NA,3515,NA,119964.8,NA,0.03,0,NA,NA,1,NA,NA,NA,0.05,0.01,0.52,0.26,15.2,0.25,0.13,1.01,0.25,NA,0.45,0.03,0.1,0.06,0.03,0.49,0.64,NA,0.07,NA,0.16,4.37,NA,0,0.77,3.17,0.17,0.03,NA,0.18,0.16,0.05,NA,0.18,NA,1.01,NA,0.03,0.61,0.56,NA,0.31,0.05,0.22,0.28,NA,NA,0.93,0.09,0.16,14.69,0.06,NA,NA,NA,0.08,0.08,NA,0.66,20.52,0.04,0.34,NA,0.75,NA,25.18,NA,9666.86,"C:/Users/freya/OneDrive - Dalhousie University/Ch 1/Freya_Scallops/SCAL_Freya_10-25_2025-11-14.csv",121.6,146.4,7299,8781.1,1.59,1.92
"227","2025\08\29\SCAL_0302.DATA",1.7,2838.3,NA,NA,76.4,3,NA,NA,4.2,1.1,44.3,22.1,1274,21.3,10.4,80.1,19.4,NA,39.1,NA,7.4,5.5,2.7,44.2,68,NA,6.6,NA,13.2,381.6,NA,NA,67.1,288,14.2,3,NA,15.9,12.5,3.4,NA,14.6,NA,66.1,NA,2.3,54.4,46.5,NA,24.4,4.6,21.8,25.9,NA,NA,93.1,6.4,9.7,1236.5,4.8,NA,NA,NA,6.5,5.7,NA,51.4,1857.6,4.1,32.9,NA,57.5,NA,2521.2,NA,103.7,170299.6,NA,NA,4586.6,181.3,NA,NA,253.1,66.2,2658.7,1323.5,76442.7,1280.4,623.2,4805.3,1163.9,NA,2348.7,NA,445.7,331.1,162.9,2654.4,4078.5,NA,395.7,NA,794.1,22898.6,NA,NA,4025.2,17280,849.1,181.3,NA,955.9,751.8,202.7,NA,873.6,NA,3963.9,NA,139.6,3266.6,2789.3,NA,1466.1,278.7,1309.3,1554.5,NA,NA,5587.1,383.2,579.9,74190.4,286.3,NA,NA,NA,392.5,343.7,NA,3082.5,111458.2,247.8,1975.5,NA,3449,NA,151272.5,NA,0.02,0,NA,NA,0.94,0.03,NA,NA,0.05,0.01,0.54,0.26,15.09,0.25,0.12,0.95,0.23,NA,0.46,NA,0.09,0.06,0.03,0.52,0.82,NA,0.07,NA,0.16,4.36,NA,NA,0.77,3.31,0.16,0.03,NA,0.18,0.14,0.04,NA,0.17,NA,0.75,NA,0.03,0.61,0.52,NA,0.27,0.05,0.24,0.29,NA,NA,1.03,0.07,0.11,13.7,0.05,NA,NA,NA,0.07,0.06,NA,0.57,20.58,0.04,0.36,NA,0.62,NA,26.85,NA,11929.33,"C:/Users/freya/OneDrive - Dalhousie University/Ch 1/Freya_Scallops/SCAL_Freya_10-25_2025-11-14.csv",141.4,151.1,8484.9,9065.2,1.57,1.67
"228","2025\08\29\SCAL_0303_1.DATA",1.2,2825,0.9,NA,77.1,NA,NA,NA,3.1,0.9,39.4,17.8,1131.8,18.5,9.6,70.4,18.4,NA,32,NA,6.8,4.4,2.6,37.3,49.6,NA,5,NA,9.8,332.5,NA,0.7,55.7,231.4,12.7,2.2,NA,14.6,12.2,3.3,NA,12.6,NA,58.2,NA,NA,47.6,42.8,NA,21.8,3.9,NA,24.2,NA,NA,66.7,7.4,11.2,1119.7,4.1,NA,NA,NA,6.4,6.7,NA,50,1691.6,3.4,24.1,NA,60.1,NA,1940.7,NA,71.5,169498.6,53.7,NA,4628.3,NA,NA,NA,185.6,51.1,2365.1,1065.9,67910.9,1110.1,578.6,4222.5,1104.4,NA,1922.2,NA,407.8,261.5,155.1,2239.7,2974.1,NA,298,NA,586.6,19952.8,NA,41.8,3340,13882,761,134.8,NA,878,730.2,200.3,NA,753.8,NA,3494.5,NA,NA,2855.3,2566.6,NA,1305.4,232.8,NA,1453.3,NA,NA,4004.3,446.5,673.9,67181.5,244.6,NA,NA,NA,385.4,400.5,NA,3001.1,101497.6,206.8,1443.5,NA,3603.7,NA,116442.4,NA,0.02,0,0.01,NA,1.1,NA,NA,NA,0.04,0.01,0.56,0.25,15.67,0.26,0.13,0.98,0.26,NA,0.44,NA,0.09,0.06,0.04,0.51,0.7,NA,0.06,NA,0.14,4.44,NA,0.01,0.75,3.1,0.17,0.03,NA,0.2,0.16,0.04,NA,0.17,NA,0.78,NA,NA,0.62,0.56,NA,0.28,0.05,NA,0.32,NA,NA,0.86,0.1,0.15,14.49,0.05,NA,NA,NA,0.08,0.09,NA,0.65,21.9,0.04,0.31,NA,0.76,NA,24.16,NA,10519.5,"C:/Users/freya/OneDrive - Dalhousie University/Ch 1/Freya_Scallops/SCAL_Freya_10-25_2025-11-14.csv",119.6,140.1,7176.4,8407.2,1.55,1.81
"229","2025\08\29\SCAL_0303_2.DATA",1.3,2813.5,NA,NA,75.3,NA,NA,NA,3.1,1,38.5,17.7,1101.9,18.1,9.1,68.2,17.6,NA,30.6,NA,6.5,4.9,2.5,36.3,49.5,NA,5.2,NA,9.3,324.5,NA,0.6,54.4,225.5,12.7,2.2,NA,14.7,11.5,3.4,NA,12.6,NA,56.6,NA,NA,46.5,41.3,NA,12.7,3.9,NA,23.4,NA,NA,65,7,11,1093,3.9,NA,NA,NA,5.8,6.2,NA,48.2,1647.2,2.8,23.2,NA,58.7,NA,1894.2,NA,76.9,168809.1,NA,NA,4518.5,NA,NA,NA,188.8,58.4,2311.7,1062.3,66111.6,1083.6,545.7,4089.6,1054.6,NA,1835,NA,388.8,291.1,150.1,2177.2,2970.2,NA,310.3,NA,559.1,19468.6,NA,35.3,3266.5,13527.6,761.6,132.9,NA,883.8,688.1,206.3,NA,756.4,NA,3395.9,NA,NA,2790.8,2480.9,NA,760.2,232.5,NA,1401.5,NA,NA,3900.9,420.1,658.8,65578.2,231.5,NA,NA,NA,347.4,373.6,NA,2891,98829.6,169.6,1394.2,NA,3520.9,NA,113649.6,NA,0.02,0,NA,NA,1.11,NA,NA,NA,0.05,0.01,0.56,0.25,15.66,0.26,0.13,0.97,0.25,NA,0.43,NA,0.09,0.06,0.04,0.51,0.72,NA,0.07,NA,0.13,4.45,NA,0.01,0.75,3.11,0.17,0.03,NA,0.2,0.16,0.05,NA,0.17,NA,0.78,NA,NA,0.62,0.56,NA,0.17,0.05,NA,0.31,NA,NA,0.86,0.09,0.15,14.53,0.05,NA,NA,NA,0.08,0.08,NA,0.64,21.89,0.04,0.3,NA,0.76,NA,24.21,NA,10314.39,"C:/Users/freya/OneDrive - Dalhousie University/Ch 1/Freya_Scallops/SCAL_Freya_10-25_2025-11-14.csv",119.6,136.3,7175.2,8180,1.59,1.81
"230","2025\08\29\SCAL_0304.DATA",1.4,3279.9,1.6,NA,102.7,NA,NA,NA,4.5,1.1,51.4,24.7,1390,25.6,12.7,99.2,22,NA,42.6,1.5,7.7,6.1,3.9,50.3,62.5,NA,7.7,NA,13.7,453,NA,NA,71.5,317.4,16.8,2.6,NA,17.7,15.4,4.8,NA,18.3,NA,100.5,NA,3,64.8,64.7,NA,18.3,5.6,NA,28.8,2.3,2.9,99,9.3,15.3,1537.3,4.1,NA,NA,2.9,8,7.9,NA,62.1,1794.2,4.6,33.6,NA,64.5,NA,2591.9,NA,81.1,196793.3,93.7,NA,6163.5,NA,NA,NA,269.4,68,3085,1479.7,83400.6,1536.2,761.5,5950.5,1321,NA,2556,89.8,461.4,366.1,232.6,3018.7,3748.3,NA,464.4,NA,824.7,27180.9,NA,NA,4288.9,19044.6,1007.2,155.4,NA,1065,925.9,285.1,NA,1101,NA,6027.2,NA,180.5,3890.5,3879.3,NA,1099.3,338.5,NA,1726.1,136.8,176,5941.1,560.2,917.1,92236.9,245.1,NA,NA,173.4,480.7,471.9,NA,3723.2,107650.2,277.4,2018.6,NA,3869.8,NA,155515.5,NA,0.01,0,0.02,NA,1.16,NA,NA,NA,0.05,0.01,0.58,0.27,15.18,0.28,0.14,1.09,0.24,NA,0.46,0.02,0.08,0.06,0.04,0.54,0.69,NA,0.08,NA,0.15,4.77,NA,NA,0.76,3.36,0.18,0.03,NA,0.19,0.16,0.05,NA,0.19,NA,1.06,NA,0.03,0.67,0.67,NA,0.19,0.06,NA,0.3,0.02,0.03,1.01,0.1,0.16,15.7,0.04,NA,NA,0.03,0.08,0.08,NA,0.63,18.32,0.05,0.34,NA,0.65,NA,25.45,NA,13046.64,"C:/Users/freya/OneDrive - Dalhousie University/Ch 1/Freya_Scallops/SCAL_Freya_10-25_2025-11-14.csv",158.2,185.7,9494.7,11139.6,1.62,1.9
"231","2025\08\29\SCAL_0305.DATA",NA,2137.3,NA,NA,69.1,NA,NA,NA,3.4,1,37.9,18.8,1136.2,20.2,10.7,79.4,17.4,NA,37.3,1.2,7,5.3,2.5,41.4,46.9,NA,6.6,NA,10,333.8,NA,1.2,68.7,253.5,14,1.8,NA,15.5,12.8,3.8,NA,13.6,NA,67.8,NA,NA,49.2,44.1,NA,13.3,4.4,NA,24.5,NA,NA,71.9,7.7,13.1,1210.9,3.4,NA,NA,NA,6.2,7.2,NA,52.9,1620.8,3.6,27.9,NA,56.7,NA,2011.7,NA,NA,128239.2,NA,NA,4144.3,NA,NA,NA,206.6,59.9,2276.3,1125.3,68171.8,1213.4,639.9,4762.4,1044.7,NA,2240.6,70.9,418.7,317.3,147.7,2481.4,2811.3,NA,396.2,NA,601.7,20025.7,NA,73.4,4122,15212.6,842.2,108.7,NA,931.9,766.2,228.2,NA,814.1,NA,4069.4,NA,NA,2952.8,2647.7,NA,797,265.9,NA,1468.8,NA,NA,4316.4,461.8,788.3,72654.6,205.7,NA,NA,NA,370.4,430.4,NA,3176.9,97245.9,218,1675.1,NA,3401.7,NA,120702.5,NA,NA,0,NA,NA,0.97,NA,NA,NA,0.05,0.01,0.53,0.25,15.4,0.28,0.15,1.08,0.24,NA,0.5,0.02,0.09,0.07,0.03,0.55,0.65,NA,0.08,NA,0.14,4.36,NA,0.02,0.9,3.33,0.18,0.02,NA,0.2,0.17,0.05,NA,0.18,NA,0.89,NA,NA,0.63,0.57,NA,0.17,0.06,NA,0.31,NA,NA,0.91,0.1,0.17,15.35,0.04,NA,NA,NA,0.08,0.09,NA,0.67,20.55,0.05,0.35,NA,0.7,NA,24.52,NA,9996.23,"C:/Users/freya/OneDrive - Dalhousie University/Ch 1/Freya_Scallops/SCAL_Freya_10-25_2025-11-14.csv",118.7,141.7,7124,8499.7,1.51,1.8
"232","2025\08\29\SCAL_0306.DATA",1,3152.6,0.9,NA,89.3,NA,NA,NA,4.3,1.1,48.5,22.9,1560,24.3,12.9,87.6,21.2,NA,48.3,3.6,9.3,6.5,2.8,56.4,58.4,NA,7.7,NA,14,511.6,2.6,NA,86.6,326.5,21,6.8,4.1,19.1,17.4,6.7,NA,17.8,NA,105.7,5.9,3.4,71.7,67.6,NA,25.3,5,NA,32.1,3.4,3.7,93.9,10.1,18.3,1579.9,4.6,NA,NA,NA,8.7,9,NA,69.6,1832.4,4.4,37.9,NA,81.7,NA,2838.8,NA,58.2,189153.2,55.5,NA,5356.6,NA,NA,NA,259.8,67.7,2907.6,1376.1,93599.4,1457.8,771.6,5254.7,1271.7,NA,2897.6,217.3,556.2,391.6,168.5,3386.3,3506.9,NA,462.4,NA,838.7,30693.8,159,NA,5199,19587.8,1257.7,406,245.2,1146.1,1041.6,402.5,NA,1070.5,NA,6340.6,356.3,204.5,4302.5,4056.4,NA,1519.8,302,NA,1926,204.4,220.2,5635.7,607.3,1095.4,94796.3,274.1,NA,NA,NA,521.7,542.4,NA,4177.8,109942.8,266.7,2273.3,NA,4902.4,NA,170331,NA,0.01,0,0.01,NA,0.95,NA,NA,NA,0.05,0.01,0.51,0.24,15.99,0.25,0.13,0.9,0.22,NA,0.49,0.04,0.09,0.06,0.03,0.57,0.61,NA,0.07,NA,0.14,5.05,0.03,NA,0.86,3.24,0.21,0.07,0.04,0.19,0.17,0.07,NA,0.18,NA,1.04,0.06,0.03,0.69,0.65,NA,0.24,0.05,NA,0.31,0.03,0.04,0.9,0.1,0.17,15.14,0.04,NA,NA,NA,0.08,0.09,NA,0.67,17.56,0.04,0.36,NA,0.77,NA,26.16,NA,13573.98,"C:/Users/freya/OneDrive - Dalhousie University/Ch 1/Freya_Scallops/SCAL_Freya_10-25_2025-11-14.csv",154,190.3,9237.9,11417.3,1.48,1.82
"233","2025\08\29\SCAL_0360.DATA",6.6,4939,1.7,NA,146.8,NA,NA,NA,5.1,1.6,71.8,29.7,2103,34.4,18.9,154.9,30.8,NA,59.9,5,11.4,6.1,7.5,79.3,73.2,NA,12.8,2.9,16.8,655,NA,0.8,127.4,508,24.4,3,NA,29.7,35.2,3.9,4.7,32.7,5,174.7,4.5,5.8,1.2,81.5,NA,64.3,7.3,27,47.2,6.8,6.6,147.1,17.8,27.7,2229.5,2.2,NA,NA,4.7,9,14,2.9,106.3,2374.7,7.8,57.1,NA,100.7,NA,3499.3,NA,395.5,296341.6,104.3,NA,8809.9,NA,NA,NA,304.9,93.7,4306.6,1784.1,126180.9,2064.1,1132.8,9291.9,1850.5,NA,3592.3,301.2,684.7,366.6,451.1,4758.1,4393,NA,770.8,176.1,1010.4,39298.4,NA,48.2,7641.6,30478.7,1465.5,178.6,NA,1782.9,2111.7,236.4,281.3,1962.9,297.3,10481.2,267.4,346.4,69.2,4890.9,NA,3856.6,439.1,1618.1,2832.3,407.2,396,8826.3,1066,1660.6,133769.9,134,NA,NA,283.1,542.1,837.1,173.3,6376.6,142483.6,469.6,3424.1,NA,6044.3,NA,209960,NA,0.05,0,0.01,NA,1.17,NA,NA,NA,0.04,0.01,0.57,0.23,16.19,0.27,0.15,1.2,0.24,NA,0.46,0.04,0.09,0.04,0.06,0.6,0.57,NA,0.09,0.02,0.13,4.86,NA,0.01,0.95,3.79,0.18,0.02,NA,0.22,0.26,0.03,0.03,0.24,0.04,1.3,0.03,0.04,0.01,0.59,NA,0.47,0.05,0.2,0.34,0.05,0.05,1.06,0.13,0.2,16.05,0.02,NA,NA,0.03,0.07,0.1,0.02,0.77,17.1,0.06,0.4,NA,0.71,NA,24.22,NA,18935.24,"C:/Users/freya/OneDrive - Dalhousie University/Ch 1/Freya_Scallops/SCAL_Freya_10-25_2025-11-14.csv",191.7,237.7,11500.5,14262.5,1.38,1.71
"234","2025\08\29\SCAL_0361.DATA",1.1,4174,1.5,NA,128.5,NA,NA,NA,4.7,1.4,65.2,24.2,1927.6,32.1,16.2,131.6,28.6,NA,57.8,5.6,10.8,6.8,6.7,79.7,72.1,NA,10.9,3.2,16.4,619.8,NA,0,94,426.1,23.7,3.2,NA,27.3,28.7,3.9,NA,26.8,NA,135.2,NA,5.4,99,67.2,NA,55.8,6.1,27.2,43.3,5.2,6,143.9,15.8,21,2098.6,4.2,NA,NA,4.5,6.5,11.6,3.9,100.5,2287.2,7.5,56.2,NA,95.2,NA,3419,NA,67,250441.4,87.5,NA,7707.8,NA,NA,NA,281.7,81.4,3911.3,1454.6,115653.6,1923,970.5,7895.6,1714.3,NA,3466.7,338.2,649.6,410.6,404.5,4780.4,4323.3,NA,656.2,194.5,982.1,37190.7,NA,0.1,5637.1,25566.5,1421.8,191,NA,1635.2,1719,235,NA,1610.7,NA,8113.1,NA,323,5939.5,4034.3,NA,3347.4,368.3,1634.2,2599.4,313.4,359.8,8631.4,947,1257.7,125914,253.4,NA,NA,269.4,390.3,696.7,231.5,6027,137231.9,449.9,3369.8,NA,5712.6,NA,205138.4,NA,0.01,0,0.01,NA,1.08,NA,NA,NA,0.04,0.01,0.55,0.2,15.71,0.26,0.13,1.08,0.23,NA,0.47,0.05,0.09,0.05,0.05,0.64,0.6,NA,0.08,0.03,0.13,4.87,NA,0,0.74,3.37,0.19,0.03,NA,0.21,0.23,0.03,NA,0.21,NA,1.06,NA,0.04,0.76,0.52,NA,0.43,0.05,0.21,0.33,0.04,0.05,1.1,0.12,0.16,15.99,0.03,NA,NA,0.03,0.05,0.09,0.03,0.77,17.43,0.06,0.42,NA,0.71,NA,25.05,NA,17309.26,"C:/Users/freya/OneDrive - Dalhousie University/Ch 1/Freya_Scallops/SCAL_Freya_10-25_2025-11-14.csv",177.7,228.8,10661.8,13730.3,1.35,1.74
"235","2025\08\29\SCAL_0362.DATA",1.7,2090.8,NA,NA,64.2,NA,NA,NA,2.7,NA,31.7,15.8,901,15.2,7.4,62.4,11.9,NA,27.5,NA,5.1,2.9,3,36.8,35.9,NA,4.5,NA,8.8,283.9,2,0,44.7,182.2,9.8,1.8,NA,14,11,1.8,NA,11,NA,59.5,NA,NA,46.9,28.4,NA,19,3.7,14.6,18.6,NA,2.2,77.5,5.4,7.4,955.3,2.2,NA,NA,NA,2.9,5.1,NA,43.6,1047.2,NA,30.3,NA,43,NA,1639.2,NA,103.5,125449.3,NA,NA,3849.7,NA,NA,NA,160.9,NA,1903.1,945.5,54057.3,914.3,443.2,3743.2,713.6,NA,1647.1,NA,303,175.4,180.4,2210.9,2155.8,NA,272.5,NA,530.6,17033.2,120.3,0,2682.2,10931.7,587.6,108.7,NA,838,659.9,107.7,NA,662.1,NA,3573,NA,NA,2813,1702.2,NA,1140.4,219.7,873.6,1113.4,NA,133.1,4650.8,323.4,442.6,57315.2,130.5,NA,NA,NA,171.1,303.9,NA,2615.7,62834.2,NA,1815.1,NA,2579.1,NA,98351.5,NA,0.03,0,NA,NA,1.16,NA,NA,NA,0.05,NA,0.57,0.28,15.78,0.27,0.13,1.1,0.21,NA,0.48,NA,0.09,0.05,0.05,0.64,0.64,NA,0.07,NA,0.16,4.79,0.03,0,0.76,3.09,0.17,0.03,NA,0.24,0.19,0.03,NA,0.19,NA,1.01,NA,NA,0.78,0.47,NA,0.31,0.06,0.24,0.31,NA,0.04,1.27,0.09,0.12,15.65,0.04,NA,NA,NA,0.05,0.08,NA,0.71,17.15,NA,0.49,NA,0.69,NA,25.82,NA,8190.22,"C:/Users/freya/OneDrive - Dalhousie University/Ch 1/Freya_Scallops/SCAL_Freya_10-25_2025-11-14.csv",95.5,111,5727.1,6662.6,1.56,1.82
"236","2025\08\29\SCAL_0363.DATA",9.5,2174.5,NA,NA,91.3,NA,NA,NA,3.3,1.2,42.5,18.9,1213.5,21.6,11.8,92.1,20.1,NA,40.9,4.7,5.9,4.5,5.1,50.9,42.1,NA,6.9,2.1,10.4,371,NA,0,60.1,247.4,15,2.2,NA,19,20.8,2.6,NA,19.9,NA,100.6,NA,2.7,54.4,41.5,NA,51.1,3,4.1,28.7,3.3,3.9,95,10.9,13.2,1322.7,2.9,NA,NA,NA,3.5,6.6,NA,66.1,1281.7,4.4,36.6,NA,56.7,NA,2151.2,NA,571.3,130470.3,NA,NA,5476.8,NA,NA,NA,200.1,75,2550,1132.8,72808.4,1294,707.5,5523.4,1204.7,NA,2454,282.5,351.8,269.7,305.5,3054.2,2528.3,NA,416.3,125.1,625.8,22260,NA,0.2,3606.8,14846.6,902.9,129.5,NA,1139.8,1250.6,153.6,NA,1195.1,NA,6034.5,NA,159.6,3264.8,2490.4,NA,3065.8,182.1,248.1,1721.6,196.1,234.1,5702.8,651.6,790.1,79363.6,174.3,NA,NA,NA,212.7,393.5,NA,3965.3,76900.4,265.3,2193.2,NA,3404.4,NA,129074.3,NA,0.12,0,NA,NA,1.24,NA,NA,NA,0.05,0.02,0.58,0.25,16,0.29,0.16,1.22,0.27,NA,0.53,0.06,0.08,0.06,0.07,0.66,0.56,NA,0.09,0.03,0.14,4.71,NA,0,0.77,3.16,0.19,0.03,NA,0.24,0.26,0.03,NA,0.25,NA,1.28,NA,0.03,0.68,0.52,NA,0.63,0.04,0.05,0.36,0.04,0.05,1.17,0.13,0.16,16.31,0.04,NA,NA,NA,0.04,0.08,NA,0.81,15.8,0.05,0.44,NA,0.69,NA,25.5,NA,10284.26,"C:/Users/freya/OneDrive - Dalhousie University/Ch 1/Freya_Scallops/SCAL_Freya_10-25_2025-11-14.csv",111.3,131.8,6679,7908.9,1.37,1.62
"237","2025\08\29\SCAL_0364.DATA",3.6,2971.7,0.8,NA,111.2,NA,NA,NA,3.9,1.3,56.1,21.5,1598,26,13.4,98.5,22.7,NA,46.5,3.3,8.1,4.2,4.4,64.6,56.4,NA,7.2,NA,17.1,492.1,NA,11.1,74.2,312.5,20.1,2.7,NA,23.6,22.2,2.5,NA,20.1,NA,84.2,NA,4,91.1,62,NA,46.1,6,26.4,38.6,3.9,6.4,130.8,12,19.7,1730.3,4.6,NA,NA,4.5,7.8,9.7,2.8,89.6,1719.3,7.2,51.3,NA,93.6,NA,2795.8,1.3,216.8,178303.2,47.2,NA,6672.6,NA,NA,NA,234.5,80.9,3368,1291.4,95880.5,1559.6,803.9,5907.2,1362.3,NA,2788.7,200.7,485.2,251.8,263.3,3877.6,3386.7,NA,431.4,NA,1024.4,29523.6,NA,663.8,4453.8,18749,1203.6,163.2,NA,1413.5,1332.3,151.4,NA,1208.5,NA,5053.4,NA,242.1,5466.6,3721.1,NA,2764,362.8,1581.7,2315.5,232.8,381.6,7845.5,722.3,1179.8,103819.4,273.9,NA,NA,267.2,466.5,580.1,168.1,5376.9,103158.2,432.1,3080.8,NA,5615.2,NA,167745.9,76.5,0.03,0,0.01,NA,1.15,NA,NA,NA,0.04,0.01,0.58,0.22,16.06,0.26,0.14,0.99,0.23,NA,0.46,0.03,0.08,0.04,0.04,0.64,0.58,NA,0.07,NA,0.17,4.77,NA,0.11,0.72,3.04,0.2,0.03,NA,0.23,0.22,0.02,NA,0.2,NA,0.82,NA,0.04,0.86,0.59,NA,0.44,0.06,0.25,0.36,0.04,0.06,1.23,0.11,0.18,16.26,0.04,NA,NA,0.04,0.07,0.09,0.03,0.84,16.15,0.07,0.47,NA,0.86,NA,25.26,0.01,13593.57,"C:/Users/freya/OneDrive - Dalhousie University/Ch 1/Freya_Scallops/SCAL_Freya_10-25_2025-11-14.csv",152.2,209.1,9131.1,12544.2,1.43,1.96
"238","2025\08\29\SCAL_0365.DATA",1.2,2195.4,NA,NA,61,NA,NA,NA,2.4,NA,30.2,15,900.8,14.7,7.9,59.1,13.1,NA,27.8,NA,3.9,2.6,2.3,36.1,35.5,NA,4.2,NA,9.9,278.1,NA,0,44.2,201.1,11.4,NA,NA,13.5,12.9,1.5,NA,12.4,NA,57.9,NA,NA,52.7,34.4,NA,40.1,3.4,NA,20,NA,2.3,77.6,6.4,8.9,944.5,NA,NA,NA,NA,3.9,5.4,NA,45.9,1041,3.9,28.2,NA,47.3,NA,1560.1,NA,72.5,131723.3,NA,NA,3662.5,NA,NA,NA,141.3,NA,1814.9,899.8,54050.7,884.4,471.3,3545.8,786,NA,1666.3,NA,235,154.4,138.4,2165.3,2131.4,NA,251.5,NA,594.6,16687.3,NA,0.2,2650.4,12068.7,683.3,NA,NA,811.7,772.4,88.4,NA,741.8,NA,3472.4,NA,NA,3164.8,2063,NA,2407.1,201.3,NA,1201,NA,135.2,4656.5,385.6,531.4,56672.2,NA,NA,NA,NA,232.4,324.9,NA,2752.4,62460.5,233.1,1695,NA,2839.9,NA,93604.8,NA,0.02,0,NA,NA,1.12,NA,NA,NA,0.04,NA,0.55,0.27,15.97,0.26,0.14,1.05,0.23,NA,0.49,NA,0.07,0.04,0.04,0.63,0.64,NA,0.07,NA,0.18,4.75,NA,0,0.76,3.45,0.2,NA,NA,0.23,0.22,0.03,NA,0.21,NA,0.99,NA,NA,0.88,0.58,NA,0.67,0.06,NA,0.33,NA,0.04,1.29,0.11,0.15,15.65,NA,NA,NA,NA,0.06,0.09,NA,0.76,17.25,0.06,0.46,NA,0.77,NA,24.86,NA,8203.01,"C:/Users/freya/OneDrive - Dalhousie University/Ch 1/Freya_Scallops/SCAL_Freya_10-25_2025-11-14.csv",86.9,111.7,5214.2,6704.7,1.44,1.85
"239","2025\08\29\SCAL_0408_1.DATA",3.9,2929.1,1,NA,114.9,NA,NA,NA,3.4,1.5,52.4,21.2,1517,25.2,11.3,103.4,22.5,NA,41.7,3.9,8.7,5.4,5.9,56.9,57,NA,9.6,2.5,13.7,429.7,NA,11.1,88.4,332.4,17.4,2.5,NA,25,23,3.5,NA,26.8,3.1,140,2.1,3.8,80.6,55.9,NA,61.6,5.7,NA,33.3,4.1,4.8,118.1,11.5,14.8,1645.2,4.3,NA,NA,3.3,6.5,9.7,NA,79.8,1687.3,6.2,45,NA,67.9,NA,2524,NA,234.4,175747.5,61,NA,6896,NA,NA,NA,205,89.3,3143.7,1272.7,91019.1,1511.3,676.8,6206.7,1347.8,NA,2504.5,236.2,522.5,322.1,351.4,3415.1,3420.2,NA,573.5,151.1,820.3,25779.2,NA,667,5306,19943.2,1041.5,150.6,NA,1498.1,1379.1,207.2,NA,1607,186.4,8401.2,126.2,229.1,4837.5,3353.9,NA,3698.1,343.8,NA,1997.1,244.2,288.8,7083.5,687.1,890.3,98710.3,259.2,NA,NA,195.8,387.4,580.8,NA,4788.1,101240,370.7,2697.5,NA,4073.1,NA,151438,NA,0.04,0,0.01,NA,1.26,NA,NA,NA,0.04,0.02,0.57,0.23,16.12,0.27,0.12,1.11,0.24,NA,0.44,0.04,0.09,0.05,0.06,0.6,0.62,NA,0.09,0.03,0.15,4.4,NA,0.11,0.91,3.42,0.18,0.03,NA,0.26,0.24,0.04,NA,0.27,0.03,1.43,0.02,0.04,0.81,0.56,NA,0.62,0.06,NA,0.33,0.04,0.05,1.17,0.11,0.15,16.35,0.04,NA,NA,0.03,0.06,0.1,NA,0.79,16.77,0.06,0.44,NA,0.66,NA,24.12,NA,12969.77,"C:/Users/freya/OneDrive - Dalhousie University/Ch 1/Freya_Scallops/SCAL_Freya_10-25_2025-11-14.csv",131,180.7,7857.6,10844.6,1.3,1.8
"240","2025\08\29\SCAL_0408_2.DATA",3.7,2957.8,1.1,NA,115.2,NA,NA,NA,3.4,1.2,52.2,21.4,1509,26.4,13.2,105.9,24,NA,42,4.1,8.8,5.1,5.5,56.7,56.6,NA,9.5,2.5,13.9,426.8,NA,0.7,88,326.5,17.3,2.4,NA,24.8,22.9,3.4,NA,25,NA,139,NA,3.5,80.4,56.4,NA,67.9,6.4,5.1,32.7,4,5.1,116.6,11,15.6,1628.8,4.2,NA,NA,3.3,6.5,9.7,2.6,79,1672.9,6.7,44.8,NA,68.3,NA,2500.7,NA,224,177465.6,65.1,NA,6909.3,NA,NA,NA,202.9,72.3,3132,1282,90540.6,1585.6,790.9,6355,1437.5,NA,2517.7,245.4,527.5,307.2,327.8,3399.2,3398,NA,572.7,149.7,831.3,25606.8,NA,41.8,5279.7,19587.1,1037.2,145.9,NA,1488.3,1372.1,201.8,NA,1498.5,NA,8341.6,NA,211.4,4826.5,3382.2,NA,4072.8,382.3,308.5,1964.6,240.3,308.8,6993.5,660.8,936.6,97730.2,252.3,NA,NA,196.6,388.8,579.8,155.7,4738.3,100374.3,402.9,2686.5,NA,4096.2,NA,150039.1,NA,0.04,0,0.01,NA,1.27,NA,NA,NA,0.04,0.01,0.57,0.23,16.16,0.28,0.14,1.14,0.26,NA,0.44,0.04,0.09,0.05,0.06,0.6,0.62,NA,0.1,0.03,0.15,4.4,NA,0.01,0.91,3.39,0.18,0.03,NA,0.26,0.24,0.03,NA,0.26,NA,1.43,NA,0.04,0.81,0.57,NA,0.68,0.06,0.05,0.33,0.04,0.05,1.17,0.11,0.16,16.31,0.04,NA,NA,0.03,0.06,0.1,0.03,0.79,16.75,0.07,0.44,NA,0.67,NA,24.07,NA,12921.34,"C:/Users/freya/OneDrive - Dalhousie University/Ch 1/Freya_Scallops/SCAL_Freya_10-25_2025-11-14.csv",130.1,179.1,7805,10746.7,1.3,1.79
"241","2025\08\29\SCAL_0409.DATA",29.7,6387.5,2.5,NA,255.7,4.5,NA,NA,8.7,4.5,111.6,57.5,3253.5,58.4,27.9,227.9,51.3,NA,102.2,8,11.2,12,13.8,140.9,120.6,NA,24.7,5.1,25.7,937.8,NA,19.3,155.6,576.8,43.4,14.8,8.4,52.4,55.6,8,9.4,64.3,8.5,355.9,5.3,8,116,109.4,NA,122.5,6.1,11.1,78.1,10.5,13.6,233.9,34.2,41.4,3853.3,2.5,3.7,NA,7.9,8,13.9,6.7,195.2,3822.1,14,108.3,NA,162.2,NA,5684.5,5,1784.1,383252.8,151.6,NA,15339.3,269.1,NA,NA,522.9,271.4,6694.6,3452.6,195207.2,3502.7,1671.6,13675.9,3075.1,NA,6134.4,479.1,674.1,718.3,825,8456.4,7235.2,NA,1482.5,306.1,1543.9,56267.4,NA,1156.9,9336.5,34606.8,2602.4,890.7,507,3146.8,3338.4,480.1,566.8,3858.9,507.4,21353.9,318.2,477.6,6958.3,6566.2,NA,7349.7,366.6,664.8,4685.6,630.9,814.6,14036.7,2050.1,2486.8,231198.8,148.8,220.3,NA,475,482,835.3,401.1,11711.9,229328.8,840.7,6500.2,NA,9730,NA,341068.4,297.5,0.13,0,0.01,NA,1.26,0.02,NA,NA,0.04,0.02,0.55,0.28,15.58,0.28,0.13,1.1,0.25,NA,0.48,0.04,0.05,0.05,0.07,0.67,0.59,NA,0.11,0.02,0.12,4.33,NA,0.09,0.72,2.68,0.2,0.07,0.04,0.24,0.26,0.04,0.04,0.3,0.04,1.64,0.02,0.04,0.52,0.49,NA,0.55,0.03,0.05,0.35,0.05,0.06,1.05,0.15,0.19,17.25,0.01,0.02,NA,0.04,0.04,0.06,0.03,0.87,17.11,0.06,0.48,NA,0.71,NA,24.47,0.02,28785.16,"C:/Users/freya/OneDrive - Dalhousie University/Ch 1/Freya_Scallops/SCAL_Freya_10-25_2025-11-14.csv",315,298.8,18900,17929.5,1.41,1.34
"242","2025\08\29\SCAL_0410.DATA",13.8,5634.4,2.1,NA,186.3,3.5,NA,NA,5.7,2.2,81.3,33.9,2529,44.5,25.6,209.1,38.8,NA,72,9.2,12.1,8.7,10.9,99.2,78.5,5.3,23.3,3.9,6.9,784.7,NA,21.2,179.3,574.8,36.1,10.4,8.2,46.2,55.4,6.7,8.9,59.2,7.2,333.3,8.2,6.3,109.1,103,NA,106.2,5.6,NA,68,11.2,10.6,158.4,31.8,39.6,3003.4,2.9,NA,5.5,6.2,9.3,15.7,5,150.3,2925,9.7,64.8,NA,121.9,NA,4003.4,NA,829.8,338063.5,123.2,NA,11180.4,209.3,NA,NA,340.5,132.5,4879.1,2036,151737.6,2668.6,1533.4,12544.1,2326.2,NA,4319.6,553.4,727.9,520.2,652.4,5950.2,4711,317.7,1400.1,236.1,412.2,47082.7,NA,1274.5,10757.4,34489,2166.2,621,493.3,2774.4,3323.7,399.4,532.6,3554.8,429.9,19998.9,490.4,378.8,6543.6,6178.3,NA,6374.3,336.8,NA,4081.5,670.4,637.5,9503.9,1907.6,2376.3,180206,176.1,NA,332.4,374.6,556.4,940.3,297.4,9018.8,175502.3,580,3885.1,NA,7313.7,NA,240202.7,NA,0.08,0,0.01,NA,1.19,0.02,NA,NA,0.04,0.01,0.52,0.21,15.65,0.28,0.16,1.3,0.24,NA,0.44,0.06,0.07,0.05,0.07,0.61,0.49,0.03,0.14,0.02,0.04,4.68,NA,0.13,1.08,3.45,0.22,0.06,0.05,0.28,0.33,0.04,0.05,0.35,0.04,1.99,0.05,0.04,0.64,0.6,NA,0.62,0.03,NA,0.4,0.07,0.06,0.92,0.18,0.23,17.38,0.02,NA,0.03,0.04,0.05,0.09,0.03,0.87,16.93,0.05,0.37,NA,0.69,NA,22.28,NA,22931.13,"C:/Users/freya/OneDrive - Dalhousie University/Ch 1/Freya_Scallops/SCAL_Freya_10-25_2025-11-14.csv",245.1,247.5,14705.8,14850.3,1.42,1.43
"243","2025\08\29\SCAL_0411.DATA",13.1,4519.2,1.7,NA,156.2,3.7,NA,NA,5.1,1.9,67.3,29.7,1968.1,35.4,17.2,125.5,28.9,NA,62.7,4,8.7,8.1,6.6,87.5,62,NA,11.9,3.3,4.3,597.5,NA,15.3,97.3,329.6,26.7,9,5.8,29.8,29,4.3,NA,33.6,NA,207.9,NA,5.4,87.6,68.2,NA,71.2,4.1,NA,44.4,6.2,6.6,157.5,19.1,26.3,2306,6,NA,NA,5,6.4,9.4,3.2,108,2107.5,8.9,68.9,NA,95.8,NA,3438.9,NA,785.1,271152,101.5,NA,9373.3,221.8,NA,NA,305.7,114.6,4039.4,1783.2,118084.2,2121.5,1031.8,7528.1,1734.4,NA,3763.1,242.4,524.1,486.8,396.9,5250.1,3719.6,NA,713.3,196.3,258.2,35852.7,NA,917.7,5839.1,19774.8,1600.4,540.3,346.2,1788.1,1738.1,259.1,NA,2016.6,NA,12471.3,NA,326.1,5258.6,4091.6,NA,4269.4,243.7,NA,2661.5,370.7,395.1,9448.3,1144.1,1575.7,138357.9,359,NA,NA,303,385.5,566.4,192.6,6478.3,126451,534.4,4135,NA,5746.6,NA,206332.6,NA,0.1,0,0.01,NA,1.3,0.03,NA,NA,0.04,0.02,0.56,0.24,15.89,0.29,0.14,1.02,0.23,NA,0.5,0.03,0.07,0.06,0.05,0.7,0.51,NA,0.09,0.03,0.03,4.65,NA,0.12,0.76,2.58,0.21,0.07,0.04,0.23,0.23,0.03,NA,0.26,NA,1.62,NA,0.04,0.67,0.52,NA,0.54,0.03,NA,0.34,0.05,0.05,1.19,0.14,0.2,17.41,0.05,NA,NA,0.04,0.05,0.07,0.02,0.82,15.91,0.07,0.51,NA,0.71,NA,24.97,NA,17872.36,"C:/Users/freya/OneDrive - Dalhousie University/Ch 1/Freya_Scallops/SCAL_Freya_10-25_2025-11-14.csv",180.9,197.9,10855.4,11874.9,1.37,1.49
"244","2025\08\29\SCAL_0412.DATA",15.2,4674.6,0.2,NA,154.5,3.5,NA,NA,5.3,2.4,65.3,34.8,1926.8,37.1,18.2,126.5,32.1,NA,67.6,6,6.7,7.3,7.7,91.7,73.2,NA,12.2,3.4,4.9,630.4,NA,11.3,100.1,394.5,23,3.9,NA,32.4,31.9,3.8,NA,32.3,NA,122.2,NA,5.4,87,72.7,NA,81.3,4.6,NA,50.7,7.6,8,159.3,22.5,24.9,2374.1,5.5,NA,NA,6.1,5.9,10.7,3.5,118.3,2009,9.7,76.3,NA,102.3,NA,3672.3,NA,910.4,280475.3,13.7,NA,9271.4,207.6,NA,NA,317.2,143.6,3917.9,2088.2,115608.6,2223,1092,7590.9,1923.6,NA,4058.2,359,401.4,438,463.6,5501,4390,NA,732.8,205.4,296.4,37821.8,NA,676.7,6004.7,23672.5,1379.5,235.6,NA,1945.5,1916.5,225.5,NA,1939.5,NA,7334.4,NA,324.9,5219.6,4363.6,NA,4876.4,274.6,NA,3040,455.8,481.8,9558.6,1350.3,1493.8,142448.9,327.5,NA,NA,363.8,355,639.1,210.3,7096,120537.5,584.9,4577.5,NA,6136,NA,220338.7,NA,0.11,0,0,NA,1.26,0.03,NA,NA,0.04,0.02,0.53,0.28,15.25,0.29,0.14,1.01,0.26,NA,0.53,0.05,0.05,0.05,0.06,0.72,0.59,NA,0.09,0.03,0.04,4.81,NA,0.09,0.77,3.03,0.18,0.03,NA,0.25,0.24,0.03,NA,0.25,NA,0.93,NA,0.04,0.65,0.54,NA,0.6,0.03,NA,0.38,0.06,0.06,1.18,0.17,0.18,17.57,0.04,NA,NA,0.04,0.04,0.08,0.03,0.88,14.87,0.07,0.55,NA,0.74,NA,26.13,NA,18221.87,"C:/Users/freya/OneDrive - Dalhousie University/Ch 1/Freya_Scallops/SCAL_Freya_10-25_2025-11-14.csv",205,206.2,12299.8,12370.4,1.52,1.53
"245","2025\08\29\SCAL_0413.DATA",12.3,5893.1,1.7,NA,157.4,2.9,NA,NA,4.8,2.2,77.7,30,2148.3,42.2,22.2,158.4,31.2,NA,69.7,7.3,10.9,8.6,7.6,95.8,74.8,NA,18,3.8,5.7,710.5,NA,16.8,114.7,421.8,31.8,9.4,6.8,34,39.1,4.5,6.6,42.2,NA,271.7,7,7,95.7,84.8,NA,103.2,6.5,NA,54.2,7.7,9,152.3,24.8,38.1,2541.7,2.2,NA,NA,4.9,8.5,14.4,3.9,130.3,2502.1,8.8,64.8,NA,113.7,NA,3669.1,NA,740.5,353588.2,101.6,NA,9445.6,176,NA,NA,289.4,130.4,4663.3,1801.6,128897,2534.7,1332.5,9501.6,1870.8,NA,4183.1,439.3,656.4,516.3,457,5746.2,4485.1,NA,1080.3,225.4,343.4,42631,NA,1009.2,6880.2,25305.2,1910.8,562.9,406.2,2037.8,2348.7,267.7,396.2,2529.1,NA,16299.5,422.9,420,5740.6,5087.9,NA,6194.3,389.4,NA,3253.5,462.4,540.9,9139.4,1486.7,2287,152499.6,130,NA,NA,294.9,512.5,862.6,236,7818.7,150127.7,525.3,3885.8,NA,6819.2,NA,220148.2,NA,0.08,0,0.01,NA,1.16,0.02,NA,NA,0.04,0.02,0.57,0.22,15.39,0.3,0.16,1.14,0.22,NA,0.49,0.05,0.08,0.06,0.05,0.68,0.54,NA,0.12,0.03,0.04,4.91,NA,0.12,0.8,2.93,0.22,0.06,0.05,0.23,0.27,0.03,0.05,0.29,NA,1.88,0.05,0.05,0.65,0.57,NA,0.69,0.04,NA,0.36,0.05,0.06,1.02,0.17,0.26,17.02,0.01,NA,NA,0.03,0.06,0.1,0.03,0.87,16.76,0.06,0.43,NA,0.75,NA,23.63,NA,20916.65,"C:/Users/freya/OneDrive - Dalhousie University/Ch 1/Freya_Scallops/SCAL_Freya_10-25_2025-11-14.csv",220,226.8,13201.4,13605.6,1.47,1.52
"246","2025\08\29\SCAL_0414.DATA",15.1,4598,2.2,NA,149.5,3.4,NA,NA,5.4,1.8,70.6,31.3,2138.9,37.6,18.5,138.9,32.3,NA,65.6,6.6,10.7,7.6,8.5,90.7,67.6,NA,13.2,3.4,4.8,628.8,17.2,NA,120.4,424.4,28.7,8.6,5.7,35.3,33.7,4.3,NA,41.3,NA,226.3,7.5,4.6,81.2,70.2,NA,86.3,6.4,7.5,50.9,7.5,9.6,163.6,22.4,30.4,2377.6,6.9,2.6,NA,5.6,6.1,10.1,3.8,119.1,2348.5,8.5,79.3,NA,98.6,NA,3924.7,NA,906.8,275880.7,132.6,NA,8971.6,204.2,NA,NA,324.6,109.9,4233.7,1878.6,128332.8,2258.3,1107.7,8334.9,1939.6,NA,3935.8,393.8,643.7,458.4,511.4,5442.1,4054.1,NA,792.1,201.7,285.6,37728.7,1032.6,NA,7223.3,25463.3,1721.1,517,341.1,2118.6,2020,256.3,NA,2479.8,NA,13580.2,448.4,274.1,4869.9,4211.3,NA,5180,384.1,452.6,3056.9,450.2,573,9813.4,1342.7,1822,142656.8,415.8,153,NA,334.3,363.3,606.1,230.1,7146.1,140910.3,512.5,4761,NA,5918.8,NA,235479.6,NA,0.1,0,0.02,NA,1.14,0.02,NA,NA,0.04,0.01,0.53,0.23,15.74,0.28,0.14,1.03,0.24,NA,0.48,0.05,0.08,0.05,0.06,0.66,0.51,NA,0.09,0.02,0.04,4.46,0.12,NA,0.86,3.03,0.2,0.06,0.04,0.25,0.24,0.03,NA,0.29,NA,1.61,0.05,0.03,0.56,0.49,NA,0.6,0.04,0.05,0.35,0.05,0.07,1.13,0.15,0.21,16.36,0.05,0.02,NA,0.04,0.04,0.07,0.03,0.82,16.16,0.06,0.54,NA,0.67,NA,25.97,NA,19146.54,"C:/Users/freya/OneDrive - Dalhousie University/Ch 1/Freya_Scallops/SCAL_Freya_10-25_2025-11-14.csv",187,197.8,11218.3,11868.7,1.29,1.36
"247","2025\08\29\SCAL_0415.DATA",16.3,4549.8,1.9,NA,187.2,4.2,NA,NA,5.9,2.6,83.4,35.4,2452.2,44.7,22.2,184.2,38.9,NA,81.2,8.7,13.5,10.3,11.3,108.8,91.4,NA,21,4.9,7.1,711.1,NA,18.9,143.1,524.6,34,10,7.3,42.7,44.7,6.4,2.2,50.4,NA,314.3,5.6,7,110.7,74.6,NA,89.6,6.6,NA,53.4,8.3,8.4,175.6,25.3,33.1,2771.9,2.5,3.3,NA,7.8,7.9,14.9,3.8,142.5,2800.6,9.7,86,NA,109.9,NA,4260.2,NA,976.5,272989.7,114.8,NA,11233.5,250.9,NA,NA,355,158,5001.2,2122.8,147131.6,2684.6,1332.1,11049.1,2333.2,NA,4870.5,524.5,810.2,620.2,677,6529.5,5486,NA,1257.4,291.9,426,42668.6,NA,1135.8,8587.9,31478.7,2042.2,602.4,440.7,2563.8,2683.7,385.6,129.7,3025.5,NA,18858.4,334.5,417.2,6643.3,4474.5,NA,5378.9,397.9,NA,3206.9,499.3,502.2,10537.1,1517.1,1984.1,166312.7,149.4,198.2,NA,465.7,471.3,895.7,229.1,8552.3,168037.1,579.8,5161.8,NA,6592,NA,255609.4,NA,0.1,0,0.01,NA,1.23,0.02,NA,NA,0.04,0.02,0.55,0.23,15.64,0.29,0.14,1.18,0.25,NA,0.51,0.06,0.09,0.06,0.07,0.69,0.59,NA,0.12,0.03,0.05,4.37,NA,0.12,0.88,3.24,0.21,0.06,0.05,0.26,0.27,0.04,0.01,0.31,NA,1.93,0.03,0.04,0.67,0.45,NA,0.54,0.04,NA,0.32,0.05,0.05,1.05,0.15,0.2,16.53,0.01,0.02,NA,0.05,0.05,0.09,0.02,0.85,16.7,0.06,0.5,NA,0.64,NA,24.43,NA,21421.75,"C:/Users/freya/OneDrive - Dalhousie University/Ch 1/Freya_Scallops/SCAL_Freya_10-25_2025-11-14.csv",233.3,227,13997.8,13620.4,1.39,1.35
"248","2025\08\29\SCAL_0416.DATA",10.5,2017.5,1.1,NA,139.3,NA,NA,NA,4.4,1.5,62.7,5.1,1807.3,30.7,15,124.1,26.6,NA,50.7,5.5,9.2,5.9,5.8,69.1,68,NA,12.9,2.8,3.5,527.4,NA,8.3,87.3,364.6,18.8,2.9,NA,30.2,30.7,4.2,NA,29.3,NA,139,NA,5.5,84.3,57,NA,64.7,5.3,NA,39.8,4.1,5.9,122.1,10.7,23,2000.5,5.1,NA,NA,4.7,7.2,11.1,2.9,110.4,2011.2,7,57.8,NA,91.2,NA,3070.6,NA,627.9,121048.6,65.4,NA,8361,NA,NA,NA,264.5,89.6,3763.3,305.8,108439.4,1842,902,7447.4,1594.5,NA,3043.9,332.5,549.4,356.3,350.9,4146.2,4082.3,NA,771.6,169.6,212.2,31646.6,NA,498.4,5240.8,21877.9,1127.9,176.2,NA,1813.1,1839.8,252.2,NA,1761,NA,8339.2,NA,332.5,5060.2,3418.5,NA,3883.9,319.3,NA,2389.2,244.5,355.8,7324.9,642.1,1382.6,120031.7,305.2,NA,NA,279.9,432.9,663.5,173.8,6626.1,120671.1,421.7,3466.4,NA,5473.4,NA,184234,NA,0.09,0,0.01,NA,1.29,NA,NA,NA,0.04,0.01,0.58,0.05,16.16,0.28,0.14,1.12,0.24,NA,0.45,0.05,0.08,0.05,0.05,0.61,0.62,NA,0.11,0.03,0.03,4.54,NA,0.07,0.76,3.16,0.16,0.03,NA,0.26,0.26,0.04,NA,0.25,NA,1.2,NA,0.05,0.71,0.48,NA,0.54,0.04,NA,0.33,0.03,0.05,1.02,0.09,0.19,16.72,0.04,NA,NA,0.04,0.06,0.09,0.02,0.92,16.81,0.06,0.47,NA,0.75,NA,24.68,NA,14019.51,"C:/Users/freya/OneDrive - Dalhousie University/Ch 1/Freya_Scallops/SCAL_Freya_10-25_2025-11-14.csv",163.5,195.3,9812.7,11718.7,1.37,1.63
"249","2025\08\29\SCAL_0417.DATA",10.5,3782.1,1.7,NA,126.4,NA,NA,NA,4.4,1.4,57.6,4.7,1701.1,30.6,15.2,109.2,25.5,NA,55.1,5.8,5.5,7.1,6.4,81.2,52.3,NA,10.4,2.9,3.9,566.2,NA,0.2,84.7,342.4,22.6,7.8,4.4,25.5,28.9,3.9,2.3,28.8,NA,178.2,5.7,3.9,66.5,53.9,NA,58.3,3.5,NA,36.9,6.1,5.1,130.2,18,24.8,1978.8,1.5,NA,NA,4.2,5.3,8,3.6,97.4,1931,8.1,64.3,NA,86.3,NA,2917.3,NA,628.7,226925.9,103.7,NA,7583,NA,NA,NA,265.1,85,3457,280,102064.9,1833.3,910.7,6553.6,1528.5,NA,3306.8,347.9,327.6,428.9,382.4,4869.8,3135.2,NA,621.1,172.5,232.1,33973.4,NA,9.7,5080.7,20544.9,1355,466.2,263.5,1527.5,1731.3,234.4,135.5,1729.3,NA,10693.7,342.4,234.5,3990.1,3233.2,NA,3498.1,209,NA,2215.1,364.3,304,7809.5,1080,1485.3,118728.6,92.4,NA,NA,251.7,317.3,478.9,218.1,5844.3,115860.8,485.9,3860.4,NA,5176,NA,175037.3,NA,0.09,0,0.02,NA,1.21,NA,NA,NA,0.04,0.01,0.55,0.04,15.74,0.28,0.14,1.02,0.24,NA,0.5,0.05,0.05,0.06,0.06,0.74,0.49,NA,0.09,0.03,0.04,5.05,NA,0,0.76,3.07,0.2,0.07,0.04,0.23,0.26,0.03,0.02,0.26,NA,1.59,0.05,0.03,0.58,0.47,NA,0.51,0.03,NA,0.32,0.05,0.04,1.13,0.16,0.21,17.11,0.01,NA,NA,0.04,0.05,0.07,0.03,0.84,16.7,0.07,0.55,NA,0.73,NA,24.26,NA,15398.25,"C:/Users/freya/OneDrive - Dalhousie University/Ch 1/Freya_Scallops/SCAL_Freya_10-25_2025-11-14.csv",164,169.8,9842.8,10189.1,1.42,1.47
"250","2025\08\29\SCAL_0418_1.DATA",6.3,4488.5,1.9,NA,156.9,2.9,NA,NA,4.9,1.8,71.6,5.5,2149.5,36.6,20,146.7,34,NA,67.1,6.1,8.3,7.2,7.6,95.1,72.8,NA,19,3.7,5.2,633.4,NA,19.4,135.1,460,32.4,8.7,6.3,35.2,40.5,4.6,2.3,45.2,5.3,228.7,7.2,4.9,112.9,75.8,NA,104.7,6.8,10.8,60,8.5,7.1,162,29.9,34.6,2624.6,2,NA,NA,5.2,7.4,13.7,3.9,127.2,2325.7,10.3,73.4,NA,121.6,NA,3917.4,NA,376.1,269313,115.1,NA,9416.3,174.5,NA,NA,293,109.4,4297.1,332.8,128968.8,2194.5,1197.7,8802.9,2038.8,NA,4023.7,366.9,495.1,431.1,453.8,5704.4,4366.5,NA,1137.3,222.1,310.9,38002.5,NA,1162.8,8103.4,27601.4,1944.7,522.1,378.1,2113.1,2432.2,277,138.3,2711.5,318.2,13722.6,432.9,292,6775.2,4546,NA,6282.2,406.1,650.7,3598.2,509.8,426.2,9718.7,1791.3,2075.7,157478.6,121.5,NA,NA,309.7,441.6,823.9,231.3,7634.9,139542.6,617.5,4401.9,NA,7293.3,NA,235045.9,NA,0.04,0,0.01,NA,1.16,0.02,NA,NA,0.04,0.01,0.53,0.04,15.35,0.26,0.14,1.05,0.24,NA,0.47,0.04,0.06,0.05,0.05,0.67,0.53,NA,0.13,0.03,0.04,4.36,NA,0.13,0.93,3.18,0.22,0.06,0.04,0.24,0.28,0.03,0.02,0.31,0.04,1.57,0.05,0.03,0.76,0.51,NA,0.7,0.05,0.07,0.4,0.06,0.05,1.08,0.2,0.23,17.53,0.01,NA,NA,0.03,0.05,0.09,0.03,0.85,15.53,0.07,0.48,NA,0.8,NA,25.16,NA,19515.72,"C:/Users/freya/OneDrive - Dalhousie University/Ch 1/Freya_Scallops/SCAL_Freya_10-25_2025-11-14.csv",197.1,218.1,11824.8,13084.8,1.32,1.46
"251","2025\08\29\SCAL_0418_2.DATA",6.4,4532.4,1.7,NA,159.6,3.1,NA,NA,5.1,1.8,72.1,5.6,2190.2,36.7,20.2,149.5,34.5,NA,68.7,6.5,8.4,7.4,7.8,96.9,74.2,NA,19.8,3.8,5.1,644.4,NA,19.3,137,467.3,32.6,8.9,6.8,36.2,41.1,4.5,2,44,NA,232.8,4.2,5.2,114.6,76,NA,106.1,6.9,10.7,60.6,8.9,7.9,163.9,31.1,35.1,2661.2,2.5,NA,NA,5.4,7.2,13.9,3.9,129.7,2349.9,10.6,74.6,NA,123.9,NA,3963.8,NA,381.6,271945.4,104.1,NA,9578.3,183.7,NA,NA,307.1,110.4,4325.6,337.6,131410.8,2199.3,1212.6,8967.6,2072.7,NA,4119.6,390.6,506,441.8,468.8,5814.8,4449.1,NA,1189.6,228.7,308.8,38666.9,NA,1157.4,8218.6,28037.8,1953.5,535,405.3,2174.9,2467.5,271.6,117.5,2637.6,NA,13969,253,313.1,6875,4562.8,NA,6366.7,412.5,643.4,3637.3,535.5,472.1,9836,1864,2108.8,159674.5,149.9,NA,NA,325.2,431.7,835.1,235.9,7783.3,140991.2,636,4478.4,NA,7433.4,NA,237827,NA,0.04,0,0.01,NA,1.16,0.02,NA,NA,0.04,0.01,0.52,0.04,15.43,0.26,0.14,1.06,0.24,NA,0.48,0.05,0.06,0.05,0.05,0.68,0.53,NA,0.13,0.03,0.04,4.38,NA,0.13,0.94,3.19,0.22,0.06,0.05,0.25,0.28,0.03,0.01,0.3,NA,1.58,0.03,0.03,0.76,0.51,NA,0.7,0.05,0.07,0.4,0.06,0.05,1.08,0.2,0.23,17.53,0.02,NA,NA,0.04,0.05,0.09,0.03,0.85,15.48,0.07,0.48,NA,0.8,NA,25.11,NA,19759.19,"C:/Users/freya/OneDrive - Dalhousie University/Ch 1/Freya_Scallops/SCAL_Freya_10-25_2025-11-14.csv",201.9,221.9,12115.5,13316.6,1.33,1.46
"252","2025\08\29\SCAL_0419.DATA",4.9,2679.5,NA,NA,95.7,NA,NA,NA,3.3,1.1,44.3,4.7,1361.4,24.6,12,89,21,NA,39.6,3.3,7.5,4,4.4,54.8,51.8,NA,7.6,2.1,11,407.3,NA,10.8,74,264.1,14.9,2.2,NA,23.9,19.7,2.9,NA,25.6,NA,117.4,NA,3.5,59.2,45.1,NA,54.9,3.9,NA,31.7,3.1,4.8,105.1,12.5,16.4,1460,3.5,NA,NA,3.6,5.1,7.5,NA,72.9,1429.7,7.6,49,NA,70.2,NA,2531.6,NA,293.2,160773,NA,NA,5743,NA,NA,NA,196.3,68.6,2657.1,279.6,81682.3,1477.8,721.2,5337.6,1259.2,NA,2377.8,199.7,448.8,242,261.4,3288,3105.6,NA,453.4,128.8,657.1,24436.6,NA,647.4,4438.2,15848.6,891.6,132.7,NA,1435.4,1179.9,173,NA,1536.7,NA,7044.7,NA,207.4,3552.5,2705.3,NA,3292.5,236.2,NA,1899.2,186.9,287.8,6303.8,751.3,981.3,87597.3,212.3,NA,NA,218.9,307.1,448.2,NA,4376.9,85779.4,453.6,2937.9,NA,4214.6,NA,151898.5,NA,0.05,0,NA,NA,1.16,NA,NA,NA,0.04,0.01,0.53,0.05,15.93,0.29,0.14,1.05,0.25,NA,0.46,0.04,0.09,0.04,0.05,0.63,0.62,NA,0.08,0.03,0.13,4.59,NA,0.12,0.84,2.99,0.17,0.02,NA,0.27,0.22,0.03,NA,0.29,NA,1.32,NA,0.04,0.65,0.5,NA,0.6,0.04,NA,0.35,0.03,0.05,1.15,0.14,0.18,15.97,0.04,NA,NA,0.04,0.06,0.08,NA,0.8,15.64,0.08,0.53,NA,0.75,NA,26.63,NA,11827.52,"C:/Users/freya/OneDrive - Dalhousie University/Ch 1/Freya_Scallops/SCAL_Freya_10-25_2025-11-14.csv",132.8,151.6,7967.5,9096.9,1.45,1.66
"253","2025\08\29\SCAL_0456.DATA",5.6,2594.7,0.9,NA,167.2,1,NA,NA,4.7,1.7,75.3,38,2559.6,39,18.9,136.3,37.5,NA,68.3,6.2,11.1,7.8,9.4,96.1,81.8,NA,12,3.2,23.5,739.8,NA,0,104.4,442.7,31.6,9.9,5.1,39,39.9,5.5,NA,44,5.5,234.6,6.5,4.7,74.4,71.2,NA,29.5,5.6,NA,55.3,7.6,11.3,186.3,24.4,47.3,3171.4,1.5,NA,NA,5,7.3,10.6,4.7,173.6,2641.9,10.1,85.9,NA,113.9,NA,4540.5,NA,335.7,155684.3,51.5,NA,10030,62,NA,NA,281.5,104.9,4516.9,2279.6,153575,2339.8,1135,8180,2249.9,NA,4095.7,372,665.8,468.3,566.1,5766.6,4910.6,NA,722.7,190,1408.6,44389.7,NA,0,6264.8,26562.7,1895.9,592.9,308.2,2339.3,2395.5,331.9,NA,2638.7,331.9,14076.2,392.9,282,4466.5,4271.8,NA,1768.2,334.7,NA,3318.4,454.4,680.8,11178,1462.4,2839.9,190281.1,87.7,NA,NA,302.8,440.7,633.7,282.6,10413.8,158516.9,603.8,5156.1,NA,6831,NA,272430.5,NA,0.03,0,0.01,NA,1.09,0.01,NA,NA,0.03,0.01,0.49,0.24,16.1,0.25,0.12,0.86,0.24,NA,0.42,0.04,0.07,0.05,0.06,0.6,0.52,NA,0.07,0.02,0.15,4.48,NA,0,0.64,2.7,0.19,0.06,0.03,0.24,0.24,0.03,NA,0.27,0.03,1.42,0.04,0.03,0.44,0.42,NA,0.17,0.03,NA,0.33,0.04,0.07,1.1,0.14,0.28,18.65,0.01,NA,NA,0.03,0.04,0.06,0.03,1.02,15.53,0.06,0.5,NA,0.66,NA,25.67,NA,19599.54,"C:/Users/freya/OneDrive - Dalhousie University/Ch 1/Freya_Scallops/SCAL_Freya_10-25_2025-11-14.csv",222.2,264.3,13334.7,15859.7,1.31,1.55
"254","2025\08\29\SCAL_0457.DATA",1.3,1036.5,NA,NA,74.6,NA,NA,NA,2.1,NA,31.6,16.6,904.5,16.1,9.4,68,14.4,NA,25.3,NA,NA,7.9,2.9,37.6,28.7,NA,5.8,NA,9.3,261.6,NA,0,41,158.7,11.2,NA,NA,15.8,17.8,3.2,NA,17,NA,90.7,NA,NA,37.9,32.8,NA,12.2,2.6,NA,23.5,2.7,3.8,62.2,10.8,21,1144.7,NA,NA,NA,NA,3.9,6.2,NA,60.4,921.8,3.4,30.4,NA,48.7,NA,1455.5,NA,77.2,62191.2,NA,NA,4474,NA,NA,NA,125.2,NA,1894.4,998.2,54269.6,963.7,563.2,4079.6,862.8,NA,1518,NA,NA,474.9,174.5,2257.6,1724.9,NA,347.4,NA,558.6,15698.7,NA,0.2,2459.1,9524.2,674.6,NA,NA,949.9,1068,189.4,NA,1020.3,NA,5443.7,NA,NA,2273.9,1970,NA,730.6,156.2,NA,1409.8,163.5,227.6,3731.3,649.9,1259.5,68679.9,NA,NA,NA,NA,231.6,372.6,NA,3621.1,55308.5,202.5,1826.1,NA,2923.6,NA,87329.4,NA,0.02,0,NA,NA,1.37,NA,NA,NA,0.04,NA,0.58,0.3,16.09,0.29,0.17,1.22,0.26,NA,0.45,NA,NA,0.13,0.05,0.66,0.52,NA,0.1,NA,0.17,4.49,NA,0,0.71,2.74,0.19,NA,NA,0.27,0.31,0.05,NA,0.29,NA,1.56,NA,NA,0.64,0.55,NA,0.2,0.04,NA,0.39,0.05,0.06,1.03,0.18,0.35,19.04,NA,NA,NA,NA,0.06,0.1,NA,1,15.33,0.06,0.5,NA,0.79,NA,23.28,NA,7021.5,"C:/Users/freya/OneDrive - Dalhousie University/Ch 1/Freya_Scallops/SCAL_Freya_10-25_2025-11-14.csv",87.3,113.1,5236.7,6785.3,1.45,1.88
"255","2025\08\29\SCAL_0458.DATA",8.8,3599.8,1.2,NA,137.1,NA,NA,NA,4.2,1.6,60.9,30.6,1993.4,32,17.5,130.4,29,NA,58.9,6.6,7.5,6.4,8.6,78.3,68.9,NA,11.8,2.4,20.9,629.8,3.9,0,99.5,356.1,27.6,9.1,4.7,32.8,32.9,4.8,NA,33.7,NA,198.6,5.5,3.5,81.6,67.5,NA,76.5,5.6,NA,50.8,6.4,7.5,152.7,20.2,27.2,2544.6,3.6,NA,NA,4.2,7.5,10.6,3.7,129.3,2477.9,8.3,60.9,NA,103.2,NA,3506.8,NA,526.1,215990.7,72.9,NA,8225.2,NA,NA,NA,253.3,96.6,3651.1,1835.9,119602.7,1920.7,1052.2,7822.1,1739.6,NA,3531.9,393.8,452.2,385.5,515.3,4695.4,4134.6,NA,707,144.6,1251.8,37788.4,237,0.4,5969.7,21365.8,1656.8,543.9,281.7,1971,1976.5,285.9,NA,2023.1,NA,11915.8,328,212.2,4898.8,4047.4,NA,4588.1,335.6,NA,3045.5,382.3,452,9164.7,1210.1,1633.4,152674.6,215.8,NA,NA,252,448.9,634.4,219.4,7758.7,148676.7,499.9,3651.1,NA,6191.9,NA,210409.2,NA,0.06,0,0.01,NA,1.08,NA,NA,NA,0.03,0.01,0.48,0.23,15.16,0.24,0.13,1,0.22,NA,0.44,0.05,0.06,0.05,0.06,0.59,0.53,NA,0.08,0.02,0.16,4.62,0.03,0,0.73,2.62,0.2,0.07,0.03,0.24,0.24,0.03,NA,0.25,NA,1.46,0.04,0.03,0.59,0.48,NA,0.55,0.04,NA,0.36,0.05,0.05,1.09,0.14,0.19,18.09,0.03,NA,NA,0.03,0.05,0.08,0.03,0.92,17.62,0.06,0.42,NA,0.72,NA,23.98,NA,17650.88,"C:/Users/freya/OneDrive - Dalhousie University/Ch 1/Freya_Scallops/SCAL_Freya_10-25_2025-11-14.csv",210.1,230.9,12609,13852.6,1.49,1.64
"256","2025\08\29\SCAL_0459.DATA",21.5,6866.4,3,NA,344.4,8,NA,NA,11.2,4.8,144.2,81.5,4613.2,77,42.9,356.7,63.4,NA,132.2,12.6,30.4,15.1,24,179.6,189.3,11.5,38.3,6.9,14.9,1477.9,NA,20.9,274.5,986.2,61,21.2,12.7,91.9,87.3,14.9,17.7,89.9,12.6,587.2,19.2,12.6,187.7,163.2,NA,79.9,13.1,4.7,110.4,20.2,21.4,347.6,47.6,78.6,5555.4,2.3,8.7,7.1,9.3,16.2,27.9,7.6,273,5645.7,17.6,135.7,4.4,214.5,NA,8426.8,6.9,1291,411986.7,179.4,NA,20662.8,480.9,NA,NA,673.1,288.4,8653.8,4887.9,276792.6,4619.7,2574.8,21399.6,3802.5,NA,7932.1,756.4,1822.8,907.8,1437.4,10773.7,11358.3,692.3,2298.6,414.1,894.2,88672,NA,1254.6,16472.9,59173.7,3657.3,1270,763.3,5513.3,5239.4,892.5,1064.3,5393.3,753.8,35232.8,1152.2,754.2,11261.4,9791.8,NA,4792.4,784.2,283.5,6621.4,1209.7,1286.8,20857.5,2853.1,4717.5,333325.8,140.1,520.6,426.9,559.6,973,1673.5,456.3,16379.3,338741.1,1053.3,8141.1,263.3,12871.4,NA,505609.1,414.7,0.07,0,0.01,NA,1.16,0.02,NA,NA,0.04,0.02,0.48,0.27,15.01,0.25,0.14,1.17,0.21,NA,0.43,0.04,0.1,0.05,0.08,0.58,0.63,0.04,0.12,0.02,0.05,4.63,NA,0.07,0.87,3.11,0.19,0.07,0.04,0.29,0.27,0.05,0.06,0.28,0.04,1.84,0.06,0.04,0.58,0.5,NA,0.24,0.04,0.01,0.34,0.06,0.07,1.06,0.14,0.24,16.9,0.01,0.03,0.02,0.03,0.05,0.08,0.02,0.83,17.17,0.05,0.4,0.01,0.64,NA,24.65,0.02,39824.21,"C:/Users/freya/OneDrive - Dalhousie University/Ch 1/Freya_Scallops/SCAL_Freya_10-25_2025-11-14.csv",478.8,487.2,28725.8,29232,1.46,1.48
"257","2025\08\29\SCAL_0460.DATA",2.3,3541.9,1.7,NA,158.4,3.4,NA,NA,5.9,2.9,65.1,38.4,2036.2,35.3,19.4,145.3,29.6,NA,62.7,7.9,6.8,6.9,9.9,90.9,67.8,NA,12.9,2.7,16.5,673.3,NA,10.6,108.4,385.8,26.3,8.8,5.4,38.1,37.1,5,4.3,42,5.2,244.8,9.6,4.6,82.9,70.9,NA,66.6,5.8,20.3,53,7.6,8.5,155.3,24,38.4,2496,4.8,2.6,NA,4.6,7.4,10.9,NA,131.6,2358.4,8.8,70.8,NA,113.3,NA,3478.1,NA,140.9,212515.7,99,NA,9505,202,NA,NA,353.5,173.8,3906.1,2305,122174.3,2120.3,1165.8,8716.9,1774.2,NA,3761,473.2,408.3,413.6,593.7,5452.7,4069.8,NA,772.3,162.8,987.9,40395.7,NA,634.9,6504.4,23150.3,1575.8,525.8,323.6,2284.4,2224,297.6,255.2,2520,314.4,14685.5,574.6,275.2,4975.7,4252.8,NA,3996,350.6,1218.6,3178.7,456.4,512,9318.7,1438.1,2301.7,149760.3,290.2,158.4,NA,278.9,446.4,651.9,NA,7893.2,141501.1,527.7,4246.5,NA,6796.6,NA,208687,NA,0.02,0,0.01,NA,1.23,0.02,NA,NA,0.05,0.02,0.5,0.29,15.31,0.27,0.15,1.1,0.22,NA,0.47,0.06,0.05,0.05,0.07,0.68,0.52,NA,0.09,0.02,0.12,4.88,NA,0.08,0.79,2.81,0.19,0.06,0.04,0.28,0.27,0.04,0.03,0.3,0.04,1.77,0.07,0.03,0.59,0.5,NA,0.47,0.04,0.14,0.37,0.05,0.06,1.09,0.17,0.27,17.55,0.03,0.02,NA,0.03,0.05,0.08,NA,0.93,16.58,0.06,0.49,NA,0.78,NA,23.52,NA,17761.86,"C:/Users/freya/OneDrive - Dalhousie University/Ch 1/Freya_Scallops/SCAL_Freya_10-25_2025-11-14.csv",204.9,235.7,12296.1,14144.3,1.44,1.66
"258","2025\08\29\SCAL_0461.DATA",2.7,3821.6,1.5,NA,146.8,NA,NA,NA,4.7,1.4,72.1,28.2,2214.8,35.3,20.5,173.9,31.4,NA,60.6,7,10.9,6,7.3,81.3,62.4,NA,16.1,3,5.4,711.3,NA,7.6,136.9,510.3,26.6,2.6,NA,38.3,41.4,5.9,7.1,42.9,NA,288.4,8.3,5.1,95,73.8,NA,39.4,7.2,7,46.8,8.1,7.6,136.9,22.4,41.7,2605.4,3.3,3.3,NA,4.6,10.4,14.5,4.1,141.8,2564.4,8.7,56.6,NA,127.1,NA,3463.9,NA,163.6,229297.3,89.4,NA,8806.3,NA,NA,NA,284.8,83.9,4325,1690.7,132888,2118.2,1232.7,10436.4,1881.5,NA,3633.4,422.9,656.4,362.2,440.3,4878.9,3743.1,NA,968.6,181.4,322.7,42680.4,NA,453.4,8216.5,30619.4,1595.8,153.4,NA,2299.3,2486.9,353.5,424.6,2571.5,NA,17303.9,500.7,308.5,5699,4426.8,NA,2361,429,418.9,2806.7,484.7,455.4,8212.1,1345.5,2501.8,156326.7,199.3,199,NA,275.1,626.7,871.5,246.4,8509,153865.5,519,3398.1,NA,7628.4,NA,207832.4,NA,0.02,0,0.01,NA,1.09,NA,NA,NA,0.04,0.01,0.53,0.2,15.9,0.25,0.15,1.26,0.23,NA,0.43,0.05,0.08,0.04,0.05,0.58,0.46,NA,0.11,0.02,0.04,4.92,NA,0.05,0.95,3.55,0.18,0.02,NA,0.27,0.29,0.04,0.05,0.3,NA,2,0.06,0.03,0.64,0.5,NA,0.27,0.05,0.05,0.32,0.05,0.05,0.92,0.15,0.28,17.49,0.02,0.02,NA,0.03,0.07,0.1,0.03,0.95,17.21,0.06,0.37,NA,0.84,NA,22.36,NA,18728.43,"C:/Users/freya/OneDrive - Dalhousie University/Ch 1/Freya_Scallops/SCAL_Freya_10-25_2025-11-14.csv",204.1,233.2,12248.7,13990.7,1.37,1.57
"259","2025\08\29\SCAL_0462.DATA",1.7,919.7,1.3,NA,108.7,NA,NA,NA,3.6,1.2,48.1,20.8,1290.2,26.8,14.2,118.9,23,NA,38.4,6,5.9,6.2,7.6,53.5,48.8,NA,10.6,NA,3.7,351.7,NA,5.5,81,286.9,16.5,2.2,NA,26.7,25.5,4.1,NA,28.6,NA,189.9,NA,3.5,54.8,47,NA,53.5,3.6,NA,34.9,4.7,5.1,82.6,14.3,22.1,1526.4,3.1,NA,NA,NA,4.4,6.9,NA,78.7,1842.1,5.4,46.2,NA,55.3,NA,2189.8,NA,101.6,55183.5,79,NA,6523.9,NA,NA,NA,216.7,73.6,2883.7,1248.7,77411.7,1606.8,854.9,7132.7,1378.2,NA,2304.5,362.2,355.5,373,453.6,3209.2,2925.5,NA,634.5,NA,223.8,21104.6,NA,328.1,4858.8,17216.4,989.5,134.3,NA,1601.3,1529.6,244.7,NA,1714.3,NA,11393.6,NA,208.4,3290.3,2820.5,NA,3210.1,218.1,NA,2095.2,279.6,307.8,4955.5,856.1,1324.6,91584.4,185.2,NA,NA,NA,262.9,412.1,NA,4719.3,110523.8,325.5,2773.8,NA,3320.6,NA,131389,NA,0.02,0,0.02,NA,1.29,NA,NA,NA,0.04,0.01,0.57,0.24,14.83,0.31,0.16,1.37,0.27,NA,0.44,0.07,0.07,0.07,0.09,0.61,0.57,NA,0.11,NA,0.04,3.9,NA,0.06,0.9,3.2,0.18,0.02,NA,0.3,0.28,0.05,NA,0.32,NA,2.1,NA,0.04,0.6,0.51,NA,0.58,0.04,NA,0.38,0.05,0.06,0.89,0.15,0.24,16.41,0.03,NA,NA,NA,0.05,0.07,NA,0.85,19.8,0.06,0.49,NA,0.58,NA,22.63,NA,10217.4,"C:/Users/freya/OneDrive - Dalhousie University/Ch 1/Freya_Scallops/SCAL_Freya_10-25_2025-11-14.csv",127.6,151.4,7658.4,9082.2,1.37,1.63
"260","2025\08\29\SCAL_0463.DATA",2,1402.1,NA,NA,103.2,NA,NA,NA,3.2,1.3,44.2,21.4,1373.1,27.2,15.6,103.5,22.2,NA,39.8,5.7,4.8,5.8,6.1,58.3,58.1,NA,11.7,2.9,3.2,422.3,NA,0,79.3,320.1,18.5,2.4,NA,26.6,28.4,3.6,NA,29.9,3.7,171.2,4.4,3.5,52.1,46.5,NA,32.1,4,22.2,34,5.1,5.8,94.2,17.3,30.8,1770.3,3.2,NA,NA,3,5.9,7.4,NA,98,1971.7,6.2,52.2,NA,77.9,NA,2351.6,NA,118.2,84128.9,NA,NA,6190.4,NA,NA,NA,194.6,80.5,2654.3,1281,82384.2,1632,936,6207.4,1329.4,NA,2389.2,339.2,287.6,349.3,363.4,3495.1,3485.4,NA,699.8,175.7,194.2,25339.1,NA,0,4760,19204.1,1110.1,143.1,NA,1593.4,1703.3,215.5,NA,1791.9,223.9,10274.4,263.2,210.2,3124.8,2789.6,NA,1927,240.9,1330.6,2037,304.4,349.3,5654.7,1038.4,1849,106215.6,191.8,NA,NA,180.3,353,445.1,NA,5881.2,118301.2,373.7,3130.4,NA,4671.3,NA,141095.5,NA,0.02,0,NA,NA,1.13,NA,NA,NA,0.04,0.01,0.48,0.23,14.49,0.29,0.17,1.1,0.24,NA,0.42,0.06,0.05,0.06,0.06,0.61,0.62,NA,0.12,0.03,0.03,4.3,NA,0,0.81,3.27,0.19,0.02,NA,0.27,0.29,0.04,NA,0.3,0.04,1.74,0.04,0.03,0.52,0.46,NA,0.32,0.04,0.22,0.34,0.05,0.06,0.93,0.17,0.3,17.47,0.03,NA,NA,0.03,0.06,0.07,NA,0.97,19.46,0.06,0.5,NA,0.75,NA,22.32,NA,11528.19,"C:/Users/freya/OneDrive - Dalhousie University/Ch 1/Freya_Scallops/SCAL_Freya_10-25_2025-11-14.csv",157.9,173.4,9473.9,10402,1.56,1.71
"261","2025\08\29\SCAL_0464_1.DATA",2.2,2726.8,1.5,NA,150.3,NA,NA,NA,4.2,1.7,66.8,29.3,1867.6,40,20.1,135.2,29.5,NA,52.4,2.7,7.1,6.7,7.9,83.7,72.7,NA,15.3,3.2,4.4,593,NA,10.1,90.1,376.6,28.1,8.6,6.1,36,37.5,4.7,5.3,37.5,NA,210.2,4.3,5.5,80.7,67.9,NA,28.2,4.6,NA,51.9,7.6,9.5,137.8,26,39.7,2391.6,2.1,NA,NA,4.9,6.7,9,3.3,135.3,2221,8.8,63.2,NA,100.3,NA,3297.4,NA,133,163608.2,87.2,NA,9018.8,NA,NA,NA,250.8,103,4010.3,1757.5,112057.5,2401.6,1203.1,8109.9,1771.3,NA,3146.9,161.4,427.8,403.4,471.1,5024,4363.7,NA,916.1,193,262.4,35580.9,NA,607.4,5403.8,22596.9,1684.8,514.5,365.2,2157.8,2250.5,283.5,315.2,2252.4,NA,12614.1,258.2,331.6,4842.7,4076,NA,1690,277.4,NA,3113.8,456.8,571.5,8270.7,1560.5,2381.7,143496.2,126.5,NA,NA,296.6,403,539.3,195.7,8118.1,133260,529.2,3790.4,NA,6018.7,NA,197846.6,NA,0.02,0,0.01,NA,1.25,NA,NA,NA,0.03,0.01,0.55,0.24,15.08,0.32,0.16,1.1,0.24,NA,0.42,0.02,0.06,0.05,0.06,0.67,0.6,NA,0.12,0.03,0.04,4.61,NA,0.08,0.7,2.95,0.22,0.07,0.05,0.28,0.29,0.04,0.04,0.29,NA,1.64,0.03,0.04,0.62,0.52,NA,0.21,0.04,NA,0.39,0.06,0.07,1.04,0.2,0.3,18.05,0.02,NA,NA,0.04,0.05,0.07,0.02,1.02,16.76,0.07,0.47,NA,0.74,NA,23.93,NA,16000.91,"C:/Users/freya/OneDrive - Dalhousie University/Ch 1/Freya_Scallops/SCAL_Freya_10-25_2025-11-14.csv",185.8,200.3,11149.3,12016.9,1.4,1.51
"262","2025\08\29\SCAL_0464_2.DATA",1.6,1977.2,0.2,NA,109.4,NA,NA,NA,2.9,1.1,48.8,21.1,1317.5,26.7,14.3,98,22.7,NA,40.5,3.8,5.4,5.6,6.2,59.5,52.6,NA,11.6,2.8,3.3,416.5,NA,7.2,64,266.3,17.7,2.3,NA,23.9,26.3,3.2,2.8,26.8,NA,148.5,2.5,3.9,56.9,47.7,NA,47.9,3.3,NA,37.1,4.9,5.6,95.3,18.1,27.7,1657.6,1.6,NA,NA,3.1,4.5,6.3,NA,93.7,1530.8,5.7,44.2,NA,70.2,NA,2259,NA,94.1,118633.5,12.5,NA,6565.3,NA,NA,NA,176.4,67,2930.4,1264.3,79051.3,1600.2,860.3,5882,1364.1,NA,2428,226.9,325.4,334.7,369.7,3570.3,3154.3,NA,695.2,170.9,195.8,24989.2,NA,431.5,3840.6,15977.6,1064,140.3,NA,1436.4,1579.7,191.9,168.1,1607.8,NA,8907.2,152.2,232,3411.5,2864.1,NA,2871.3,199.9,NA,2223.3,291.5,333.2,5719.3,1086.9,1661.5,99458.5,93.3,NA,NA,183.4,269.6,379.4,NA,5624.6,91846.3,344.3,2652.6,NA,4212.1,NA,135542.6,NA,0.02,0,0,NA,1.31,NA,NA,NA,0.03,0.01,0.58,0.24,15.25,0.31,0.17,1.14,0.26,NA,0.46,0.04,0.06,0.06,0.07,0.68,0.62,NA,0.13,0.03,0.04,4.65,NA,0.08,0.72,2.99,0.2,0.03,NA,0.27,0.29,0.04,0.03,0.3,NA,1.66,0.03,0.04,0.62,0.52,NA,0.52,0.04,NA,0.4,0.05,0.06,1.03,0.2,0.3,17.94,0.02,NA,NA,0.03,0.05,0.07,NA,1.01,16.57,0.06,0.47,NA,0.74,NA,23.51,NA,11237.69,"C:/Users/freya/OneDrive - Dalhousie University/Ch 1/Freya_Scallops/SCAL_Freya_10-25_2025-11-14.csv",132,140.7,7918.2,8442.6,1.43,1.52
"263","2025\08\29\SCAL_0465.DATA",3.4,3957.1,1.8,NA,188.6,NA,NA,NA,6,2.4,87.2,37.9,2395.7,39.3,21.2,184.8,37.7,NA,61.3,6.9,14.9,6.3,9.9,87.9,95.8,NA,16.1,4.3,6.3,673.4,NA,7.9,129.7,519.5,23.9,3.7,NA,40.7,35,5.8,NA,41.3,NA,223,4,4.5,92,70,NA,20.9,10.4,NA,52.8,4.8,8.5,185.6,18.4,30.3,2837.1,6,3.4,NA,4.3,7.8,11.6,3.8,139.1,3071.2,9.9,86.3,NA,134.8,NA,4374.9,NA,201.5,237425.9,105.5,NA,11318.3,NA,NA,NA,362.2,141.8,5232.9,2276.4,143744.4,2360.4,1269.7,11090.5,2263.4,NA,3680,413.4,891,375.9,591.6,5275.3,5748,NA,964.6,258.7,379.6,40401.4,NA,475.5,7784.5,31168.9,1434.2,219.3,NA,2441.4,2100.5,349.5,NA,2476.6,NA,13377.9,237.1,267.7,5519.7,4198.3,NA,1255.2,622.1,NA,3169.4,287.4,508.3,11135.8,1102.1,1815.9,170227.5,359.7,204.7,NA,255.4,469.3,696.2,226,8344.8,184273.7,595.6,5177.6,NA,8090.8,NA,262494.5,NA,0.02,0,0.01,NA,1.24,NA,NA,NA,0.04,0.02,0.57,0.24,15.26,0.25,0.14,1.18,0.24,NA,0.39,0.04,0.09,0.04,0.06,0.55,0.62,NA,0.1,0.03,0.04,4.14,NA,0.05,0.8,3.21,0.15,0.02,NA,0.25,0.22,0.04,NA,0.25,NA,1.37,0.02,0.03,0.55,0.42,NA,0.13,0.06,NA,0.32,0.03,0.05,1.11,0.11,0.18,16.9,0.04,0.02,NA,0.03,0.05,0.07,0.02,0.83,18.3,0.06,0.5,NA,0.79,NA,25.06,NA,20764.83,"C:/Users/freya/OneDrive - Dalhousie University/Ch 1/Freya_Scallops/SCAL_Freya_10-25_2025-11-14.csv",207.3,241.3,12438.8,14477.2,1.24,1.44
"264","2025\08\29\SCAL_0466.DATA",4.1,5980,2.5,1,273.6,6.1,NA,NA,7.4,2.1,115.7,63.7,3275.6,64.7,33.5,263.3,49.2,NA,97.5,12.1,12.4,15,15.2,141.8,113.4,7.1,29.6,5.7,8.6,22.9,912,15.7,177.6,608.2,42.1,14,10.6,64.9,67.8,11.1,9.6,73.5,9.5,421.4,6.8,8.4,130.9,115.1,NA,72.7,6.7,34,82.1,13.3,15.3,231.9,38.5,54.8,4132.8,6.8,NA,5.4,8.5,11.7,17,4.9,207.8,3732,15,112.7,9.5,167.1,NA,5602.8,NA,246.6,358800.6,147.5,59.4,16417.5,368.8,NA,NA,443.4,124.9,6944.4,3824.4,196534.3,3881.8,2012.2,15800.5,2952.5,NA,5851.2,728.7,744.5,900.8,914.4,8508.9,6802,423.5,1777.3,344.8,517.7,1374.4,54720.6,940.6,10658.7,36491.6,2527.1,842.6,636.1,3893.9,4068.2,664.7,577.5,4409.3,571.7,25282.9,406.1,506.8,7855.5,6907.7,NA,4363.9,404.5,2037.5,4927.9,799.8,917.4,13914.7,2308.3,3290.5,247969.6,408.9,NA,324.7,510.8,701.4,1022.3,292.1,12467.2,223918.4,900.3,6762.6,567.1,10027.6,NA,336166.5,NA,0.02,0,0.01,0,1.33,0.03,NA,NA,0.04,0.01,0.56,0.3,15.42,0.31,0.16,1.25,0.23,NA,0.45,0.06,0.06,0.07,0.07,0.66,0.54,0.03,0.13,0.03,0.04,0.1,4.16,0.07,0.81,2.77,0.19,0.06,0.05,0.29,0.31,0.05,0.04,0.33,0.04,1.91,0.03,0.04,0.58,0.51,NA,0.32,0.03,0.15,0.36,0.06,0.07,1.02,0.17,0.24,18.19,0.03,NA,0.02,0.04,0.05,0.07,0.02,0.91,16.42,0.06,0.49,0.04,0.72,NA,23.71,NA,28706.41,"C:/Users/freya/OneDrive - Dalhousie University/Ch 1/Freya_Scallops/SCAL_Freya_10-25_2025-11-14.csv",297.3,299.8,17835.2,17985.8,1.31,1.32
"265","2025\08\29\SCAL_0467.DATA",1.8,1657,NA,NA,79.3,2.5,NA,2.4,NA,NA,35.3,16.3,1035.5,20.4,11.8,78.9,17.5,32.8,3.9,10.7,3.5,3.9,NA,41.6,29.4,NA,7,0,9.6,327,NA,NA,65.9,240.4,14.1,1.6,NA,20.6,21.8,5.5,NA,22.5,NA,145.9,4.8,NA,42.5,35.4,2.5,27.9,4.3,18.7,25.1,3.7,3.7,64.4,13.2,24.1,1256.7,2.3,NA,NA,NA,4.1,7.5,NA,73.3,1410.4,4,33.1,NA,59.1,NA,1736.6,NA,106.5,99417.8,NA,NA,4759.1,148.7,NA,146.9,NA,NA,2116.3,981,62128.9,1223.8,710.7,4734.3,1048,1968.7,231.2,644,212.7,235.9,NA,2496,1763.3,NA,421.7,0,578.5,19622.6,NA,NA,3956.2,14423.9,845.5,98.9,NA,1233.5,1306.9,332.6,NA,1352.4,NA,8754.2,290.1,NA,2547.1,2122.1,151.8,1673.1,259.4,1124.1,1503.7,221,219.4,3865.2,791.6,1444.5,75401.7,141,NA,NA,NA,247.4,451.1,NA,4395,84625.4,239.6,1983.9,NA,3544.2,NA,104198.7,NA,0.02,0,NA,NA,1.21,0.03,NA,0.03,NA,NA,0.54,0.24,15.32,0.3,0.18,1.17,0.26,0.45,0.06,0.16,0.05,0.05,NA,0.61,0.44,NA,0.1,0,0.14,4.66,NA,NA,0.95,3.45,0.2,0.02,NA,0.29,0.31,0.08,NA,0.32,NA,2.08,0.07,NA,0.59,0.49,0.04,0.39,0.06,0.26,0.35,0.05,0.05,0.89,0.18,0.33,17.38,0.03,NA,NA,NA,0.06,0.1,NA,1.01,19.51,0.05,0.45,NA,0.8,NA,23.1,NA,9101.5,"C:/Users/freya/OneDrive - Dalhousie University/Ch 1/Freya_Scallops/SCAL_Freya_10-25_2025-11-14.csv",107,122.9,6421.6,7372.3,0,0
"266","2025\09\03\SCAL_0468.DATA",2.7,4488.3,NA,NA,128,NA,NA,NA,3.2,1.2,59.1,20.3,1681.3,30.9,19.4,118.8,25.3,NA,49.9,4.5,6.8,5.1,6.4,73.1,49.9,NA,9.9,2.1,3.5,545,NA,14.1,89,344,27.8,7.3,4.9,28.6,35.2,5.2,4,31.7,4.5,200.3,8.3,4,65.1,52.4,NA,60.4,4.3,NA,39,6.9,7,113.8,28.3,30,2044.7,4.1,NA,NA,5,6.3,9.6,2.4,108.9,2130.4,8.6,59.1,NA,93.1,NA,2714.5,13.1,164.6,269298.4,NA,NA,7680.9,NA,NA,NA,194.3,71.8,3543.9,1218.2,100878.6,1854.4,1166.6,7126.1,1521,NA,2993.9,267,406.9,305.3,386.4,4387,2996.9,NA,596.9,124.7,212.3,32702.2,NA,846.2,5341,20640.9,1669.1,439.4,295.5,1713.6,2113.9,312.9,239.3,1900.3,270.4,12020.2,498.8,242.8,3908.1,3144.6,NA,3626.9,257.6,NA,2340.2,412.6,422.4,6829.9,1696.9,1799.7,122683.1,245,NA,NA,298,378.9,573.3,143.9,6531.6,127822.6,514,3547.3,NA,5588.7,NA,162867.7,784.6,0.02,0,NA,NA,1.21,NA,NA,NA,0.03,0.01,0.55,0.19,15.36,0.28,0.18,1.09,0.23,NA,0.45,0.04,0.06,0.04,0.06,0.66,0.46,NA,0.08,0.02,0.03,4.8,NA,0.12,0.79,3.04,0.25,0.06,0.04,0.25,0.31,0.05,0.04,0.28,0.04,1.76,0.07,0.03,0.56,0.45,NA,0.52,0.04,NA,0.33,0.06,0.06,0.97,0.24,0.26,17.46,0.03,NA,NA,0.04,0.05,0.08,0.02,0.93,18.19,0.07,0.5,NA,0.78,NA,22.29,0.11,16224.49,"C:/Users/freya/OneDrive - Dalhousie University/Ch 1/Freya_Scallops/SCAL_Freya_10-25_2025-11-14.csv",168.9,173.3,10136.2,10397.8,1.44,1.48
"267","2025\09\03\SCAL_0469.DATA",2,3599.7,1.3,NA,170.4,1.3,NA,NA,5.1,2,66.7,8.3,1946.4,33.8,18.5,131.3,29.2,NA,59.4,5.8,5.7,5.9,8.2,89,49.5,NA,11.8,2.8,3.4,545.5,NA,16.2,100,339.2,30.9,8.5,6.2,34.3,34.7,4.7,NA,36.4,NA,189,5.7,4.8,79.5,81.2,NA,86.2,3.3,NA,54.2,8.5,10.3,144.3,25.1,35.8,2414.1,4.3,NA,NA,5.2,7.2,9.9,2.7,128.2,2000.8,10.2,76.2,NA,97.3,NA,3328,1.4,117.5,215981.6,80.3,NA,10224.4,77.4,NA,NA,304.2,119.1,4003.7,495.4,116785,2026,1111.2,7880,1754.7,NA,3564.3,348.4,339.1,351.5,492.3,5338.5,2968.7,NA,710.9,167.7,201.2,32729.9,NA,969.1,5998.2,20354.6,1852.4,507.2,372.8,2055.3,2083.4,279.6,NA,2183.4,NA,11341,339,288,4771.1,4872.2,NA,5174.9,199.7,NA,3250,510.7,615.4,8658.3,1503.7,2145.1,144846.1,257.4,NA,NA,310.7,433,594.3,160.1,7692.6,120047.9,612.9,4569.3,NA,5840.2,NA,199680.9,85.8,0.01,0,0.01,NA,1.44,0.01,NA,NA,0.04,0.02,0.56,0.07,15.94,0.28,0.15,1.08,0.24,NA,0.48,0.05,0.05,0.04,0.07,0.72,0.41,NA,0.09,0.02,0.03,4.31,NA,0.13,0.79,2.69,0.24,0.07,0.05,0.27,0.27,0.04,NA,0.29,NA,1.49,0.04,0.04,0.62,0.63,NA,0.66,0.03,NA,0.42,0.07,0.08,1.11,0.19,0.27,18.49,0.03,NA,NA,0.04,0.06,0.08,0.02,0.98,15.32,0.08,0.57,NA,0.73,NA,24.5,0.01,16679.86,"C:/Users/freya/OneDrive - Dalhousie University/Ch 1/Freya_Scallops/SCAL_Freya_10-25_2025-11-14.csv",149.7,174.5,8982.7,10473,1.15,1.34
"268","2025\09\03\SCAL_0470.DATA",1,2999,1.4,NA,118.2,NA,NA,NA,3.3,1.1,52.6,20.6,1506.8,24.1,13.7,99.8,24.3,NA,46.1,4.3,7.1,4.5,4.9,60.4,46.4,NA,8.3,NA,3.3,462.2,NA,0,71.2,302.6,19.4,2.2,NA,22.6,24.6,3.2,NA,26.6,NA,166,NA,3.9,58.3,51.7,NA,57.8,4.3,NA,32.7,4.3,4.5,105.3,14.7,22.6,1717.2,4,NA,NA,3.3,4.4,8,2.6,83.6,1808.6,7.1,41.7,NA,77,NA,2614.4,NA,60.8,179942,85.8,NA,7094.9,NA,NA,NA,199,67.2,3155.2,1233.6,90406.4,1447.4,824.6,5989,1459.3,NA,2763.7,259,426.8,269.4,294.2,3624.4,2781.5,NA,497.2,NA,198,27729.7,NA,0,4273.5,18153.1,1167,132.7,NA,1355.9,1475.8,194.7,NA,1597.4,NA,9957.2,NA,232.5,3500.6,3103.3,NA,3466.7,256.6,NA,1962.9,259,270.6,6318.4,883.8,1359,103031.8,242.1,NA,NA,196.2,261.5,480,154.1,5014.9,108517.3,425.4,2501.9,NA,4618.7,NA,156867,NA,0.01,0,0.02,NA,1.28,NA,NA,NA,0.04,0.01,0.56,0.21,15.74,0.25,0.14,1.05,0.26,NA,0.48,0.04,0.07,0.04,0.05,0.62,0.49,NA,0.08,NA,0.03,4.65,NA,0,0.72,3.06,0.2,0.02,NA,0.23,0.25,0.03,NA,0.27,NA,1.67,NA,0.04,0.58,0.51,NA,0.57,0.04,NA,0.32,0.04,0.04,1.03,0.14,0.22,16.77,0.04,NA,NA,0.03,0.04,0.08,0.03,0.82,17.67,0.07,0.4,NA,0.74,NA,24.56,NA,13236.17,"C:/Users/freya/OneDrive - Dalhousie University/Ch 1/Freya_Scallops/SCAL_Freya_10-25_2025-11-14.csv",126,143,7559.1,8579.1,1.23,1.4
"269","2025\09\03\SCAL_0471.DATA",3.1,4947.2,1.6,NA,161.6,4.4,NA,NA,4.3,1.5,70.3,10.1,2266.8,38.5,24.6,190.5,33.3,NA,64.5,9.1,7.8,7.3,12.7,95.7,74,NA,19.4,3.3,7.2,692.9,6.5,0,121.2,495.1,33.1,9.4,5.7,43.1,46,6.8,NA,43.9,NA,283.2,7,4.5,82.7,70.8,NA,36.4,5.8,NA,59.2,7.9,8.4,163.5,26.9,35.1,2963.4,1.1,NA,NA,4.9,7.7,12.2,4.6,150,2542.4,9.5,65.9,NA,115.9,NA,3538.4,NA,188.2,296832.5,98.6,NA,9697.3,261.8,NA,NA,258.4,88.5,4219.7,607.3,136009.7,2309.9,1477.7,11429.7,1999.2,NA,3868,548.5,467.5,438.7,763.4,5743.6,4439,NA,1164.7,195.2,433.6,41571.7,390.8,0.1,7274.7,29706.5,1986.1,565,341,2586.5,2760.4,408.3,NA,2634.6,NA,16993.4,420,270,4964.9,4249.9,NA,2182.3,350.7,NA,3552.1,472.7,503.6,9812.7,1615.6,2106.3,177804.6,63.4,NA,NA,296.8,460.8,732,278.5,9002.2,152542.2,569.5,3956.2,NA,6952.6,NA,212306.1,NA,0.02,0,0.01,NA,1.16,0.03,NA,NA,0.03,0.01,0.5,0.07,15.76,0.27,0.17,1.33,0.23,NA,0.44,0.06,0.05,0.05,0.09,0.66,0.52,NA,0.13,0.02,0.05,4.64,0.04,0,0.82,3.34,0.22,0.06,0.04,0.29,0.31,0.05,NA,0.29,NA,1.9,0.05,0.03,0.54,0.47,NA,0.24,0.04,NA,0.39,0.05,0.06,1.06,0.18,0.23,19.26,0.01,NA,NA,0.03,0.05,0.08,0.03,0.98,16.53,0.06,0.42,NA,0.74,NA,22.12,NA,20373.28,"C:/Users/freya/OneDrive - Dalhousie University/Ch 1/Freya_Scallops/SCAL_Freya_10-25_2025-11-14.csv",209.2,207.3,12551.7,12438,1.36,1.35
"270","2025\09\03\SCAL_0472.DATA",4,4922.9,1.8,NA,139.6,NA,NA,NA,4.2,1.3,65.2,12.1,1932.8,32.8,20.2,143.5,30,NA,61.6,7.6,8.2,5.2,9.8,83,66.3,NA,12.2,2.4,4.8,594.3,1.9,0,101.2,378.3,26.1,2.9,NA,33.7,34,5.3,3.6,37.2,NA,270,6.6,4.5,72.9,57.3,NA,23.9,4.9,NA,46.4,7.3,8.5,143.7,21.6,35.5,2335.3,5.1,NA,NA,4.5,7.1,10.3,NA,139.1,2342.1,8.6,70,NA,107.7,NA,3375.9,NA,240.8,295374.7,105.9,NA,8374.6,NA,NA,NA,253.7,80.7,3913.3,728.6,115971,1967.3,1209.4,8608.7,1801.6,NA,3695.9,457.8,490.8,314.2,586,4979.9,3975.5,NA,734.2,146.6,287.6,35660.7,113,0.1,6071.8,22698.9,1567.5,176.2,NA,2023.9,2042.7,317.3,217.5,2232.5,NA,16199.3,394.6,267.6,4375.8,3438.6,NA,1432.8,291.2,NA,2782.9,436.2,512.3,8622.4,1298.1,2132.6,140119.3,307.8,NA,NA,271.1,424.2,619,NA,8348.2,140525.1,515.7,4197.4,NA,6462.9,NA,202554.2,NA,0.03,0,0.01,NA,1.14,NA,NA,NA,0.03,0.01,0.53,0.1,15.31,0.26,0.16,1.14,0.24,NA,0.48,0.06,0.06,0.04,0.08,0.65,0.53,NA,0.09,0.02,0.04,4.54,0.01,0,0.78,2.9,0.2,0.02,NA,0.26,0.26,0.04,0.03,0.28,NA,2.06,0.05,0.03,0.55,0.43,NA,0.18,0.04,NA,0.35,0.05,0.06,1.06,0.16,0.26,17.29,0.04,NA,NA,0.03,0.05,0.08,NA,1.03,17.34,0.06,0.51,NA,0.78,NA,24.04,NA,18466.74,"C:/Users/freya/OneDrive - Dalhousie University/Ch 1/Freya_Scallops/SCAL_Freya_10-25_2025-11-14.csv",209.6,211.1,12575,12664.2,1.55,1.56
"271","2025\09\03\SCAL_0473.DATA",2.7,4461.6,1.6,NA,135.1,NA,NA,NA,4.6,1.2,60.6,23.6,1865.4,30.4,18.8,136.6,25.1,NA,52.4,4.7,9.3,5.6,6.7,68.5,46.7,NA,11,NA,4.8,589.9,NA,0,97.1,392,25.5,6,5,30.6,32.9,4,4.8,35.5,4.6,224.7,7.4,4.5,77.7,63.2,NA,23.1,4.5,NA,38.7,5.9,6.4,115.9,18.3,36.3,2095.6,3.6,NA,NA,3.9,6.5,10.8,NA,113.6,1972.1,8.3,46.8,NA,91.3,NA,2969.3,2.7,159.7,267693,97.6,NA,8107,NA,NA,NA,274.4,69,3638.2,1414.6,111925.1,1823.9,1125.1,8196.5,1506,NA,3142.7,280.9,559.8,335.8,401.7,4110.2,2803.6,NA,660.7,NA,288.9,35394.2,NA,0.4,5827.2,23520.4,1531.9,360.7,298,1838.7,1976.3,239.2,290,2127.8,274.6,13483.6,445.7,271,4661.8,3789.7,NA,1388.3,272.6,NA,2323.7,355.9,382.1,6953.9,1100.6,2177.2,125734,213.6,NA,NA,232.8,392.2,649,NA,6817.1,118326.8,500.9,2810.3,NA,5476.1,NA,178158.1,162.9,0.02,0,0.01,NA,1.23,NA,NA,NA,0.04,0.01,0.55,0.21,16.47,0.27,0.17,1.21,0.22,NA,0.46,0.04,0.08,0.05,0.06,0.6,0.42,NA,0.09,NA,0.04,5.02,NA,0,0.83,3.35,0.22,0.05,0.04,0.26,0.28,0.03,0.04,0.3,0.04,1.91,0.06,0.04,0.65,0.53,NA,0.19,0.04,NA,0.32,0.05,0.05,0.96,0.15,0.3,17.29,0.03,NA,NA,0.03,0.05,0.09,NA,0.94,16.28,0.07,0.38,NA,0.74,NA,23.56,0.02,16640.53,"C:/Users/freya/OneDrive - Dalhousie University/Ch 1/Freya_Scallops/SCAL_Freya_10-25_2025-11-14.csv",143.4,165.6,8601.8,9937.3,1.18,1.37
"272","2025\09\03\SCAL_0504.DATA",0.7,3612.5,1.9,NA,156,3.1,NA,NA,4,1.9,64.9,8.4,1892.5,31.1,19.7,152.7,25.7,NA,52.3,6.8,5.1,6.1,8.2,76.9,62.6,6.3,16.1,3,6.7,521.3,NA,14.7,114.2,400.2,26.9,8.5,4.9,36.9,42.8,6,3.9,36.7,5.4,218.7,6.1,4.2,72.7,60.5,NA,73.4,4,NA,43.1,8.9,8.6,128.8,19.4,26.1,2500.9,4.4,NA,NA,3.7,5.2,9.4,3.1,139.7,2158.9,9.5,64.8,NA,90.9,NA,3010.7,1.1,43.9,216752.4,114.7,NA,9358.2,184.1,NA,NA,241.1,111.2,3895.1,504.5,113553,1868,1184.3,9161.5,1539.4,NA,3135.9,409.2,307.2,363.5,490.1,4611.1,3756.3,377.4,967,178,403.8,31280.5,NA,879.8,6852.3,24011.1,1612.5,508.6,295.4,2211.1,2570.2,360.7,232,2202.8,322,13122.7,368.5,254.9,4361.8,3627.6,NA,4402.3,237.7,NA,2586.4,532.4,513.1,7726.3,1166.2,1568,150054.3,265.2,NA,NA,219.1,311.2,565,186.8,8379.7,129536.7,570.4,3890,NA,5455.1,NA,180644.8,66.9,0.01,0,0.02,NA,1.32,0.02,NA,NA,0.03,0.02,0.55,0.07,15.55,0.26,0.16,1.26,0.21,NA,0.42,0.06,0.04,0.05,0.07,0.62,0.52,0.05,0.12,0.02,0.06,4.13,NA,0.12,0.91,3.19,0.21,0.07,0.04,0.29,0.34,0.05,0.03,0.29,0.04,1.73,0.05,0.03,0.56,0.47,NA,0.57,0.03,NA,0.33,0.07,0.07,0.99,0.15,0.2,19.22,0.03,NA,NA,0.03,0.04,0.07,0.02,1.07,16.59,0.07,0.49,NA,0.68,NA,22.24,0.01,16653.79,"C:/Users/freya/OneDrive - Dalhousie University/Ch 1/Freya_Scallops/SCAL_Freya_10-25_2025-11-14.csv",172.8,210.4,10368.9,12624.7,1.33,1.62
"273","2025\09\03\SCAL_0510_1.DATA",0.6,3177.8,1.3,NA,112,2.7,NA,NA,3.2,0.9,45.6,8.6,1448.1,22.2,15,110.9,22.7,NA,39.7,7.8,5.9,4.8,8.3,53,40.5,5.8,8.2,NA,7.8,437.4,2.6,0,72,277.2,17.4,1.5,NA,25.5,31.9,4,4.3,23,1.1,168,6.5,2.7,52.4,39,NA,27.7,3.6,NA,31.1,4.8,5,81.7,13.2,25.5,1886.7,2.7,NA,NA,2.9,3.1,7.2,3.3,102.9,1726.4,5.6,39.5,NA,64.4,NA,2200.8,NA,38.8,190666.5,79,NA,6721.5,160.3,NA,NA,192.8,54.3,2736.7,516.7,86886.2,1334.3,898.4,6655,1363.3,NA,2379.9,468.7,351.8,287.3,496,3179.6,2428.8,345.5,490,NA,469.6,26243.2,158.2,0.2,4318.7,16629.2,1044.3,88.6,NA,1532.5,1916,239.5,258.6,1377.1,65.9,10081.8,389.7,163.8,3142.7,2340.4,NA,1660.3,218.7,NA,1866.8,285.3,300.1,4903.2,792.9,1529.2,113201.3,160.2,NA,NA,172.4,188.8,432.5,198.5,6171.3,103584.4,337.6,2371.4,NA,3864.3,NA,132046.7,NA,0.01,0,0.01,NA,1.27,0.03,NA,NA,0.04,0.01,0.51,0.09,15.85,0.24,0.16,1.22,0.25,NA,0.43,0.09,0.06,0.05,0.09,0.57,0.45,0.06,0.08,NA,0.09,4.62,0.03,0,0.76,2.94,0.18,0.02,NA,0.27,0.34,0.04,0.05,0.24,0.01,1.77,0.07,0.03,0.54,0.4,NA,0.28,0.04,NA,0.32,0.05,0.05,0.84,0.14,0.26,19.31,0.03,NA,NA,0.03,0.03,0.07,0.03,1.05,17.67,0.06,0.4,NA,0.65,NA,21.66,NA,12959.23,"C:/Users/freya/OneDrive - Dalhousie University/Ch 1/Freya_Scallops/SCAL_Freya_10-25_2025-11-14.csv",141.6,154.7,8495,9282.9,1.45,1.58
"274","2025\09\03\SCAL_0510_2.DATA",2.9,3138.7,1.5,NA,110.6,3,NA,NA,3,NA,45.3,19.1,1441,23,15.4,111.1,23.7,NA,41.1,6.4,5.8,5.7,9.8,52.8,41.7,6.4,9.2,1.9,7.8,435.8,2.6,0.3,71.2,273.4,17.6,1.5,NA,25.6,31.6,4,4.2,24.8,4.9,167.9,7.2,2.5,51.4,38.3,NA,28.2,3.7,NA,30.2,4.6,5.3,81,13.2,26,1876.9,2.9,NA,NA,NA,3.2,6.9,3.3,102,1707.3,4,38.8,NA,64,NA,2182.3,NA,173.8,188323.8,91.6,NA,6634.3,179.8,NA,NA,179.1,NA,2716.6,1147.2,86462,1380.5,923.4,6668.8,1422.7,NA,2465.5,386.4,350.2,342.1,586.9,3170.7,2500.6,382.6,552.1,116.2,468.7,26147.1,156.9,20.1,4269.8,16401.1,1053,90.4,NA,1537.7,1897,242.9,251.3,1485.4,294.9,10074.2,433.9,149.8,3083.9,2300,NA,1693.4,223.7,NA,1810.4,278.3,315.3,4857.9,794.9,1557.9,112611.9,176.5,NA,NA,NA,194.9,415.3,197.1,6118.2,102435.4,240.2,2327.2,NA,3839.3,NA,130937.2,NA,0.03,0,0.02,NA,1.26,0.03,NA,NA,0.03,NA,0.51,0.21,15.85,0.25,0.17,1.23,0.26,NA,0.45,0.07,0.06,0.06,0.11,0.58,0.47,0.07,0.09,0.02,0.09,4.62,0.03,0,0.76,2.91,0.19,0.02,NA,0.27,0.34,0.04,0.04,0.26,0.05,1.78,0.08,0.03,0.53,0.4,NA,0.29,0.04,NA,0.31,0.05,0.05,0.83,0.14,0.27,19.31,0.03,NA,NA,NA,0.03,0.07,0.03,1.05,17.56,0.04,0.39,NA,0.65,NA,21.59,NA,12870.42,"C:/Users/freya/OneDrive - Dalhousie University/Ch 1/Freya_Scallops/SCAL_Freya_10-25_2025-11-14.csv",139.4,151.6,8361.6,9097.9,1.43,1.56
"275","2025\09\03\SCAL_0511.DATA",0.9,2499.4,1,NA,117.8,NA,NA,NA,3.7,1,44.8,5.9,1340.6,22.5,13.6,120.8,22.2,NA,37.8,6.7,NA,4.8,7.2,50,39.2,4.2,9.2,NA,5.7,337.4,NA,0,64.3,267.6,17.4,2.4,NA,23,32,4.2,NA,20.5,NA,153.1,3.6,2.9,38.3,42.3,NA,51.9,1.8,NA,32.1,5.7,5.6,82.6,12.7,17.4,1703.7,2.3,NA,NA,NA,NA,5,NA,97,1492.5,4.2,44.5,NA,60.2,NA,1984.2,NA,56.3,149964,58.6,NA,7067.4,NA,NA,NA,219.9,60.3,2686,352.7,80435.6,1350,815.4,7245.3,1331.5,NA,2266,401.2,NA,285.5,431.4,2997.2,2354.8,253.5,552.8,NA,343.3,20242.4,NA,0.2,3860,16056.9,1046.8,141.6,NA,1378.1,1921.8,251.1,NA,1229.6,NA,9187.9,217.5,174.2,2299.9,2536,NA,3111.7,106.4,NA,1928.9,343.2,334.5,4955.8,759.6,1045,102222.8,136.6,NA,NA,NA,NA,298.9,NA,5822.9,89551.5,252.7,2672.2,NA,3614.2,NA,119050.7,NA,0.01,0,0.01,NA,1.48,NA,NA,NA,0.05,0.01,0.56,0.07,16.26,0.27,0.17,1.47,0.27,NA,0.45,0.08,NA,0.05,0.09,0.6,0.48,0.05,0.1,NA,0.07,3.94,NA,0,0.76,3.14,0.21,0.03,NA,0.27,0.37,0.05,NA,0.24,NA,1.79,0.04,0.03,0.44,0.48,NA,0.59,0.02,NA,0.37,0.07,0.06,0.94,0.14,0.2,19.32,0.03,NA,NA,NA,NA,0.06,NA,1.1,16.92,0.05,0.5,NA,0.67,NA,21.63,NA,11324.23,"C:/Users/freya/OneDrive - Dalhousie University/Ch 1/Freya_Scallops/SCAL_Freya_10-25_2025-11-14.csv",113.1,145.7,6786.1,8739.6,1.28,1.65
"276","2025\09\03\SCAL_0512.DATA",NA,2653.2,NA,NA,95.5,NA,NA,NA,3.3,NA,40.8,22.3,1375.1,18.9,12.1,114.3,20.6,NA,38.2,5.9,5.4,4.5,6.1,45,35.3,3.9,7.6,NA,5.4,396.7,NA,0,68,296.9,18.5,2,NA,23.9,35.9,4.5,2.6,19.9,NA,156.3,3.2,NA,42.5,33.3,NA,55.5,3.7,2.7,30.3,6.6,4.7,69.8,10.8,19.2,1611.3,4.2,NA,NA,NA,3.9,6.9,NA,112.1,1613.1,3.9,30.9,NA,72.7,NA,2002.5,NA,NA,159191.8,NA,NA,5727.4,NA,NA,NA,199.4,NA,2448.6,1339.6,82505.7,1133.3,728.4,6855.9,1233.2,NA,2289.5,352.3,323.7,267,365.4,2697.9,2119,235.3,458.4,NA,322,23800.6,NA,0.2,4082.3,17816.1,1107.9,118.4,NA,1431.2,2151.6,268.6,156.1,1191.4,NA,9379.6,192.9,NA,2547.2,1999.6,NA,3329.4,220.7,164.6,1815.4,394.7,284,4185.5,645.1,1153.5,96680.5,249.9,NA,NA,NA,233.8,411,NA,6728.2,96788.2,235.3,1853.3,NA,4359.9,NA,120150.4,NA,NA,0,NA,NA,1.17,NA,NA,NA,0.04,NA,0.5,0.27,16.34,0.23,0.15,1.37,0.25,NA,0.45,0.07,0.06,0.05,0.07,0.53,0.43,0.05,0.08,NA,0.06,4.54,NA,0,0.78,3.42,0.21,0.02,NA,0.27,0.41,0.05,0.03,0.23,NA,1.79,0.04,NA,0.48,0.37,NA,0.62,0.04,0.03,0.34,0.07,0.05,0.78,0.12,0.21,17.91,0.05,NA,NA,NA,0.04,0.08,NA,1.25,17.93,0.04,0.34,NA,0.79,NA,21.4,NA,11633.08,"C:/Users/freya/OneDrive - Dalhousie University/Ch 1/Freya_Scallops/SCAL_Freya_10-25_2025-11-14.csv",128.2,151.3,7690.6,9079.4,1.42,1.68
"277","2025\09\03\SCAL_0513.DATA",2.5,4224.2,NA,NA,81.6,NA,NA,NA,2.3,NA,47.1,14.9,1484.8,23.2,14.7,114.1,19.3,NA,37.3,7.7,6.7,5.2,7.2,52.8,43.4,5.3,9.4,NA,6.7,488.9,NA,NA,92.1,341.5,10.2,NA,NA,25.8,32.5,3.9,4.9,26.7,6.3,198.9,6,NA,53.5,41.5,NA,31.4,5.2,NA,30,5.1,5.7,84.4,13.5,26.9,1801.8,4.1,NA,2.8,NA,4.8,9,NA,103.1,2127.6,5,0.4,NA,82.1,NA,2274,NA,148.3,253449.9,NA,NA,4897.7,NA,NA,NA,140.7,NA,2827.6,896.7,89088.9,1392.8,884.7,6846.1,1155.9,NA,2235.9,463.1,401.7,314.3,435,3170.4,2604.5,317.8,565.6,NA,402.9,29333.5,NA,NA,5525.8,20490.4,610.3,NA,NA,1550.9,1950.5,236.1,291.6,1600,375.1,11933.9,362.1,NA,3212,2492.1,NA,1884.9,312.1,NA,1802.8,307.8,343.3,5063.5,807.1,1611.2,108109.2,246.1,NA,165.8,NA,286.1,538.2,NA,6185.3,127656.3,297.4,21.4,NA,4927.5,NA,136442.8,NA,0.02,0,NA,NA,0.87,NA,NA,NA,0.02,NA,0.5,0.15,15.38,0.24,0.15,1.19,0.2,NA,0.38,0.08,0.07,0.05,0.07,0.54,0.46,0.05,0.09,NA,0.07,4.88,NA,NA,0.92,3.43,0.1,NA,NA,0.26,0.32,0.04,0.05,0.27,0.06,1.99,0.06,NA,0.52,0.41,NA,0.31,0.05,NA,0.29,0.05,0.06,0.82,0.13,0.26,17.45,0.04,NA,0.03,NA,0.05,0.09,NA,1,20.6,0.05,0,NA,0.78,NA,21.18,NA,14598.02,"C:/Users/freya/OneDrive - Dalhousie University/Ch 1/Freya_Scallops/SCAL_Freya_10-25_2025-11-14.csv",133.9,161.3,8032.9,9676.6,1.3,1.56
"278","2025\09\03\SCAL_0514.DATA",0.3,2711.4,1.6,NA,151.9,3.2,NA,NA,3,1.2,57.3,24.3,1903.4,28.9,17.2,155.1,28.7,NA,50.7,8.3,5.1,5.3,8.9,64.9,45.7,5.9,13.3,2.9,6.3,506.9,NA,14.7,91.9,357.5,28.4,7.7,4.6,33.6,47.2,5.6,6.1,29.8,1.5,216,7.9,4.2,60.2,66.6,NA,84.4,4.1,7.8,44.8,10.1,8.1,108.6,18.5,28.3,2326.3,4,NA,NA,4.8,4.9,11,3.9,141.6,2110.3,6.3,46.8,NA,89.2,NA,2634.9,NA,15.7,162686.4,95.8,NA,9114.7,194.7,NA,NA,182.9,72.1,3440.9,1459.9,114204.9,1736.1,1034.4,9303.2,1721.3,NA,3041.3,496.5,307.6,319.6,533.9,3893.7,2742.2,352.1,797.8,174.6,379.9,30413.5,NA,879.3,5515.5,21449.2,1702.3,461.6,278.4,2017,2833.6,333.6,366.5,1790.9,92.8,12960.9,476.4,254.8,3614.4,3995.6,NA,5064.2,246.9,469.7,2685.5,604.6,483.9,6518.3,1108.4,1700.1,139575.8,240,NA,NA,289.2,291.7,661.4,233.3,8495.9,126620.4,376.1,2809.5,NA,5349.7,NA,158095.4,NA,0,0,0.01,NA,1.37,0.03,NA,NA,0.03,0.01,0.51,0.21,16.63,0.25,0.15,1.36,0.25,NA,0.44,0.07,0.04,0.04,0.08,0.56,0.41,0.05,0.11,0.03,0.06,4.27,NA,0.12,0.78,3.03,0.24,0.06,0.04,0.28,0.4,0.05,0.05,0.25,0.01,1.82,0.07,0.04,0.5,0.55,NA,0.69,0.03,0.06,0.37,0.08,0.07,0.89,0.15,0.23,19,0.03,NA,NA,0.04,0.04,0.09,0.03,1.16,17.24,0.05,0.37,NA,0.71,NA,20.7,NA,14932.42,"C:/Users/freya/OneDrive - Dalhousie University/Ch 1/Freya_Scallops/SCAL_Freya_10-25_2025-11-14.csv",142,188,8520.7,11278.1,1.16,1.54
"279","2025\09\03\SCAL_0515.DATA",1.9,4306.2,1.7,NA,130.1,3.3,NA,NA,4.1,1.2,68.1,21.7,2225.4,34.4,20.9,150,29.1,NA,55.3,9.4,10,7.2,9,78.1,52.7,7.7,14,3,8.8,726.3,NA,11.5,118.3,389.6,26.3,2.1,NA,34.6,39.5,4.8,8.9,35.4,NA,276.5,11.5,3.8,65.9,64.9,NA,30.1,5.9,NA,44.1,7.2,8.1,119,19.5,50,2603.9,9,NA,NA,4,8.2,11.5,4.8,149.3,2620.2,9.1,56,2.8,132.5,NA,3422.7,NA,115.1,258369.5,102.3,NA,7806.4,195.5,NA,NA,244.6,71.6,4088.4,1300.3,133526.7,2063.8,1253,9001.1,1745.4,NA,3316.9,562.4,599.7,433.7,542.7,4689,3159.8,459.4,838.8,179.5,526.8,43576.6,NA,691.7,7095.8,23374.1,1579.2,126.7,NA,2077.5,2371.7,289.4,532.7,2125.8,NA,16591.1,691.8,228.5,3956.4,3896.2,NA,1806.7,354.9,NA,2647.4,430.5,489,7140.2,1171.5,3001.3,156233.9,540.4,NA,NA,239.7,493.2,692.5,286.2,8955,157214.6,546.8,3357.8,168.9,7947.7,NA,205361.8,NA,0.01,0,0.01,NA,0.98,0.02,NA,NA,0.03,0.01,0.51,0.16,16.31,0.25,0.15,1.11,0.21,NA,0.4,0.07,0.07,0.05,0.07,0.57,0.39,0.06,0.1,0.02,0.06,5.13,NA,0.08,0.84,2.77,0.19,0.01,NA,0.24,0.28,0.03,0.06,0.25,NA,1.95,0.08,0.03,0.46,0.45,NA,0.21,0.04,NA,0.3,0.05,0.06,0.82,0.13,0.34,17.84,0.06,NA,NA,0.03,0.06,0.08,0.03,1.02,17.95,0.06,0.38,0.02,0.89,NA,22.55,NA,18905.58,"C:/Users/freya/OneDrive - Dalhousie University/Ch 1/Freya_Scallops/SCAL_Freya_10-25_2025-11-14.csv",171.4,207.1,10286.1,12427.9,1.17,1.42
"280","2025\09\03\SCAL_0516.DATA",2.5,5365.5,1.9,NA,144.1,NA,NA,NA,4.4,1.4,68.1,11.1,2392,40.7,20.9,157.1,33.5,NA,69.5,6.1,9.3,8.2,10.2,90.7,79.8,7.6,15.2,3.7,7.8,674.9,3.2,0,115.2,441.3,33.4,9.5,5.2,34.2,40.1,5,4.9,34.4,6.3,216.7,8.1,4.4,80.1,61.8,NA,25.1,6.4,NA,46.5,7.6,6.7,170.1,18.2,26.2,2809.2,2.6,NA,NA,5.4,7.4,12,5.7,154.5,2462.1,9.6,80.5,NA,109.1,NA,4091.3,NA,151.6,321928.5,113.6,NA,8649,NA,NA,NA,265.7,81.2,4086.3,667.3,143521,2443.4,1252.5,9428.8,2011.6,NA,4170.8,367.7,558.2,491.4,611.7,5443.3,4789.4,455.3,909.2,222.3,469.7,40491.3,189.5,0.1,6913.4,26476.6,2004.9,569.7,313.8,2050,2406.6,299.3,296.8,2064.2,379.7,13002.2,483.7,262.5,4805.3,3708.6,NA,1507.3,383.2,NA,2787.6,454.5,403.9,10206.6,1089.4,1573.7,168552.2,158.4,NA,NA,321.7,443.2,720.7,342.1,9272.6,147725.4,577.6,4831.9,NA,6546.9,NA,245480.7,NA,0.02,0,0.01,NA,1.02,NA,NA,NA,0.03,0.01,0.48,0.08,16.42,0.28,0.14,1.08,0.23,NA,0.47,0.04,0.06,0.05,0.07,0.62,0.56,0.05,0.1,0.03,0.05,4.46,0.02,0,0.77,2.93,0.22,0.06,0.03,0.23,0.27,0.03,0.03,0.23,0.04,1.43,0.05,0.03,0.52,0.4,NA,0.16,0.04,NA,0.3,0.05,0.04,1.09,0.12,0.17,18.03,0.02,NA,NA,0.03,0.05,0.08,0.04,0.99,15.8,0.06,0.51,NA,0.69,NA,25.24,NA,20985.39,"C:/Users/freya/OneDrive - Dalhousie University/Ch 1/Freya_Scallops/SCAL_Freya_10-25_2025-11-14.csv",210.7,229.6,12644.9,13776.2,1.35,1.47
"281","2025\09\03\SCAL_0517.DATA",3,5801.3,NA,NA,142.8,3.6,NA,NA,3.3,1,58.2,10.3,1902.6,30.1,19.5,171.1,26.2,NA,50.6,10,6.4,6.1,10.9,67.4,57.6,9.9,14.1,2.8,11.1,602.3,3,0,99.2,424,26.4,7.8,4.4,33.6,53.7,5.8,5.8,29.7,1.5,267,11.7,3,69,58.5,43.4,38.1,6.5,NA,44,8.8,8.1,125.2,19.5,38.4,2416.9,4.6,NA,NA,3.5,6.1,11.7,NA,140.5,2584,6.5,47.5,NA,92.7,NA,2708.3,NA,181.1,348079.4,NA,NA,8570.2,213.5,NA,NA,199.6,60.6,3489,616.5,114157.3,1803.3,1173,10264.4,1573.1,NA,3034.7,598.4,384.4,368.6,656.5,4044.2,3456.4,595.3,843.5,170.7,665.9,36138.2,178.3,0.3,5950.9,25439.6,1584.3,465.9,262.7,2014.5,3224.5,348.7,350.2,1779.8,90.7,16019,699.6,179.1,4140.9,3508.3,2605.8,2285.2,388.4,NA,2638.3,525.1,485.5,7511.7,1170.4,2301.7,145012.1,278.4,NA,NA,210.8,368,700,NA,8432.4,155041.1,387.7,2847.2,NA,5559.7,NA,162496.8,NA,0.02,0,NA,NA,1.19,0.03,NA,NA,0.03,0.01,0.48,0.08,15.33,0.24,0.16,1.39,0.21,NA,0.4,0.08,0.05,0.05,0.09,0.54,0.47,0.08,0.11,0.02,0.09,4.68,0.02,0,0.77,3.31,0.21,0.06,0.03,0.26,0.42,0.05,0.05,0.23,0.01,2.07,0.09,0.02,0.53,0.44,0.33,0.29,0.05,NA,0.33,0.07,0.06,0.94,0.15,0.29,18.21,0.03,NA,NA,0.03,0.05,0.09,NA,1.06,19.47,0.05,0.35,NA,0.68,NA,19.62,NA,19078.87,"C:/Users/freya/OneDrive - Dalhousie University/Ch 1/Freya_Scallops/SCAL_Freya_10-25_2025-11-14.csv",214.1,247.1,12845.3,14823,1.61,1.86
"282","2025\09\03\SCAL_0518.DATA",1,4176.1,1.5,NA,157.2,3.5,NA,NA,4.5,1.9,71.3,11,2332.9,37,22.1,181.3,33.8,NA,63.6,9.6,6.9,6.7,11.8,89.3,72.8,9.3,16.4,3.9,10.9,666.2,4.6,0,117.9,442.8,31.5,7.4,6,40.6,55.7,5.8,8.7,41.6,7.8,258.2,13,4.4,78.2,76.5,NA,98.2,5.4,9.1,54,11.2,10.4,146.7,23.3,40.9,2994.8,7.4,4.5,NA,4.7,6.4,12.3,5.6,169.9,2452.9,9.9,75.9,NA,118.7,NA,3696.1,NA,58.3,250568.6,92.9,NA,9433.2,212.4,NA,NA,267.7,115.7,4277.6,657.4,139974.4,2217,1325.2,10877,2026.4,NA,3817.2,577.9,411.9,404.7,706.2,5355.3,4366.5,559.4,982.9,232,655.1,39970.3,277.5,0,7071.2,26567.6,1890.3,445.9,357.9,2435.3,3339.8,347.1,520.6,2493.9,466.7,15492.6,780.5,266.9,4693.1,4592,NA,5891,322.7,545.5,3239,670.2,622.3,8802.2,1399,2456.6,179689.9,444.1,270.7,NA,282,386.6,736.9,335.8,10191.9,147171.7,591.7,4553.2,NA,7123.9,NA,221768.2,NA,0.01,0,0.01,NA,1.12,0.02,NA,NA,0.03,0.01,0.5,0.08,16.02,0.26,0.15,1.25,0.23,NA,0.43,0.07,0.05,0.04,0.08,0.61,0.51,0.06,0.11,0.03,0.08,4.41,0.03,0,0.78,2.95,0.21,0.05,0.04,0.27,0.37,0.04,0.06,0.28,0.05,1.71,0.09,0.03,0.51,0.5,NA,0.63,0.03,0.06,0.35,0.07,0.07,0.94,0.15,0.26,19.23,0.05,0.03,NA,0.03,0.04,0.08,0.04,1.09,15.75,0.06,0.48,NA,0.75,NA,22.82,NA,19773.83,"C:/Users/freya/OneDrive - Dalhousie University/Ch 1/Freya_Scallops/SCAL_Freya_10-25_2025-11-14.csv",210,237.4,12602.4,14244.2,1.35,1.52
"283","2025\09\03\SCAL_0519.DATA",0.7,4802.9,1.8,NA,142.4,3.7,NA,NA,4.1,1.4,74,23.8,2231.7,34.8,20.5,129.5,29.9,NA,56.6,5.6,9.2,6.6,9,85.9,68,5.8,13.1,3.3,7.1,703.3,NA,11.9,109.5,360,24.5,2.4,NA,37.6,35.1,4.8,8.2,40.5,5.9,262.8,10.5,4.3,74.9,59.2,45.2,33.6,6.7,NA,43.4,6.7,8.6,135.5,18.7,51.9,2494.8,5.6,NA,NA,4.5,9,13.2,4.4,135.2,2333,9.3,66.6,NA,126.9,NA,3533.2,NA,39.2,288176,106,NA,8542.8,222.1,NA,NA,246.8,86.7,4442.9,1425.9,133902.6,2086.7,1232.8,7770.4,1796,NA,3398.4,333.5,551.5,394.5,540.2,5151.1,4080.1,349.4,783.4,197.3,425.6,42200.5,NA,714.5,6570,21598.9,1468.8,142.1,NA,2254.6,2104.3,288.6,489,2427.6,354.9,15766.7,632.2,257.8,4495.6,3552.4,2713.4,2015.4,403.2,NA,2603.6,399.3,513,8131.7,1121.2,3115.5,149689.8,338.7,NA,NA,271.2,540.2,792,261.5,8112.1,139981.6,559.1,3994.7,NA,7611.2,NA,211994.5,NA,0,0,0.01,NA,1.1,0.03,NA,NA,0.03,0.01,0.57,0.18,16.65,0.26,0.15,0.97,0.22,NA,0.42,0.04,0.07,0.05,0.07,0.63,0.52,0.04,0.09,0.02,0.05,5.06,NA,0.09,0.79,2.6,0.18,0.02,NA,0.27,0.25,0.03,0.06,0.29,0.04,1.89,0.08,0.03,0.53,0.42,0.32,0.24,0.05,NA,0.3,0.05,0.06,0.95,0.13,0.36,17.4,0.04,NA,NA,0.03,0.06,0.09,0.03,0.94,16.27,0.06,0.46,NA,0.87,NA,23.69,NA,19177.01,"C:/Users/freya/OneDrive - Dalhousie University/Ch 1/Freya_Scallops/SCAL_Freya_10-25_2025-11-14.csv",194.6,205.6,11673.3,12333,1.36,1.43
"284","2025\09\03\SCAL_0520_1.DATA",1.8,5276.6,NA,NA,123.1,3.5,NA,NA,3.6,1.3,53.8,7.2,2020,27.2,15.3,148.4,25.5,NA,52.2,8.1,5.7,5.9,10.1,69.7,56.5,7.1,11.8,2.7,7.3,561.6,3.7,0,93.1,409.7,26.3,7.1,4.4,32.7,47.5,4.7,5.3,28.9,6.7,199.7,9.5,3.5,66.4,52.5,NA,71.6,5.1,NA,45.1,10.2,8.5,130.8,18,27.4,2561.6,4.8,NA,NA,4.5,5.7,10,4.2,148.1,2334.5,8.4,57.7,NA,86.1,NA,3063.4,NA,109,316596.4,NA,NA,7385.2,212,NA,NA,213.8,75.4,3228,434.8,121199.2,1630.7,918.4,8905.4,1529.6,NA,3129.2,486.7,344,355.8,605.8,4183,3389.9,427.3,709.1,164.7,437.4,33694.2,221.6,0.2,5584.5,24583.8,1575.5,427.1,266,1963.1,2851.4,282.9,315.6,1737,399.7,11984.5,570,209.1,3982.3,3149,NA,4295.9,305.9,NA,2705.5,613,512.7,7845.3,1078.3,1641.5,153693.3,289.9,NA,NA,267.6,344.1,597.2,249.3,8887.9,140069.7,503,3460.3,NA,5167.2,NA,183802,NA,0.01,0,NA,NA,1.02,0.03,NA,NA,0.03,0.01,0.44,0.06,16.23,0.22,0.12,1.2,0.21,NA,0.41,0.06,0.05,0.04,0.08,0.55,0.46,0.06,0.09,0.02,0.06,4.35,0.03,0,0.72,3.19,0.2,0.06,0.03,0.25,0.37,0.04,0.04,0.22,0.05,1.55,0.07,0.03,0.5,0.4,NA,0.54,0.04,NA,0.34,0.08,0.06,0.98,0.13,0.21,19.24,0.04,NA,NA,0.03,0.04,0.07,0.03,1.11,17.54,0.06,0.42,NA,0.63,NA,22.13,NA,18602.33,"C:/Users/freya/OneDrive - Dalhousie University/Ch 1/Freya_Scallops/SCAL_Freya_10-25_2025-11-14.csv",152,204.7,9118.1,12283,1.14,1.54
"285","2025\09\03\SCAL_0520_2.DATA",1.9,5297,NA,NA,123.7,3.5,NA,NA,3.7,1.5,54.9,7.8,2044,28,15.2,150,26,NA,53.2,6.4,5.6,5.6,10.2,70.5,57.9,7.8,12.1,2.7,7.8,572,3.6,0,94.9,417.2,26.5,7.2,4.6,33.4,49.1,4.9,5.7,27,1.2,204,9.9,3.7,68.2,54.7,NA,83.6,5.2,8.2,45.3,10.1,8.4,132.6,17.4,27.9,2622.7,5.2,NA,4.8,NA,6,10.2,5.6,151.5,2380,7.8,59.4,NA,88.1,NA,3133.6,NA,114.4,317817.1,NA,NA,7420.6,211.6,NA,NA,222.7,91.8,3295.1,469.5,122637.9,1677.5,911.2,9000.1,1558.1,NA,3194.7,382,338.2,333.3,610.4,4227.7,3472.6,467.8,726.8,163.1,470.1,34318.2,215.1,0.2,5694.3,25031.4,1587.4,434.4,277.7,2005.5,2945.2,294.3,342.3,1620.7,71.2,12240.4,592.4,220,4094,3279.2,NA,5014.1,312.8,490.1,2716,606.1,502.5,7958,1043.8,1674.8,157361.5,313.5,NA,288.4,NA,361.1,614.7,334.2,9091,142801.9,466,3562.2,NA,5289,NA,188013.4,NA,0.01,0,NA,NA,1.01,0.03,NA,NA,0.03,0.01,0.44,0.06,16.08,0.22,0.12,1.19,0.21,NA,0.41,0.05,0.04,0.04,0.08,0.55,0.46,0.06,0.09,0.02,0.06,4.34,0.03,0,0.72,3.18,0.2,0.05,0.04,0.25,0.37,0.04,0.04,0.2,0.01,1.55,0.07,0.03,0.51,0.41,NA,0.62,0.04,0.06,0.33,0.08,0.06,0.98,0.13,0.21,19.29,0.04,NA,0.04,NA,0.04,0.08,0.04,1.11,17.51,0.06,0.43,NA,0.64,NA,22.16,NA,18910.54,"C:/Users/freya/OneDrive - Dalhousie University/Ch 1/Freya_Scallops/SCAL_Freya_10-25_2025-11-14.csv",158,215.7,9478.1,12942.1,1.16,1.59
"286","2025\09\03\SCAL_0521.DATA",2.1,3462.4,NA,NA,114.9,NA,NA,NA,3,1,50.9,23.4,1637.9,24.5,15.2,121.8,21.9,NA,40.6,6.1,8.3,11.5,5.5,53.8,45.9,6.5,10.8,2.5,7.1,462,2.7,NA,92.1,334.2,13.5,NA,0.3,29.4,35.6,4,5.4,28.6,4.6,204.8,8.1,3.2,69.8,46.6,NA,37.8,5.6,NA,34.5,6.4,8,91.2,14.1,34.4,1961,5.3,NA,3.9,NA,6.2,12.2,NA,116.9,1782.2,5.9,40.5,NA,89.2,NA,2507.1,0.5,125.2,207742.2,NA,NA,6892.7,NA,NA,NA,178.9,57.1,3051.7,1402,98272.6,1472.8,912.6,7308.8,1311.2,NA,2435.5,363.9,500.8,689.3,327.8,3228.7,2751.5,387.3,645.5,152.2,425.8,27720.9,162.7,NA,5527.7,20051.4,808.5,NA,20.5,1761.6,2134.2,241.5,324.6,1713.9,274.7,12285.2,484,190.9,4185.8,2795.1,NA,2269.2,334,NA,2070.4,386.3,480.2,5471.6,845.9,2064.8,117660.8,316,NA,236.2,NA,373.1,730.9,NA,7015.4,106932.9,355.1,2432.8,NA,5353.2,NA,150425.2,27.6,0.02,0,NA,NA,1.18,NA,NA,NA,0.03,0.01,0.52,0.23,16.31,0.25,0.15,1.22,0.22,NA,0.4,0.06,0.08,0.11,0.05,0.53,0.46,0.06,0.1,0.03,0.07,4.43,0.03,NA,0.89,3.22,0.13,NA,0,0.28,0.34,0.04,0.05,0.27,0.04,1.97,0.08,0.03,0.66,0.44,NA,0.35,0.05,NA,0.32,0.06,0.08,0.85,0.13,0.32,18.26,0.05,NA,0.04,NA,0.06,0.11,NA,1.09,16.59,0.05,0.37,NA,0.81,NA,22.44,0,14213.18,"C:/Users/freya/OneDrive - Dalhousie University/Ch 1/Freya_Scallops/SCAL_Freya_10-25_2025-11-14.csv",134.6,182.4,8077.2,10945.3,1.25,1.7
"287","2025\09\03\SCAL_0528.DATA",6.3,4001.6,NA,NA,71.8,NA,NA,NA,2.5,NA,40.8,7.1,1225,19.9,12.8,74.7,14.1,NA,34.4,3.2,5.7,3.8,4.7,46.1,53.4,4.6,6.2,NA,5.8,472.5,NA,NA,70.8,276.9,8.7,2.5,NA,20.9,20.2,2.1,4,18.7,NA,119.7,7.3,NA,54.4,43.3,NA,26,8.2,NA,26,3.1,5.2,113.5,9.9,25.9,1325.3,3.3,NA,NA,2.8,8,9.1,2.6,73.2,1.8,4.7,35.1,NA,66.9,NA,2244.2,NA,377.4,240094.7,NA,NA,4308.2,NA,NA,NA,147.1,NA,2447,426.3,73502.7,1191.8,768.2,4480.4,845.2,NA,2063.8,189.4,340.6,229.4,281.5,2768.4,3204.5,276.4,372.1,NA,348.7,28349.8,NA,NA,4250.9,16615,519.7,149,NA,1251.8,1211.3,127.5,242.2,1121.6,NA,7182.2,436.8,NA,3261.7,2597,NA,1562.3,490.4,NA,1557.5,185,310.2,6810.8,593.9,1556.7,79519.4,195.1,NA,NA,168.9,480.1,548.9,154.5,4392.8,110.7,284.2,2105.9,NA,4014.8,NA,134653.5,NA,0.09,0,NA,NA,1.11,NA,NA,NA,0.04,NA,0.63,0.11,18.33,0.3,0.19,1.12,0.21,NA,0.51,0.05,0.08,0.05,0.07,0.68,0.81,0.07,0.09,NA,0.09,6.81,NA,NA,1.03,4.01,0.13,0.04,NA,0.3,0.29,0.03,0.06,0.27,NA,1.73,0.1,NA,0.77,0.61,NA,0.37,0.11,NA,0.36,0.04,0.07,1.59,0.14,0.36,18.54,0.05,NA,NA,0.04,0.11,0.13,0.04,1.02,0.03,0.06,0.48,NA,0.92,NA,30.18,NA,12929.89,"C:/Users/freya/OneDrive - Dalhousie University/Ch 1/Freya_Scallops/SCAL_Freya_10-25_2025-11-14.csv",138.5,187,8311.6,11219.6,1.94,2.62
"288","2025\09\03\SCAL_0529.DATA",6.3,3425.2,1.4,0.7,148.7,2.1,NA,NA,3.8,1.9,60.7,6.6,1694.6,34.4,19.7,162.5,28,NA,53.1,6.3,5.3,7.6,10.1,71.6,58.9,7.5,17,4,6.9,417,NA,11.8,118.3,333.9,25.1,7.6,4.7,36.8,36.6,5.5,4.1,39.4,5.7,228.2,6.2,4.6,57.8,59.3,NA,64.3,3.8,NA,41.2,6.5,7.2,117.3,18.9,26.6,2069.3,3.6,NA,NA,3.6,5.4,9.3,NA,110.7,2323.8,8.2,65.5,NA,76.2,NA,2723.6,NA,375,205512.4,82.7,40.3,8920.6,124.2,NA,NA,230.8,111.3,3639.4,394.3,101674.5,2063.2,1181,9748.2,1680.5,NA,3187,379.5,315.8,458.8,608.3,4294.9,3536.2,447.8,1021.4,237.8,411.4,25017.2,NA,708.3,7096.8,20031.8,1505.1,454,281,2205.3,2196.1,331.3,243.3,2366.5,339.8,13694.3,369.4,273.1,3470.7,3560.4,NA,3855.2,228.4,NA,2474.6,389.6,434.6,7040.5,1135,1597.4,124158,216.4,NA,NA,214.5,321.6,557.6,NA,6644.2,139428.8,492.3,3928.3,NA,4572.5,NA,163413.9,NA,0.05,0,0.01,0.01,1.38,0.02,NA,NA,0.04,0.02,0.56,0.06,15.21,0.31,0.18,1.47,0.25,NA,0.47,0.06,0.05,0.06,0.09,0.64,0.54,0.07,0.14,0.04,0.06,3.61,NA,0.1,1.03,2.9,0.22,0.07,0.04,0.32,0.32,0.05,0.04,0.34,0.05,1.97,0.05,0.04,0.49,0.5,NA,0.54,0.03,NA,0.35,0.06,0.06,0.98,0.16,0.22,17.37,0.03,NA,NA,0.03,0.04,0.08,NA,0.93,19.5,0.07,0.54,NA,0.63,NA,21.98,NA,15369.91,"C:/Users/freya/OneDrive - Dalhousie University/Ch 1/Freya_Scallops/SCAL_Freya_10-25_2025-11-14.csv",134.9,162.4,8092,9741,1.13,1.36
"289","2025\09\03\SCAL_0530.DATA",10.7,3924.3,2.1,NA,191.2,3.8,NA,NA,4.3,1.3,79.7,28.4,2706.5,39.4,28.9,205,36.6,NA,64.7,10,12.1,7,14.7,81.3,62.5,9.5,18.1,6.2,10.3,778.8,2.5,0,228.7,541.1,38.4,7.7,5.6,70.2,62.9,7.5,11,57,1.3,383.3,16.6,4.8,92.6,83.2,NA,31.4,8.1,NA,57.5,11.1,11.8,138.2,25.2,63.2,3378.7,8.1,4.1,6.3,NA,9.3,17.4,5.8,196.6,3252.9,9.2,58.4,3.5,126.3,NA,3849.1,NA,639.2,235459,123.2,NA,11471.5,228.3,NA,NA,257.4,77,4779.3,1702.8,162392.5,2364.9,1732.4,12302.3,2194.3,NA,3879.8,602.7,725.5,418.5,883.4,4879.4,3747,571.3,1083.6,373.7,618,46729.7,151.7,0.1,13723.8,32465.8,2306.3,460.9,333.3,4212.3,3772.3,451.2,658.4,3420.9,80.3,23000.7,998.1,289.2,5554.6,4990.4,NA,1882,483.4,NA,3447.2,664.3,708.4,8291,1511.6,3792.3,202720.2,486.1,247.5,377,NA,556.7,1045.2,347.2,11797.7,195173.9,551.3,3505.1,211.6,7577.2,NA,230944.2,NA,0.06,0,0.01,NA,1.18,0.02,NA,NA,0.03,0.01,0.49,0.17,16.1,0.24,0.17,1.23,0.22,NA,0.38,0.06,0.07,0.04,0.09,0.48,0.38,0.06,0.1,0.04,0.06,4.47,0.01,0,1.32,3.12,0.22,0.04,0.03,0.4,0.36,0.04,0.06,0.33,0.01,2.2,0.1,0.03,0.52,0.47,NA,0.18,0.05,NA,0.32,0.06,0.07,0.77,0.14,0.35,18.8,0.05,0.02,0.03,NA,0.05,0.1,0.03,1.09,18.1,0.05,0.32,0.02,0.69,NA,20.59,NA,21897.05,"C:/Users/freya/OneDrive - Dalhousie University/Ch 1/Freya_Scallops/SCAL_Freya_10-25_2025-11-14.csv",229.3,262.3,13756.5,15735.7,1.28,1.46
"290","2025\09\03\SCAL_0531.DATA",7.1,4077.3,1.3,NA,141.4,3.3,NA,NA,3.7,1.3,60.4,29.1,1824.9,29.7,17.8,149,26.3,NA,48.5,7.5,5.1,6.4,8.7,70.1,51.1,7.5,14.3,2.9,7.7,483.1,NA,0,103.7,390.8,24.6,6.6,4.6,35.7,42.7,5.1,5.8,37.3,5.7,248.4,9.3,3.4,56.7,52.8,NA,60.9,4.4,NA,40.2,7.9,6.8,102.8,18.3,30.2,2270.4,3.6,NA,NA,3.4,5.4,10.4,3.3,129.3,1823.6,7.2,57.6,NA,89.1,NA,2792.5,NA,428.1,244639.2,75.8,NA,8486.7,196.6,NA,NA,222.2,76.7,3621,1747.8,109493.2,1784.7,1068,8939,1576.7,NA,2908.4,452.2,303.7,384.7,523.6,4208.9,3065.4,451.5,855.7,176.2,463.2,28984.1,NA,0,6219.3,23450.7,1476.8,395.3,273.9,2142,2561.8,306.2,346.2,2240.2,345,14903.2,560.8,203.5,3402.2,3168,NA,3654.2,265,NA,2414.6,474,409.3,6165.4,1100.5,1811.7,136221.4,216.8,NA,NA,204.6,323.8,626.7,195.5,7757,109418.5,429.1,3454.3,NA,5343.3,NA,167551.9,NA,0.06,0,0.01,NA,1.31,0.03,NA,NA,0.03,0.01,0.56,0.26,16.35,0.27,0.16,1.34,0.24,NA,0.43,0.07,0.04,0.05,0.08,0.62,0.47,0.07,0.12,0.03,0.07,4.17,NA,0,0.9,3.39,0.21,0.06,0.04,0.31,0.37,0.04,0.05,0.32,0.05,2.14,0.08,0.03,0.48,0.45,NA,0.51,0.04,NA,0.34,0.07,0.06,0.86,0.15,0.25,19.01,0.03,NA,NA,0.03,0.05,0.09,0.03,1.08,15.27,0.06,0.47,NA,0.73,NA,22.49,NA,16022.15,"C:/Users/freya/OneDrive - Dalhousie University/Ch 1/Freya_Scallops/SCAL_Freya_10-25_2025-11-14.csv",141.5,170.9,8489.2,10255.6,1.18,1.43
"291","2025\09\03\SCAL_0532.DATA",4.3,4575.9,NA,NA,83.3,2.8,NA,NA,2.4,NA,47.2,18.8,1506.1,22.9,12.7,89,19.2,NA,37.2,3.5,8.9,4.7,5.5,51.7,44.3,4.3,9,2.2,4.3,458,NA,NA,317.7,298.2,18.5,2.1,NA,93.5,25.4,3.3,NA,51.7,3.6,142,2.9,4.6,45.9,44.4,NA,26.7,5.5,NA,30,4.5,4.9,91.5,11.3,24.9,1725.4,4.8,1.5,3.4,NA,5.2,7.7,NA,102.3,2052.7,4.9,36.9,NA,79.4,NA,2492.5,NA,256.8,274554.3,NA,NA,4996.4,165.4,NA,NA,142.2,NA,2830,1130.9,90363.3,1375.5,762.4,5341.4,1154.7,NA,2233.7,208.8,531.9,284.5,329.5,3100.8,2658.9,256.2,542.3,133.4,260.7,27480.3,NA,NA,19064.9,17892.7,1107.3,124.3,NA,5610.8,1524.4,197.6,NA,3100.6,217.2,8517.6,173.4,276.1,2755,2665,NA,1604.8,329.2,NA,1801.8,272.8,292.3,5492.9,678,1494.8,103521.3,289.6,89.1,201.3,NA,311.4,461,NA,6138.2,123163.1,295.3,2215,NA,4765.1,NA,149547.2,NA,0.04,0,NA,NA,0.87,0.03,NA,NA,0.02,NA,0.49,0.19,15.24,0.23,0.13,0.91,0.2,NA,0.37,0.04,0.09,0.04,0.06,0.52,0.46,0.04,0.09,0.02,0.04,4.47,NA,NA,3.11,2.92,0.18,0.02,NA,0.91,0.25,0.03,NA,0.5,0.04,1.38,0.03,0.04,0.44,0.42,NA,0.25,0.05,NA,0.29,0.04,0.05,0.87,0.11,0.24,16.32,0.05,0.01,0.03,NA,0.05,0.07,NA,0.97,19.42,0.05,0.34,NA,0.74,NA,22.67,NA,15126.83,"C:/Users/freya/OneDrive - Dalhousie University/Ch 1/Freya_Scallops/SCAL_Freya_10-25_2025-11-14.csv",121.1,147.2,7268.4,8832.7,1.15,1.39
"292","2025\09\03\SCAL_0533.DATA",5.1,3731.3,1.1,NA,106.2,2.8,NA,NA,3.3,1.1,50.9,22.2,1684.5,24,14.7,113,23.2,NA,42.6,5.2,8.3,4.8,7.1,55.7,56.9,5.1,9.8,2.8,5.6,465.5,2.1,0,79.3,323.6,14.2,6.3,3.7,27.6,30,3.5,NA,23.1,NA,144.6,3.6,NA,48.6,44.5,NA,30.3,4.9,NA,30.9,4.8,5.6,113.8,9.3,19.6,1885.2,1.8,NA,4.2,NA,5.2,9.7,2.7,105.4,2446.1,6.4,49.7,NA,76.7,NA,2832.6,NA,305.9,223880.8,67.3,NA,6369.5,168.8,NA,NA,197.3,66.4,3052.6,1331.3,101069,1437.8,881.3,6779.5,1394,NA,2556.9,309.3,498.6,288,424.6,3344.2,3414.2,306.6,585.2,169.5,335.7,27929.9,128.6,0.2,4759.4,19416.3,853.5,375.3,221.7,1653.4,1800.1,211.3,NA,1386.5,NA,8674.3,218.8,NA,2918.7,2668.5,NA,1816.6,294.2,NA,1856.7,286.2,333.1,6830.5,556.2,1175.3,113112.7,105.5,NA,253.9,NA,311.1,580.3,161.1,6325.8,146766.6,384.4,2981.5,NA,4600,NA,169955.2,NA,0.04,0,0.01,NA,1.02,0.02,NA,NA,0.03,0.01,0.48,0.21,15.62,0.22,0.14,1.05,0.22,NA,0.39,0.05,0.08,0.04,0.07,0.51,0.54,0.05,0.08,0.03,0.05,4.16,0.02,0,0.71,2.91,0.13,0.06,0.03,0.25,0.27,0.03,NA,0.21,NA,1.29,0.03,NA,0.43,0.39,NA,0.26,0.04,NA,0.27,0.04,0.05,0.99,0.08,0.17,16.35,0.02,NA,0.04,NA,0.04,0.08,0.02,0.91,21.21,0.05,0.42,NA,0.65,NA,23.62,NA,15280.07,"C:/Users/freya/OneDrive - Dalhousie University/Ch 1/Freya_Scallops/SCAL_Freya_10-25_2025-11-14.csv",136.8,184.5,8208,11068.4,1.19,1.6
"293","2025\09\03\SCAL_0553.DATA",8.3,3489.5,1.4,NA,137.2,3.6,NA,NA,4.2,1.2,61.7,24.2,2055.1,28.7,22.8,176.4,26.5,NA,47,7.4,11.7,5.2,9.6,61.4,52.4,9.2,13.8,3.1,10.6,581.6,1.5,0,127,439.3,19.6,6.8,4.9,38.7,44.3,5.3,7.3,30.9,0.4,306.8,13.1,4.5,77.4,68,NA,99.8,6.6,NA,48.1,7.9,6.5,101.6,21.2,36.4,2359.1,5.7,NA,2.7,NA,6.3,12.9,4.1,134.6,3170.6,11.6,44.4,NA,98.6,NA,3052.7,5.5,495.8,209368.5,82.8,NA,8230,216.8,NA,NA,251.9,69.3,3704.6,1449.5,123305.2,1723,1368.1,10583.7,1592.9,NA,2819.2,444.6,700.6,310.9,575.9,3681.9,3145.2,554.9,830.3,184.6,633.3,34896.5,90.8,0.2,7617.7,26359.3,1174.6,410.4,295.2,2319.4,2656.3,315.7,435.5,1856.3,24.5,18407.2,787.8,270.8,4642.3,4080.2,NA,5985.2,397,NA,2886.6,476.4,388.5,6093.5,1270.1,2184.9,141543.5,344,NA,159.1,NA,379.9,776,248.7,8077.6,190234.8,696,2661.7,NA,5916.6,NA,183161.8,329.9,0.06,0,0.01,NA,1.06,0.03,NA,NA,0.03,0.01,0.47,0.18,15.37,0.22,0.17,1.33,0.2,NA,0.35,0.06,0.09,0.04,0.07,0.45,0.4,0.07,0.1,0.02,0.08,4.19,0.01,0,0.92,3.18,0.14,0.05,0.04,0.28,0.32,0.04,0.05,0.22,0,2.21,0.09,0.03,0.55,0.48,NA,0.7,0.05,NA,0.34,0.06,0.05,0.71,0.15,0.25,16.5,0.04,NA,0.02,NA,0.04,0.09,0.03,0.94,22.18,0.08,0.3,NA,0.68,NA,20.53,0.04,17811.27,"C:/Users/freya/OneDrive - Dalhousie University/Ch 1/Freya_Scallops/SCAL_Freya_10-25_2025-11-14.csv",171.7,194.2,10304.4,11651.4,1.2,1.36
"294","2025\09\03\SCAL_0554.DATA",0.8,3571.8,1.3,NA,109.5,3,NA,NA,2.8,NA,47.1,18,1751.1,23.2,17.6,149.1,22.1,NA,40.4,8.8,7.4,4.3,9.7,47.5,41.1,9.9,10.3,2.2,10.1,483.2,0.8,0,95.2,335.5,20.2,2,NA,33,42,4.9,5.9,28.5,7,302.2,13.7,3.7,52,47.5,NA,36.3,4.2,NA,39.2,7.2,6.1,73.4,15.8,35.3,1969.5,7.5,NA,3.6,NA,5.2,9.6,NA,128.9,2295.7,4.2,32.2,NA,89.1,NA,2379.1,1.8,46.1,214306,79.5,NA,6568.7,180.4,NA,NA,169.7,NA,2826.1,1077.7,105065,1392.1,1055.6,8948.4,1328.6,NA,2421.5,530.9,441.1,258.1,580.8,2848.9,2468.8,595.4,615.1,132.3,608.7,28994,48.9,0,5713.2,20129.2,1213.3,121.8,NA,1978.6,2520.1,291.9,355.3,1709.3,421.2,18134.2,824.8,221.7,3121.3,2850.2,NA,2175.8,251,NA,2351.9,431.9,364.8,4402.3,945.5,2118.1,118172.5,449,NA,218,NA,309.1,575.4,NA,7737,137743.3,254.9,1931.9,NA,5343.6,NA,142744,105.9,0.01,0,0.01,NA,1.06,0.03,NA,NA,0.03,NA,0.45,0.17,16.39,0.22,0.17,1.4,0.21,NA,0.37,0.08,0.07,0.04,0.09,0.44,0.39,0.09,0.09,0.02,0.1,4.36,0.01,0,0.86,3.04,0.18,0.02,NA,0.3,0.38,0.04,0.05,0.26,0.06,2.73,0.12,0.03,0.46,0.42,NA,0.32,0.04,NA,0.34,0.06,0.05,0.64,0.14,0.31,17.24,0.07,NA,0.03,NA,0.05,0.08,NA,1.13,20.1,0.04,0.28,NA,0.76,NA,20.02,0.01,15016.67,"C:/Users/freya/OneDrive - Dalhousie University/Ch 1/Freya_Scallops/SCAL_Freya_10-25_2025-11-14.csv",152.9,192.7,9175.7,11559.8,1.34,1.69
"295","2025\09\03\SCAL_0555_1.DATA",1.8,3832.5,2.1,NA,149,3.7,NA,NA,3.3,1,54.8,9.8,2035,25.3,17.5,200.1,24.7,NA,3.2,10.2,8,4.8,11.9,60.3,46.9,11.9,13.3,2.8,13.1,557.1,NA,12.7,148.6,422.1,26.8,6.5,4.9,46.1,52.4,6.1,8.5,36.4,2.7,373.1,16.2,4.6,77.7,64.4,NA,92.2,6.4,NA,46.9,10,8.2,93.1,18,42.1,2394.1,7.2,NA,NA,3.8,7.2,13.9,4.5,150.7,2141,7.7,48.5,NA,104.6,NA,2704.3,NA,105,229949.3,128.2,NA,8938.7,221.5,NA,NA,197.6,62.1,3285.9,586.5,122101.4,1517,1047.4,12003.8,1484.3,NA,193.8,614.5,482.6,287.1,711,3620.8,2811.4,714.6,795.3,170.2,788.1,33424.5,NA,759.3,8915.1,25327.9,1607.7,389.6,295.8,2768.7,3141.3,364.1,512.1,2182.8,164.8,22386.4,972.8,278,4660.1,3861.3,NA,5529.1,381.1,NA,2812.7,597.9,490.3,5588.6,1081.4,2528.2,143646.1,430.3,NA,NA,229.9,433.1,831.2,268.5,9044.5,128457.2,460.1,2911.3,NA,6277.4,NA,162255.8,NA,0.01,0,0.02,NA,1.26,0.03,NA,NA,0.03,0.01,0.46,0.08,16.7,0.21,0.14,1.65,0.2,NA,0.03,0.08,0.07,0.04,0.1,0.49,0.39,0.1,0.1,0.02,0.11,4.41,NA,0.1,1.18,3.36,0.21,0.05,0.04,0.37,0.41,0.05,0.07,0.29,0.02,2.95,0.13,0.04,0.6,0.5,NA,0.71,0.05,NA,0.36,0.08,0.06,0.71,0.14,0.32,18.37,0.06,NA,NA,0.03,0.06,0.11,0.03,1.16,16.43,0.06,0.37,NA,0.79,NA,19.96,NA,16906.84,"C:/Users/freya/OneDrive - Dalhousie University/Ch 1/Freya_Scallops/SCAL_Freya_10-25_2025-11-14.csv",184.1,212.9,11047.3,12773.7,1.41,1.63
"296","2025\09\03\SCAL_0555_2.DATA",1.6,3865.1,1.6,NA,150.7,3.8,NA,NA,3.5,1.1,55.6,21.7,2071.5,28.2,21.2,208.4,27.6,4.4,49.7,9.6,7.6,5.4,13,61.2,47.5,12.1,14.4,2.8,13.2,566.1,NA,13.6,151.2,429.4,27.9,7,5,47.1,53.2,6.3,9,39.8,7.3,378.7,16.5,4.3,78.4,63.9,NA,75,5.6,NA,47.9,9.7,8.2,94.2,18.6,42.6,2427.1,7.3,NA,3.6,NA,7.2,14.1,3.8,151.8,2172.2,7.5,49.1,2.7,105.8,NA,2738.9,NA,98.2,231905.1,96.6,NA,9041.3,229.2,NA,NA,209,63.2,3336.7,1300.8,124287.9,1692.1,1272.6,12502,1655.8,262.4,2983.9,576.2,458.5,321.9,779.2,3671.9,2850.7,724.2,865.9,169.8,792.8,33967.8,NA,813.1,9073.2,25766.6,1671.6,418.1,301,2825.1,3192.8,377.4,539.4,2390.6,435.9,22721.4,987.7,256.1,4704.9,3836.5,NA,4501.2,334.5,NA,2873.4,584.7,492.8,5654.8,1117.9,2553.1,145625.9,436.1,NA,214.3,NA,431.9,847.9,229.4,9109.7,130333.7,447.8,2946.1,159.1,6349.7,NA,164334.6,NA,0.01,0,0.01,NA,1.25,0.03,NA,NA,0.03,0.01,0.46,0.17,16.67,0.23,0.17,1.69,0.22,0.03,0.4,0.08,0.06,0.04,0.1,0.49,0.39,0.1,0.11,0.02,0.11,4.39,NA,0.11,1.18,3.35,0.22,0.05,0.04,0.37,0.41,0.05,0.07,0.31,0.06,2.94,0.13,0.03,0.6,0.49,NA,0.57,0.04,NA,0.36,0.07,0.06,0.71,0.14,0.32,18.26,0.05,NA,0.03,NA,0.05,0.11,0.03,1.14,16.34,0.06,0.36,0.02,0.78,NA,19.82,NA,17139.19,"C:/Users/freya/OneDrive - Dalhousie University/Ch 1/Freya_Scallops/SCAL_Freya_10-25_2025-11-14.csv",185.6,214.6,11133.8,12875.3,1.4,1.61
"297","2025\09\03\SCAL_0556.DATA",7.9,3085.6,NA,NA,143.6,5.2,NA,NA,3.7,1.3,56.2,10.6,1915.6,28.9,18.4,187.9,26.8,NA,56,7.8,5.2,5.4,14.2,61.3,50.1,10.1,11.1,3.1,9.3,571.6,NA,1.4,96.6,369.4,24.3,3.2,NA,41.1,49.4,5.9,4.6,30.7,7.2,280.7,9.6,3.9,72.4,57.3,NA,47.2,7.9,NA,47,8.9,9.2,133.4,14.5,31.2,2474,5.4,NA,4.7,NA,6.4,9.6,4.8,158.7,3479.3,7.5,49.9,NA,111.9,NA,2780.9,NA,474.6,185134.6,NA,NA,8616,311.4,NA,NA,220.8,79.9,3374,634.7,114935.5,1731.8,1103.8,11276.2,1608.3,NA,3360.1,466.3,314.1,322,849.6,3678,3005.8,604.3,665.2,187.2,559.9,34296.4,NA,85.5,5793.8,22161.3,1459.5,192.5,NA,2467.3,2965.4,353.5,276.2,1840.3,431.7,16840.7,578.6,232.3,4345,3438.8,NA,2831.1,471.4,NA,2817.6,532.3,551.4,8002.2,868.5,1871.1,148439.6,325.6,NA,280.5,NA,384.1,575,285.4,9520.7,208757.5,449.2,2994.1,NA,6713.9,NA,166851.2,NA,0.06,0,NA,NA,1.12,0.04,NA,NA,0.03,0.01,0.44,0.08,14.44,0.22,0.14,1.42,0.2,NA,0.42,0.06,0.04,0.04,0.11,0.46,0.38,0.08,0.08,0.02,0.07,4.15,NA,0.01,0.71,2.7,0.18,0.02,NA,0.3,0.36,0.04,0.03,0.22,0.05,2.04,0.07,0.03,0.52,0.41,NA,0.33,0.06,NA,0.33,0.06,0.07,0.94,0.1,0.22,17.43,0.04,NA,0.03,NA,0.05,0.07,0.03,1.12,24.52,0.05,0.34,NA,0.77,NA,18.84,NA,17349.43,"C:/Users/freya/OneDrive - Dalhousie University/Ch 1/Freya_Scallops/SCAL_Freya_10-25_2025-11-14.csv",174.4,227.2,10463.1,13630.3,1.23,1.6
"298","2025\09\03\SCAL_0557.DATA",5.9,1263.6,NA,NA,75.4,NA,NA,NA,1.9,NA,30,6.4,1019.7,16.4,10.8,102.4,14.5,NA,30.6,5.6,NA,8.6,4.6,35.1,29.7,4.8,6.8,NA,5,273.5,NA,0,62.1,204.5,12.6,1.6,NA,20.6,24.8,3.2,NA,17.3,NA,171.5,3.7,NA,36.4,31.5,NA,16.3,NA,NA,23.6,4,3.2,53.7,9.1,15.4,1196.4,3.2,NA,NA,NA,NA,5.8,NA,78.1,1338.9,2.9,24.8,NA,45.5,NA,1335.3,NA,356.5,75817,NA,NA,4522.1,NA,NA,NA,113.4,NA,1801.4,386.2,61184,982.2,650,6142.6,870.9,NA,1838.8,334.5,NA,513.1,277.1,2107.7,1782.2,290.2,409.1,NA,297.3,16411.7,NA,0.2,3727.2,12271.6,757.8,93.8,NA,1236.7,1486.4,192.5,NA,1037.7,NA,10287.8,221.2,NA,2183,1889.1,NA,978.3,NA,NA,1413.3,240.2,193.1,3222.7,544,922.7,71783.2,194.6,NA,NA,NA,NA,347.4,NA,4688.8,80333.3,173.8,1485.9,NA,2731.3,NA,80120.6,NA,0.09,0,NA,NA,1.24,NA,NA,NA,0.03,NA,0.49,0.1,16.21,0.26,0.17,1.64,0.23,NA,0.48,0.09,NA,0.13,0.07,0.55,0.48,0.08,0.1,NA,0.08,4.19,NA,0,0.96,3.15,0.19,0.02,NA,0.32,0.38,0.05,NA,0.26,NA,2.63,0.06,NA,0.55,0.47,NA,0.24,NA,NA,0.35,0.06,0.05,0.8,0.13,0.23,17.78,0.05,NA,NA,NA,NA,0.09,NA,1.16,19.9,0.04,0.36,NA,0.66,NA,19.08,NA,7977.25,"C:/Users/freya/OneDrive - Dalhousie University/Ch 1/Freya_Scallops/SCAL_Freya_10-25_2025-11-14.csv",102.5,117.2,6147.9,7030.2,1.52,1.74
"299","2025\09\03\SCAL_0558.DATA",9.9,3345.3,1,NA,87.9,2.6,NA,NA,2.4,NA,38.5,14.6,1308.9,19.6,12.1,99.6,18.7,NA,37.4,5.3,4,3.6,6.7,40.2,40.4,5.4,6.6,NA,6.3,344.7,NA,0,61.4,239.4,18.1,2.2,NA,22.3,29.3,3.4,NA,18.1,NA,156.9,4.5,3.3,47.4,40.6,NA,28.4,4.7,NA,30,4.7,4.3,83.8,10,17.8,1499.7,2.7,NA,NA,3.5,4.9,7.8,NA,86.2,2138.3,4.6,31.7,NA,61.2,NA,1963.2,NA,595.7,200716.4,59.9,NA,5276.2,155.9,NA,NA,144.4,NA,2312.1,873.9,78532.5,1173.4,727.5,5973,1121.9,NA,2243.1,316.8,239.8,213,402.2,2414.5,2424.5,322.5,395.1,NA,375.6,20679.4,NA,0.4,3686.2,14363.1,1083.8,134.7,NA,1335.6,1757.4,202.8,NA,1088.3,NA,9416.1,271.3,196.3,2845.7,2437.4,NA,1702.2,281.3,NA,1798.9,279.7,258,5029.1,601.4,1066.7,89981.9,163.6,NA,NA,211.6,295.3,470.6,NA,5173.3,128299.7,274,1903.7,NA,3671.8,NA,117792.1,NA,0.11,0,0.01,NA,1.07,0.03,NA,NA,0.03,NA,0.47,0.17,15.38,0.23,0.14,1.18,0.22,NA,0.43,0.06,0.05,0.04,0.08,0.47,0.48,0.06,0.07,NA,0.07,3.9,NA,0,0.7,2.73,0.21,0.03,NA,0.25,0.33,0.04,NA,0.21,NA,1.78,0.05,0.04,0.53,0.45,NA,0.31,0.05,NA,0.33,0.05,0.05,0.92,0.11,0.2,16.48,0.03,NA,NA,0.04,0.05,0.09,NA,0.95,23.49,0.05,0.34,NA,0.66,NA,20.74,NA,12455.64,"C:/Users/freya/OneDrive - Dalhousie University/Ch 1/Freya_Scallops/SCAL_Freya_10-25_2025-11-14.csv",115.8,155,6948.2,9298.6,1.27,1.7
"300","2025\09\03\SCAL_0559.DATA",0.7,3128,1.2,NA,106.2,3.3,NA,NA,3,0.8,43.3,9.1,1634.3,22.4,17.5,175.5,23.5,NA,42.1,9.1,7,5.4,12.4,48.9,41.9,15,13.1,3.1,13.8,534.5,1.5,0,112.9,379.3,25.3,5.7,5,36.5,49,5.1,8.8,35,8.8,371.1,17.6,3.2,63.3,52.4,NA,68.1,5.2,NA,42,8.6,7.1,87.2,16.9,39.9,2146.8,10.1,NA,NA,4,6.4,11.7,4.6,132.4,2019.3,6.2,34.4,NA,78.3,NA,2305.8,NA,44.9,187681.5,72.7,NA,6373.2,200.2,NA,NA,177.2,48.2,2598.5,546.9,98059.6,1342.1,1050,10528.2,1412.3,NA,2524.6,546.1,422.8,325.8,742.3,2933,2512.9,901.9,786.7,187.2,826,32068.3,87.2,0,6772.2,22759.4,1519.4,341.7,301.4,2191.6,2941.2,303.3,529.6,2101.7,528.6,22264.2,1055.4,194,3798.7,3141,NA,4087.3,313.1,NA,2522,517.3,426.7,5233.2,1012.7,2394.1,128810.1,603.2,NA,NA,241,382.5,703.7,273.1,7945.9,121155.2,374.9,2064.2,NA,4695.3,NA,138348.3,NA,0.01,0,0.01,NA,1.02,0.03,NA,NA,0.03,0.01,0.41,0.08,15.24,0.21,0.16,1.64,0.22,NA,0.39,0.08,0.06,0.05,0.11,0.45,0.4,0.14,0.11,0.03,0.13,4.8,0.01,0,1.02,3.43,0.23,0.05,0.05,0.33,0.44,0.05,0.08,0.31,0.08,3.33,0.16,0.03,0.56,0.46,NA,0.6,0.05,NA,0.37,0.08,0.06,0.76,0.15,0.35,18.71,0.09,NA,NA,0.04,0.06,0.1,0.04,1.15,17.6,0.05,0.29,NA,0.67,NA,19.32,NA,14586.86,"C:/Users/freya/OneDrive - Dalhousie University/Ch 1/Freya_Scallops/SCAL_Freya_10-25_2025-11-14.csv",146.2,200,8769.5,12000.9,1.27,1.74
"301","2025\09\03\SCAL_0560.DATA",1.6,1208.3,NA,NA,60.2,1.9,NA,NA,1.6,NA,25.7,10.9,959.5,12.9,10.1,87.3,13.2,NA,22.3,4.9,NA,3.2,6.5,28.4,20.8,6.8,5.1,NA,6.8,317.6,2.6,0,55.2,204.6,9.1,NA,NA,20.2,26.4,2.7,4.9,16.9,4.2,172,9.9,NA,32.9,26.7,NA,21,2.9,NA,23.8,4.5,3.8,56.2,9.4,23.4,1258.4,5.4,NA,NA,NA,2.5,5.2,NA,77.7,1250.5,2.4,21.1,NA,41.1,NA,1314.4,NA,95.8,72496.6,NA,NA,3612.9,111.9,NA,NA,95.6,NA,1540.6,651.5,57572.6,771.4,603.4,5240,791.1,NA,1338.8,291.1,NA,191.8,392,1705.9,1249.5,405.4,306.3,NA,409.1,19055.3,154.9,0.2,3311.6,12275.4,543.9,NA,NA,1212,1586.2,161.1,296.5,1013.4,249.8,10321.7,593.5,NA,1973.3,1601.9,NA,1259.2,174.3,NA,1426.2,270.6,226.2,3371.8,565.2,1402.9,75504.8,326.3,NA,NA,NA,151.9,309.4,NA,4664,75028.7,146.9,1267.9,NA,2468.6,NA,78865.9,NA,0.02,0,NA,NA,1.01,0.03,NA,NA,0.03,NA,0.43,0.18,15.59,0.21,0.16,1.43,0.22,NA,0.36,0.08,NA,0.05,0.11,0.46,0.34,0.11,0.08,NA,0.11,4.97,0.04,0,0.87,3.22,0.14,NA,NA,0.32,0.41,0.04,0.08,0.26,0.07,2.69,0.15,NA,0.5,0.41,NA,0.32,0.04,NA,0.36,0.07,0.06,0.85,0.14,0.36,19.12,0.08,NA,NA,NA,0.04,0.08,NA,1.18,19,0.04,0.31,NA,0.61,NA,19.2,NA,7783.39,"C:/Users/freya/OneDrive - Dalhousie University/Ch 1/Freya_Scallops/SCAL_Freya_10-25_2025-11-14.csv",84.4,109.1,5065.1,6546.7,1.28,1.66
"302","2025\09\03\SCAL_0561.DATA",3.9,2245.1,NA,NA,105.4,2.4,NA,NA,3.2,1.2,43.2,22.2,1500.8,21.9,13.1,123.8,23.5,NA,43.8,7.3,5.4,5.6,9.6,49.1,43.5,6.3,7,NA,6.4,452.9,NA,0,64.6,291.5,20.2,2.9,NA,29.2,36,3.8,3.8,21.1,1.3,197.9,8.1,2.5,59.1,46.5,NA,36.4,5.1,NA,36.7,5.8,5.8,107.2,11.6,23.2,1857.6,5.3,NA,NA,4.2,6,9.4,4.2,122.4,1745,5.3,40.5,NA,68.2,NA,2413.9,1.1,231.4,134704.2,NA,NA,6323.8,142.9,NA,NA,190.2,70.7,2594,1330.2,90046.8,1315.6,787.4,7428.7,1410.7,NA,2628.7,439,324.5,334.3,576.4,2947.3,2609,379,418.4,NA,383.4,27174.5,NA,0.1,3875.9,17489.6,1210.5,171.9,NA,1753.4,2159.8,226.1,225.3,1266.9,78.6,11876.2,484.4,151.3,3547.4,2790.6,NA,2184.5,304.3,NA,2203.7,346.2,348.8,6433.6,698.6,1394.1,111457.8,315.4,NA,NA,252.3,357.3,561.2,251.8,7346.5,104700,316.6,2432.6,NA,4089.3,NA,144835.1,63.7,0.04,0,NA,NA,1.14,0.02,NA,NA,0.03,0.01,0.47,0.23,15.72,0.23,0.14,1.3,0.25,NA,0.45,0.08,0.06,0.05,0.1,0.51,0.46,0.07,0.07,NA,0.07,4.57,NA,0,0.66,2.96,0.2,0.03,NA,0.3,0.36,0.04,0.04,0.21,0.01,2,0.08,0.02,0.58,0.46,NA,0.36,0.05,NA,0.36,0.06,0.06,1.05,0.11,0.23,18.19,0.05,NA,NA,0.04,0.06,0.09,0.04,1.2,17.09,0.05,0.39,NA,0.65,NA,22.73,0.01,12487.25,"C:/Users/freya/OneDrive - Dalhousie University/Ch 1/Freya_Scallops/SCAL_Freya_10-25_2025-11-14.csv",129.3,186.4,7758.9,11186.7,1.27,1.83
"303","2025\09\03\SCAL_0562.DATA",2.3,2171.9,NA,NA,102.5,3.2,NA,NA,3,1,42.5,8.7,1535.9,20.6,14.3,133.3,19.9,NA,38.3,8.2,4.7,4.6,10.1,50.7,42.2,8.7,9.9,NA,8.8,426.1,2,0,90.8,309.3,18.7,2.4,NA,34.5,40.3,5.1,6.8,28.5,NA,283.5,13.4,2.7,50.3,44.8,NA,23.7,3.3,NA,44.4,7,7,90.5,17.8,29.5,1965.1,8,NA,NA,3,4.3,9.9,NA,116.2,1809.7,6.6,43,NA,80.4,NA,2239.2,NA,137.5,130312.8,NA,NA,6149.2,190.3,NA,NA,178.4,57.9,2550.6,520.5,92152.4,1236.4,858.7,8001,1194,NA,2300.4,490.5,281.4,277,607.6,3040,2531.7,524.3,596.1,NA,525.2,25565.8,117.5,0,5450.1,18561,1120.1,145.4,NA,2067.1,2417.3,306.5,409.5,1710.7,NA,17007.9,804.7,159.5,3015.6,2688.1,NA,1423.3,198.5,NA,2662.1,422.5,420.5,5431.8,1068.5,1771,117904.4,477,NA,NA,180,260.7,595.5,NA,6973.5,108583.8,393.3,2579.3,NA,4822.8,NA,134349.9,NA,0.02,0,NA,NA,1.09,0.03,NA,NA,0.03,0.01,0.45,0.09,15.86,0.21,0.15,1.38,0.21,NA,0.39,0.08,0.05,0.04,0.1,0.52,0.44,0.09,0.1,NA,0.09,4.24,0.02,0,0.91,3.09,0.19,0.02,NA,0.34,0.4,0.05,0.07,0.28,NA,2.82,0.13,0.03,0.49,0.44,NA,0.23,0.03,NA,0.43,0.07,0.07,0.87,0.17,0.28,18.97,0.08,NA,NA,0.03,0.04,0.1,NA,1.12,17.47,0.06,0.41,NA,0.76,NA,20.78,NA,12514.62,"C:/Users/freya/OneDrive - Dalhousie University/Ch 1/Freya_Scallops/SCAL_Freya_10-25_2025-11-14.csv",144.6,171.2,8677,10271.6,1.4,1.65
"304","2025\09\03\SCAL_0563.DATA",0.8,2232.6,1.4,NA,131,3.8,NA,NA,3.2,1.1,47.6,10.7,1732.7,26,19.6,172.8,24.4,NA,46.8,11.5,4.4,6.3,12.6,59.4,45.8,12.3,12.7,NA,13.5,568.2,NA,13.4,110.2,379.7,25.9,6.5,4.8,36,52.3,5.7,7.7,34.5,7.4,339.3,16.3,3.8,68.7,56.3,NA,27.6,5.3,NA,44.5,9.2,7.9,106.3,18.4,37.4,2297.6,7.1,NA,4.1,NA,5.9,10.6,4.3,136.4,2202,6.3,43.7,NA,83.3,NA,2360.3,NA,50,133955.9,85.8,NA,7861.7,226,NA,NA,189.9,67.9,2854.4,640.4,103963.7,1557.7,1173.9,10370.5,1466.7,NA,2808.3,688.7,265.6,377.2,757.4,3564.7,2746.6,739.9,761.8,NA,808.9,34093.3,NA,803.1,6614.7,22779.8,1554.5,390.3,290.3,2162.6,3137.3,343.4,464.8,2072.2,445.5,20360.1,977.8,229.6,4122.9,3377.1,NA,1655.3,319,NA,2668.9,549.7,474.6,6379.6,1104.9,2242.6,137853.6,423.8,NA,248.1,NA,355.1,637.1,259.8,8182.1,132118.5,376.3,2620.5,NA,4998.2,NA,141620.1,NA,0.01,0,0.01,NA,1.2,0.03,NA,NA,0.03,0.01,0.43,0.09,15.34,0.23,0.17,1.54,0.22,NA,0.41,0.1,0.04,0.05,0.11,0.52,0.41,0.11,0.11,NA,0.12,4.85,NA,0.11,0.95,3.26,0.22,0.06,0.04,0.31,0.45,0.05,0.07,0.29,0.06,2.9,0.14,0.03,0.57,0.47,NA,0.23,0.04,NA,0.37,0.08,0.07,0.88,0.15,0.31,19.02,0.06,NA,0.03,NA,0.05,0.09,0.04,1.13,18.23,0.05,0.35,NA,0.68,NA,18.79,NA,14318.21,"C:/Users/freya/OneDrive - Dalhousie University/Ch 1/Freya_Scallops/SCAL_Freya_10-25_2025-11-14.csv",176.2,216,10571.1,12960.4,1.46,1.79
"305","2025\09\03\SCAL_0564.DATA",0.7,2416.9,NA,NA,108.6,3.9,NA,NA,2.9,0.9,50.1,9.7,1804.8,24.6,17,173.2,22.6,NA,47.4,9.4,4.8,5.2,10.3,59.1,48.7,10.5,12.1,2.6,9.5,542.4,2.3,0,101.8,355.5,24.6,6,4.7,36,44.9,5,7.4,30.2,1.8,319.9,13.5,3.4,68.4,57.8,NA,75.3,4.6,NA,42.7,7.5,7.6,109.5,16.9,36.9,2271,7.7,NA,NA,3.2,5.7,9.6,5,133.1,2178.3,7.7,46,NA,82.1,NA,2600.9,NA,42.4,145013.6,NA,NA,6516.3,232.9,NA,NA,175.2,51.3,3003.9,580.3,108288.6,1475.6,1021.4,10394.2,1358.3,NA,2843.1,565.4,286.1,312.4,617.8,3543.5,2921,628.1,723.8,157,570.6,32546,138.1,0.1,6110.9,21329.9,1476,362.9,280.9,2162.7,2693.2,301.6,445,1810.7,108.1,19192.2,812.8,205.7,4106.1,3470.3,NA,4519.6,273.3,NA,2564,448.5,453.7,6571.7,1016,2213.8,136259.2,460.1,NA,NA,192.2,340.6,575.1,298.3,7984.9,130697.4,462.6,2761.9,NA,4925.6,NA,156051.6,NA,0.01,0,NA,NA,0.99,0.03,NA,NA,0.03,0.01,0.45,0.08,15.85,0.22,0.15,1.53,0.2,NA,0.41,0.08,0.04,0.04,0.09,0.51,0.43,0.09,0.1,0.02,0.08,4.59,0.02,0,0.87,3.03,0.21,0.05,0.04,0.31,0.38,0.04,0.06,0.26,0.02,2.71,0.11,0.03,0.57,0.48,NA,0.62,0.04,NA,0.35,0.06,0.06,0.9,0.14,0.3,18.65,0.06,NA,NA,0.03,0.05,0.08,0.04,1.09,17.89,0.06,0.37,NA,0.66,NA,20.54,NA,14594.57,"C:/Users/freya/OneDrive - Dalhousie University/Ch 1/Freya_Scallops/SCAL_Freya_10-25_2025-11-14.csv",152.3,185,9138.8,11102.2,1.25,1.52
"306","2025\09\03\SCAL_0571_1.DATA",0.9,3641.1,1.4,NA,158.5,3.8,NA,NA,3.7,1.1,53.7,12.5,1967.5,23.8,19.3,195.4,26.3,2.4,48.1,9.4,7.3,5.5,15.7,62.4,45.9,13.4,14.1,3.2,11.8,553,3.5,0,106.5,412.6,28.3,7.2,6,43,63.4,6.6,9.9,36.7,2.8,370,20.4,4.5,71.6,63.6,NA,39.6,3.5,NA,55.6,10.5,9.6,100.4,24,48.3,2605.1,8,NA,3.7,4.3,5.4,12.2,4.5,151.4,2118,6.7,40.6,NA,83,NA,2571.2,NA,55.4,218465.4,86,NA,9508.5,226.2,NA,NA,220.7,67.8,3224.2,748.2,118050.2,1427.5,1159.7,11723.3,1579.9,144.9,2884.1,564.7,435.7,327.7,941.6,3744.1,2751.7,804.2,845,191.8,710.3,33177.7,212.7,0.3,6392.5,24756.1,1699.8,434.1,360.3,2577.9,3806.1,394.6,594,2204.7,166.1,22199.4,1227,272.8,4298.8,3815,NA,2375.2,207.5,NA,3337.8,628.1,578,6021.9,1442.3,2896.8,156305.7,480.6,NA,223.4,260.9,322.7,730.5,267.1,9084.8,127079.9,401.9,2434.1,NA,4977.4,NA,154269.4,NA,0.01,0,0.01,NA,1.35,0.03,NA,NA,0.03,0.01,0.46,0.1,16.22,0.2,0.16,1.62,0.22,0.02,0.39,0.08,0.06,0.04,0.13,0.51,0.38,0.11,0.11,0.03,0.1,4.39,0.03,0,0.85,3.3,0.23,0.06,0.05,0.34,0.5,0.05,0.08,0.29,0.02,2.94,0.16,0.04,0.56,0.49,NA,0.31,0.03,NA,0.43,0.08,0.07,0.77,0.19,0.37,20.08,0.06,NA,0.03,0.03,0.04,0.09,0.03,1.17,16.32,0.05,0.31,NA,0.63,NA,19.05,NA,16611.03,"C:/Users/freya/OneDrive - Dalhousie University/Ch 1/Freya_Scallops/SCAL_Freya_10-25_2025-11-14.csv",179.3,224.2,10760.6,13452.3,1.38,1.73
"307","2025\09\03\SCAL_0571_2.DATA",2.3,3604.1,1.8,NA,154.5,3.7,NA,NA,3.6,1.2,52.1,11.9,1895,25.1,21.2,192.6,27.7,3.2,46.8,9.4,6.4,5.3,15.3,60.4,43.6,12.5,14,2.8,11.5,531.1,4.4,0,102.9,397.1,28.1,7,5.7,41.4,60.8,6.3,9.9,38.8,7.1,356.6,19.6,4.4,69.4,62.2,NA,73.5,3.8,6.6,53.9,10.2,9.3,96.8,23,46.6,2508.9,7.3,NA,3.5,4.2,5.6,12.1,3.6,146.1,2048.4,7.1,39.7,NA,79.9,NA,2483.6,NA,139.7,216245.1,107.1,NA,9269.5,220.3,NA,NA,215.3,70.7,3124.9,713.8,113697.2,1506.3,1273,11558.4,1663.6,190.5,2809.8,561.3,384.4,315.2,920.7,3622,2613.5,749.1,838.1,168.3,689.1,31865.3,262.2,0.1,6172.9,23828.4,1686.8,417.1,342.6,2484.5,3648.8,379.6,595.7,2325.7,427.6,21398.6,1173.6,262.6,4161.8,3731.9,NA,4410.1,228,393.1,3232.3,614.7,558.8,5809.8,1381.3,2793.5,150531.8,440.6,NA,209.6,249.4,333.1,725.3,214.3,8767,122904.3,424.9,2379.5,NA,4796.9,NA,149017.3,NA,0.02,0,0.02,NA,1.36,0.03,NA,NA,0.03,0.01,0.45,0.1,16.11,0.21,0.18,1.65,0.24,0.03,0.39,0.08,0.05,0.04,0.13,0.51,0.38,0.11,0.11,0.02,0.1,4.35,0.04,0,0.85,3.27,0.23,0.06,0.05,0.34,0.5,0.05,0.08,0.32,0.06,2.92,0.16,0.04,0.56,0.5,NA,0.59,0.03,0.05,0.43,0.08,0.07,0.77,0.18,0.37,19.94,0.06,NA,0.03,0.03,0.04,0.1,0.03,1.16,16.28,0.06,0.31,NA,0.62,NA,18.98,NA,16180.89,"C:/Users/freya/OneDrive - Dalhousie University/Ch 1/Freya_Scallops/SCAL_Freya_10-25_2025-11-14.csv",172.9,215.3,10372.8,12916.4,1.37,1.71
"308","2025\09\03\SCAL_0572.DATA",9,3540,0.8,NA,98.6,2.9,NA,NA,3,1.1,48.2,9.5,1671.9,24.9,15.1,94.4,22.6,NA,45,3.9,7.4,5.3,6.9,54.9,57.9,NA,7,2.5,3.8,541.8,NA,0.5,80.2,325.5,8.5,2.3,NA,26,26,3,NA,20.2,NA,125.1,2.8,3.6,64.3,51.2,NA,36.3,6,NA,34.6,5,5.4,135.2,11.8,20.2,1900.7,2.1,NA,NA,4.3,5.4,8.9,3.6,105,1964.8,6.6,43.8,NA,81.4,NA,2828.6,NA,542.3,212397.2,48.7,NA,5916.5,172.6,NA,NA,177.8,65,2892,569.4,100315,1494.2,903.9,5665.8,1357.2,NA,2700.9,233.1,446.8,315.7,415.4,3292.1,3473.7,NA,419.3,152.5,225.9,32510.3,NA,29.9,4814.9,19529.5,508.7,135.9,NA,1558,1561.1,181.4,NA,1211.1,NA,7505.6,168.4,217.9,3859.9,3074.5,NA,2178,357.4,NA,2079,298.6,325.2,8109.7,705.6,1213.1,114039.1,128,NA,NA,256,323.5,536.6,215,6301.5,117887.3,396.9,2631,NA,4886.7,NA,169717.3,NA,0.08,0,0.01,NA,0.98,0.03,NA,NA,0.03,0.01,0.48,0.09,16.11,0.24,0.15,0.91,0.22,NA,0.43,0.04,0.07,0.05,0.07,0.52,0.57,NA,0.06,0.02,0.04,5.03,NA,0,0.75,3.04,0.08,0.02,NA,0.24,0.24,0.03,NA,0.19,NA,1.16,0.03,0.03,0.59,0.47,NA,0.33,0.05,NA,0.31,0.05,0.05,1.22,0.11,0.18,17.13,0.02,NA,NA,0.04,0.05,0.08,0.03,0.95,17.71,0.06,0.39,NA,0.72,NA,24.51,NA,14695.51,"C:/Users/freya/OneDrive - Dalhousie University/Ch 1/Freya_Scallops/SCAL_Freya_10-25_2025-11-14.csv",146.9,177.4,8815,10646.5,1.32,1.6
"309","2025\09\03\SCAL_0573.DATA",4.6,3717,NA,NA,112.7,NA,NA,NA,3.2,1.1,43.2,7.2,1491.2,21.4,15,122.8,22.7,NA,42,7.3,4.1,4.8,10.1,51.5,43,6.2,9,2.1,5.5,415.7,NA,6.6,68.6,289.9,19.6,2.6,NA,28.8,35.6,3.9,3.7,24.5,5.1,186.7,7.7,3.3,55.6,52.1,NA,54.2,3.8,NA,40.6,6.5,6.8,109.6,13.9,24.9,1901.2,3.5,NA,NA,3.6,4.3,8,3.5,115.6,1752.2,6.4,44.2,NA,72.1,NA,2298,NA,278.5,223018.8,NA,NA,6762.8,NA,NA,NA,189.4,67.6,2591.3,430.7,89471.4,1287,897.7,7365.6,1363,NA,2521.6,435.6,247.3,287.6,607.7,3087.9,2578.7,371.7,537.8,126.5,332.7,24940.8,NA,397.9,4115.3,17393.2,1175.7,153.5,NA,1727.3,2133.2,233.9,224.1,1468.5,307.7,11201.7,462.8,200.3,3333.1,3124.9,NA,3253.5,225.7,NA,2436.7,390.3,409.2,6573.5,832.8,1493.9,114069.5,208.8,NA,NA,215.7,259.4,477.7,212.1,6937.9,105131.7,384.6,2653,NA,4323.5,NA,137878.8,NA,0.05,0,NA,NA,1.23,NA,NA,NA,0.03,0.01,0.47,0.08,15.79,0.23,0.16,1.31,0.24,NA,0.44,0.08,0.04,0.05,0.11,0.54,0.46,0.07,0.09,0.02,0.06,4.24,NA,0.07,0.7,2.97,0.2,0.03,NA,0.29,0.36,0.04,0.04,0.25,0.05,1.91,0.08,0.03,0.56,0.52,NA,0.54,0.04,NA,0.4,0.07,0.07,1.08,0.14,0.25,18.82,0.03,NA,NA,0.04,0.04,0.08,0.03,1.14,17.35,0.06,0.43,NA,0.7,NA,21.88,NA,13840.64,"C:/Users/freya/OneDrive - Dalhousie University/Ch 1/Freya_Scallops/SCAL_Freya_10-25_2025-11-14.csv",123.3,171.3,7395,10278.7,1.22,1.7
"310","2025\09\03\SCAL_0574.DATA",4.8,4231.9,1.2,NA,117,2.5,NA,NA,3.7,1.2,47.2,8.5,1739.9,22.3,12.4,126.9,22.7,NA,47.2,6.9,6.8,5,9.7,54.4,50.7,7.7,8.2,2.4,6.7,503.8,1,0,77.8,322.5,21,2.6,NA,30.5,39.5,4.2,4,21.2,2.3,195.5,8.1,3,61.6,52.1,NA,21.2,5.7,NA,40.3,7.2,6.9,125.9,12.4,23,2128.4,4.6,NA,NA,3.8,5.5,10.3,4.2,126.3,2035.2,6,44,NA,76.2,NA,2665.3,NA,289,253915.3,69.7,NA,7018.4,148.2,NA,NA,223.3,73.3,2830.4,509,104392.8,1336.6,743.9,7612.2,1362.3,NA,2831.4,411.5,410.8,297.6,582,3262.7,3039.6,459.7,489.8,142.9,404.4,30230.1,60.9,0.1,4665.4,19350.5,1257.7,153.1,NA,1831.2,2370.7,254.7,241.6,1272.5,140.3,11732.4,486,179.7,3698,3125.1,NA,1271.4,344.5,NA,2419.3,433.2,411.8,7554.5,743.5,1377.5,127701.3,276.4,NA,NA,225.6,329.7,617.4,254.5,7579.8,122109.9,361.6,2637.7,NA,4572,NA,159917.3,NA,0.04,0,0.01,NA,1.13,0.02,NA,NA,0.04,0.01,0.45,0.08,16.21,0.21,0.12,1.19,0.21,NA,0.43,0.06,0.06,0.04,0.09,0.5,0.48,0.07,0.07,0.02,0.06,4.52,0.01,0,0.7,2.91,0.19,0.02,NA,0.27,0.35,0.04,0.04,0.19,0.02,1.76,0.07,0.03,0.54,0.46,NA,0.19,0.05,NA,0.35,0.06,0.06,1.1,0.11,0.2,18.54,0.04,NA,NA,0.03,0.05,0.09,0.04,1.1,17.73,0.05,0.38,NA,0.65,NA,22.32,NA,15723.58,"C:/Users/freya/OneDrive - Dalhousie University/Ch 1/Freya_Scallops/SCAL_Freya_10-25_2025-11-14.csv",153.3,204.4,9200.7,12261.9,1.34,1.78
"311","2025\09\03\SCAL_0575.DATA",10.5,4457.7,1.2,NA,126.2,3.2,NA,NA,2.9,1,49.4,11.6,1837.5,25.9,15.5,176.4,23.2,NA,53,7.6,5.4,5.6,9.5,55.9,52.1,8.1,12.1,2.5,7.8,575.7,3.5,4.6,109.6,415.9,19.8,7.8,5.1,38,51.8,5.4,6.6,28.5,8.6,272.1,10,4.2,76.9,57.5,50.5,27.1,6.2,NA,44.9,11.3,9.8,142.2,16,33,2384.4,7.4,NA,7.1,5.4,5.3,10.6,5.6,162.5,2146.9,8,49.1,NA,88.9,NA,2725,NA,631.1,267464.7,72.8,NA,7572.7,190.3,NA,NA,172.1,62.6,2963.8,696.2,110251.8,1556.1,932.6,10583.7,1393.4,NA,3182.4,454.3,323.8,337.6,568,3356,3127.3,484.7,725.5,149.8,466.2,34543.9,212.1,276.3,6576,24951.5,1190.5,466.4,303.7,2280.8,3108.1,323,393.6,1708.2,518.1,16328.2,597.8,252.1,4611.1,3447.5,3030.9,1626.3,373.3,NA,2693.4,677.3,588.5,8529.2,958.8,1978.2,143066.6,446.8,NA,428.3,321.2,316.1,636.5,333.6,9749.1,128812.5,481.5,2944.4,NA,5334.9,NA,163497.9,NA,0.08,0,0.01,NA,1.1,0.02,NA,NA,0.02,0.01,0.43,0.1,15.46,0.22,0.13,1.49,0.2,NA,0.44,0.06,0.04,0.04,0.08,0.47,0.45,0.07,0.1,0.02,0.07,4.67,0.03,0.04,0.89,3.39,0.16,0.06,0.04,0.31,0.42,0.04,0.05,0.23,0.07,2.21,0.08,0.03,0.61,0.46,0.4,0.21,0.05,NA,0.35,0.09,0.08,1.12,0.13,0.26,18.75,0.06,NA,0.06,0.04,0.04,0.08,0.04,1.28,16.88,0.06,0.38,NA,0.69,NA,20.61,NA,17206.47,"C:/Users/freya/OneDrive - Dalhousie University/Ch 1/Freya_Scallops/SCAL_Freya_10-25_2025-11-14.csv",185.3,251.8,11116.6,15106.4,1.46,1.98
"312","2025\09\10\SCAL_0576.DATA",8.9,3732.4,NA,NA,131,3.5,NA,NA,4.6,1.3,61.7,8.6,2060.4,27.9,18.1,137.6,25,NA,49.1,7.8,10.1,6.6,9.7,67.1,70.8,7.7,11.4,2.9,7.8,11.1,625.4,0,92.8,369.2,3.3,7.2,4.4,31.5,30.1,4.3,6.1,27.9,5.5,212.8,10.5,3,NA,64.2,35.6,28.1,6.4,NA,37.8,5.2,5.4,133.2,12.8,26.2,2313.2,4.8,NA,NA,3,4.9,9.5,3.7,115,2216.9,5.6,51.1,NA,4.2,88.2,3400.1,NA,536.3,223946,NA,NA,7858.9,211,NA,NA,275.2,77.1,3704.2,517.4,123623.4,1671.2,1087.3,8258.6,1497.6,NA,2946.9,466.7,604.4,394.2,584.9,4024.5,4249.1,463.2,685,172,469.6,667.9,37524.2,1.3,5569.4,22152.2,200.7,434.8,263,1887.5,1803.5,260.4,365.4,1674,329,12767.4,631.9,179.7,NA,3854.2,2134.3,1688.6,381.6,NA,2270.8,310.9,321.8,7991.5,768.6,1572.9,138793.3,289.9,NA,NA,179.5,292.6,572.2,220.9,6903,133012.5,336.6,3067.4,NA,253.1,5291.7,204005,NA,0.07,0,NA,NA,1.09,0.03,NA,NA,0.04,0.01,0.51,0.07,16.64,0.23,0.15,1.12,0.2,NA,0.39,0.06,0.08,0.05,0.08,0.54,0.58,0.06,0.09,0.02,0.06,0.09,4.89,0,0.73,2.89,0.03,0.06,0.03,0.24,0.23,0.03,0.05,0.22,0.04,1.66,0.08,0.02,NA,0.49,0.27,0.21,0.05,NA,0.29,0.04,0.04,1.01,0.1,0.2,17.47,0.04,NA,NA,0.02,0.04,0.07,0.03,0.87,16.74,0.04,0.38,NA,0.03,0.63,24.68,NA,17041.38,"C:/Users/freya/OneDrive - Dalhousie University/Ch 1/Freya_Scallops/SCAL_Freya_10-25_2025-11-14.csv",161.3,212.6,9677.9,12756.1,1.22,1.61
"313","2025\09\10\SCAL_2025.DATA",11.4,2695.1,NA,NA,82.8,NA,NA,NA,3.1,1.3,41.3,5.4,1166.3,20.8,11.5,70.2,15.9,NA,37.7,1.3,NA,11.5,4.2,52.8,38.7,NA,5.2,NA,13.3,7.2,371.9,0,56,194.6,2.1,2.4,NA,20.8,15.4,2.4,NA,20,NA,92.2,NA,2.8,NA,53.6,36.1,15.1,4.5,NA,27,2.4,4.8,102.1,9.2,16.4,1273.1,3.8,NA,NA,NA,4.7,5.7,NA,72.6,1282.9,5.9,43.7,NA,66.3,NA,2136.2,0.6,685.9,161703,NA,NA,4968.3,NA,NA,NA,186.6,79,2478.1,326.1,69977.2,1249.1,689.1,4213,955.6,NA,2263,80.3,NA,691.2,250.4,3168.6,2322,NA,309.8,NA,799.3,431.9,22313.6,0.2,3361.8,11678.9,123.4,145.8,NA,1248.9,923,145.3,NA,1198.8,NA,5530.1,NA,166.8,NA,3218.7,2163,907.5,271.6,NA,1618.2,144.9,286.2,6125.8,549.5,986.4,76387.1,227.6,NA,NA,NA,281.9,339.2,NA,4358.4,76974.7,356.5,2623.9,NA,3977.8,NA,128171.9,38.9,0.15,0,NA,NA,1.17,NA,NA,NA,0.04,0.02,0.58,0.07,15.9,0.29,0.16,0.96,0.22,NA,0.51,0.02,NA,0.15,0.06,0.71,0.54,NA,0.07,NA,0.18,0.09,4.91,0,0.74,2.57,0.03,0.03,NA,0.27,0.2,0.03,NA,0.26,NA,1.21,NA,0.04,NA,0.69,0.46,0.19,0.06,NA,0.35,0.03,0.06,1.3,0.12,0.21,16.23,0.05,NA,NA,NA,0.06,0.07,NA,0.93,16.35,0.07,0.55,NA,0.83,NA,26.19,0.01,10538.8,"C:/Users/freya/OneDrive - Dalhousie University/Ch 1/Freya_Scallops/SCAL_Freya_10-25_2025-11-14.csv",109.7,127,6581.2,7621,1.4,1.62
"314","2025\09\10\SCAL_2026.DATA",2.2,4099.4,1.7,NA,156,3.1,NA,NA,4.7,0.9,67.9,7.8,1837.8,33.3,19.7,126.2,30.1,NA,58.6,7.2,6.5,7.1,8.5,80.4,56.7,NA,12.1,2.6,3.7,12.3,545.1,0,96.9,336.6,3.2,7.6,5.5,31.7,28.5,4.4,2.3,38.7,4.5,208.2,NA,4.3,NA,80,63.2,74.7,4.3,3.9,42.1,6.8,6.5,135.9,18.8,24.4,2124.3,2,NA,NA,3.3,6.6,11.6,3.5,104.4,1911.2,8.5,56.1,NA,93.1,NA,3008.8,NA,133,245965.9,101.5,NA,9358.2,187.1,NA,NA,279.9,52.9,4072.8,468.4,110265.3,1998.4,1183.4,7570.5,1807.6,NA,3516.4,431.2,391.1,425.8,509.1,4827,3401.2,NA,724.6,155.1,224,741,32707.3,0.4,5814.4,20197.4,193.8,458.7,331.3,1899,1712.4,261.3,135.1,2322.7,268.6,12489.4,NA,255.8,NA,4800.9,3792.7,4480,255.6,232.7,2526.3,407,387.2,8152.8,1130.3,1461.3,127455.6,117.1,NA,NA,195.1,393.8,695.5,211.9,6262.6,114669,510.4,3367.8,NA,5588.1,NA,180528.9,NA,0.02,0,0.02,NA,1.42,0.03,NA,NA,0.04,0.01,0.62,0.07,16.24,0.3,0.18,1.12,0.27,NA,0.51,0.06,0.06,0.06,0.07,0.7,0.51,NA,0.1,0.02,0.03,0.11,4.67,0,0.83,2.88,0.03,0.07,0.05,0.27,0.24,0.04,0.02,0.33,0.04,1.77,NA,0.04,NA,0.67,0.53,0.62,0.04,0.03,0.35,0.06,0.05,1.12,0.16,0.2,17.56,0.02,NA,NA,0.03,0.05,0.1,0.03,0.86,15.79,0.07,0.45,NA,0.75,NA,23.91,NA,16243.53,"C:/Users/freya/OneDrive - Dalhousie University/Ch 1/Freya_Scallops/SCAL_Freya_10-25_2025-11-14.csv",161.9,167.6,9716.3,10057.8,1.34,1.39
"315","2025\09\10\SCAL_2027.DATA",1.2,1760.5,NA,NA,51.6,NA,NA,NA,1.8,NA,26.9,4.1,769.3,12.7,7.9,46.8,10.8,NA,20,1,NA,6.5,2.1,31.2,20.8,NA,4.1,NA,1.7,250.3,NA,0,41.7,152.7,8.5,NA,NA,14,11.1,1.4,NA,14.4,NA,75.4,NA,NA,NA,34.9,25.8,19.6,NA,NA,17.8,NA,NA,55.8,7.7,13,901.2,NA,NA,NA,NA,NA,4.4,NA,47,832.5,NA,21.6,NA,45.9,NA,1296.2,NA,70.6,105627.2,NA,NA,3095.3,NA,NA,NA,108.1,NA,1615.7,246.9,46156.8,761.7,473.4,2810.7,648.5,NA,1202.3,57.9,NA,391,127.9,1872.2,1246.4,NA,249,NA,104.6,15020,NA,0.1,2505,9160.7,511.1,NA,NA,842.2,667.7,84.2,NA,863.7,NA,4525.9,NA,NA,NA,2092,1550.9,1174,NA,NA,1070.1,NA,NA,3345.1,461.4,779.5,54069,NA,NA,NA,NA,NA,265.1,NA,2820.1,49951.4,NA,1294.5,NA,2751.9,NA,77774,NA,0.02,0,NA,NA,1.12,NA,NA,NA,0.04,NA,0.58,0.09,16.1,0.27,0.17,0.99,0.23,NA,0.42,0.02,NA,0.13,0.04,0.65,0.44,NA,0.08,NA,0.04,5.05,NA,0,0.85,3.1,0.17,NA,NA,0.28,0.22,0.03,NA,0.29,NA,1.52,NA,NA,NA,0.69,0.51,0.38,NA,NA,0.35,NA,NA,1.09,0.15,0.25,17.64,NA,NA,NA,NA,NA,0.09,NA,0.92,16.29,NA,0.41,NA,0.88,NA,24.39,NA,6869.19,"C:/Users/freya/OneDrive - Dalhousie University/Ch 1/Freya_Scallops/SCAL_Freya_10-25_2025-11-14.csv",72.2,82.3,4331.1,4937,1.41,1.61
"316","2025\09\10\SCAL_2028.DATA",5.7,2780.8,1.5,NA,138.9,NA,NA,NA,4.4,1.1,59.4,8.2,1773.1,28.9,18.7,127,29.3,NA,46.3,5.3,11.9,6.7,7.8,61.3,46.1,NA,9.6,NA,4.4,568.7,NA,0.1,101.1,349.5,3.5,6.7,4.6,29.6,32.4,4,5.6,35.2,NA,220.3,8.3,3.8,NA,79.7,67.8,78.2,5.1,NA,41.3,6,7.5,111.6,20.1,42.4,2034.6,2.5,NA,NA,3.1,7.6,13.9,3.8,109.1,1982.1,6.3,43.3,NA,88.6,NA,2852.7,NA,341.6,166849.4,92.3,NA,8333.3,NA,NA,NA,261.6,66.1,3562.6,489.7,106383.9,1736.8,1119.6,7618.8,1756.2,NA,2779.8,317.5,713.2,403.4,469.3,3676.5,2763.1,NA,576.8,NA,264.9,34122.9,NA,7.8,6068.8,20968.4,209,403.6,276.7,1774,1944.7,237.3,338.5,2114.1,NA,13218.3,495.2,226.1,NA,4780.9,4067.5,4692.2,308,NA,2479.5,359.4,447.4,6695.1,1208,2541.5,122075.6,148.2,NA,NA,185.2,458.9,833.1,230.6,6543.1,118925.2,375,2595.1,NA,5313.5,NA,171159,NA,0.05,0,0.01,NA,1.3,NA,NA,NA,0.04,0.01,0.55,0.07,16.03,0.26,0.17,1.15,0.27,NA,0.41,0.05,0.11,0.06,0.07,0.55,0.42,NA,0.08,NA,0.04,4.96,NA,0,0.89,3.06,0.03,0.06,0.04,0.26,0.28,0.03,0.05,0.31,NA,1.92,0.07,0.03,NA,0.68,0.58,0.66,0.04,NA,0.35,0.05,0.06,0.94,0.17,0.36,17.2,0.02,NA,NA,0.03,0.06,0.12,0.03,0.92,16.75,0.05,0.36,NA,0.73,NA,23.19,NA,14672.33,"C:/Users/freya/OneDrive - Dalhousie University/Ch 1/Freya_Scallops/SCAL_Freya_10-25_2025-11-14.csv",166,181.1,9962,10865.5,1.4,1.53
"317","2025\09\10\SCAL_2029.DATA",2.5,2485.2,1.2,NA,145.6,NA,NA,NA,5,1.8,71.2,7.5,1996.7,34.7,19,139.6,31.7,NA,57.1,6.7,7.9,6,7.4,86.5,65.6,NA,15.9,3.8,4.4,622.9,NA,0,103.3,401,4.7,9.2,5.9,36,35.2,4.8,1.8,37.4,NA,170.4,3.5,5.1,NA,93.6,73.8,83,6.5,8.1,53.8,5.2,8,156.5,23.5,27.7,2279.8,5.2,NA,NA,3.6,7.4,11.7,4,112.6,2312.9,9.3,64.9,NA,99.7,NA,3442.2,2.2,150.9,149111.6,70.4,NA,8734.6,NA,NA,NA,298.9,107.5,4273.5,449.5,119804.9,2080.2,1139.6,8378,1902.8,NA,3427,402.5,474.3,360,442.6,5189.7,3935.2,NA,954.2,229.2,265.3,37371.2,NA,0.3,6197.7,24062.6,283.9,554.2,351.5,2160.8,2113.4,285.5,106.6,2244.9,NA,10223.1,213,303.2,NA,5616.8,4428.1,4979,387.8,488.7,3225.5,309.3,477.7,9391,1412.6,1660.4,136790.3,313.1,NA,NA,217.9,442.4,702.7,238.7,6753.8,138774.6,555.7,3896.5,NA,5980.4,NA,206533,132.1,0.02,0,0.01,NA,1.19,NA,NA,NA,0.04,0.01,0.58,0.06,15.82,0.28,0.15,1.11,0.25,NA,0.45,0.05,0.06,0.04,0.06,0.68,0.53,NA,0.12,0.03,0.04,4.76,NA,0,0.79,3.08,0.04,0.07,0.04,0.28,0.27,0.04,0.01,0.29,NA,1.3,0.03,0.04,NA,0.7,0.55,0.62,0.05,0.06,0.4,0.04,0.06,1.16,0.17,0.21,16.89,0.04,NA,NA,0.03,0.05,0.09,0.03,0.83,17.14,0.07,0.47,NA,0.72,NA,24.52,0.02,16038.09,"C:/Users/freya/OneDrive - Dalhousie University/Ch 1/Freya_Scallops/SCAL_Freya_10-25_2025-11-14.csv",162.4,171,9741.1,10261,1.2,1.27
"318","2025\09\10\SCAL_2030.DATA",1.8,2850.3,1.6,NA,142,2.6,NA,NA,4.7,1.5,62.9,7.1,1775.9,32.3,19.6,124.3,28.7,NA,62.1,5.6,7,21.1,8.6,85.9,61.4,3.8,14.4,2.5,4.2,573.6,NA,0.3,97.5,328.6,4,7.4,6.1,30,34.3,4.7,3,36.5,NA,230,4.6,5.2,NA,71.5,56.4,71.1,4.1,7,44.7,6,6.4,127.5,23,29.5,2074.8,4,NA,NA,NA,4.7,8.8,NA,93.9,1818.3,7.1,53.4,NA,88.5,NA,2888.8,0.5,108.3,171016.3,97.2,NA,8520.3,155.3,NA,NA,280.3,88.8,3772.8,425.8,106554.5,1937.3,1174,7459.9,1720.2,NA,3723.7,334.4,422.7,1265.3,515.3,5155,3684.5,230.5,866.1,151.9,254.2,34417.7,NA,19.5,5849,19718.9,241.9,446.3,368,1799.4,2060.3,280,179,2189.9,NA,13802.7,274.8,312.7,NA,4289.5,3383.9,4268.8,245.1,420.9,2681.8,359.3,385.6,7650.1,1380.3,1768.4,124489.5,239.6,NA,NA,NA,284,526.6,NA,5633.7,109095.3,428.3,3205.3,NA,5307.8,NA,173326.2,30,0.02,0,0.02,NA,1.33,0.02,NA,NA,0.04,0.01,0.59,0.06,16.13,0.29,0.18,1.13,0.26,NA,0.56,0.05,0.06,0.18,0.08,0.77,0.57,0.03,0.12,0.02,0.04,5.02,NA,0,0.86,2.89,0.04,0.07,0.05,0.26,0.3,0.04,0.03,0.32,NA,2.01,0.04,0.04,NA,0.61,0.48,0.61,0.03,0.06,0.38,0.05,0.06,1.08,0.2,0.25,17.61,0.03,NA,NA,NA,0.04,0.07,NA,0.8,15.44,0.06,0.44,NA,0.74,NA,23.58,0,14680.35,"C:/Users/freya/OneDrive - Dalhousie University/Ch 1/Freya_Scallops/SCAL_Freya_10-25_2025-11-14.csv",177.3,154.3,10637.9,9256.8,1.51,1.31
"319","2025\11\14\SCAL_0464.DATA",4.7,5041.9,NA,NA,288.2,NA,NA,NA,6,NA,128.9,50.4,3428.8,NA,NA,263.3,70.2,NA,100.4,NA,NA,36.2,29.4,247.5,NA,NA,45.4,NA,NA,1031.7,NA,11.1,131.1,846.8,NA,NA,NA,56.5,51.1,NA,NA,71.6,NA,389.1,NA,NA,NA,NA,182.3,152,NA,NA,51.6,NA,NA,223.2,19.9,50.9,4189.4,NA,NA,NA,NA,NA,NA,NA,141,3288.1,NA,NA,NA,NA,NA,5587.7,NA,283,302516.8,NA,NA,17289,NA,NA,NA,360.8,NA,7731.5,3025.4,205726.4,NA,NA,15796.3,4209.4,NA,6024.5,NA,NA,2174.5,1767,14852.8,NA,NA,2725.7,NA,NA,61900.6,NA,667.3,7866.3,50806.9,NA,NA,NA,3387.6,3065.1,NA,NA,4296.4,NA,23346.4,NA,NA,NA,NA,10936.5,9119.2,NA,NA,3098.3,NA,NA,13392.5,1194.7,3051.1,251361,NA,NA,NA,NA,NA,NA,NA,8459.2,197284.7,NA,NA,NA,NA,NA,335259.1,NA,0.02,0,NA,NA,1.47,NA,NA,NA,0.03,NA,0.65,0.25,16.93,NA,NA,1.31,0.35,NA,0.49,NA,NA,0.17,0.14,1.21,NA,NA,0.21,NA,NA,4.91,NA,0.05,0.63,4.05,NA,NA,NA,0.27,0.24,NA,NA,0.34,NA,1.85,NA,NA,NA,NA,0.85,0.71,NA,NA,0.24,NA,NA,1.03,0.09,0.23,19.34,NA,NA,NA,NA,NA,NA,NA,0.65,15.18,NA,NA,NA,NA,NA,24.8,NA,26583.45,"C:/Users/freya/OneDrive - Dalhousie University/Ch 1/Freya_Scallops/SCAL_Freya_11-14_2008_0464.csv",235.7,44.7,14142.3,2683.1,1.09,0.21
"320","2025\11\14\SCAL_2008.DATA",0.8,11302.8,NA,NA,475.4,NA,NA,NA,13.7,3,236.6,118.3,6137.4,NA,NA,350,100.7,NA,163.4,NA,3.4,53.1,39.8,104.6,264.3,NA,24.1,NA,NA,1719.1,NA,19,224.4,1286.4,NA,NA,NA,92.2,43.8,NA,NA,101.5,NA,478.1,NA,NA,NA,78.3,143.9,2.3,NA,NA,65.1,NA,NA,417.5,2.1,67.3,6376.8,NA,NA,NA,NA,NA,8.2,NA,191,6701.5,NA,NA,NA,NA,NA,10525.2,NA,48.2,678168.5,NA,NA,28521.4,NA,NA,NA,823.9,177.7,14195.9,7100,368245,NA,NA,21001.3,6043.8,NA,9801.5,NA,204.5,3189,2386.2,6277.2,15855.3,NA,1445.6,NA,NA,103148.3,NA,1140.5,13467,77183.9,NA,NA,NA,5529.4,2628.3,NA,NA,6091.6,NA,28684.1,NA,NA,NA,4698.9,8634,139.2,NA,NA,3905.5,NA,NA,25050.9,127.1,4037.6,382608,NA,NA,NA,NA,NA,489.4,NA,11458,402090.2,NA,NA,NA,NA,NA,631514.4,NA,0,0,NA,NA,1.4,NA,NA,NA,0.04,0.01,0.7,0.34,17.55,NA,NA,1.01,0.29,NA,0.46,NA,0.01,0.14,0.11,0.3,0.77,NA,0.06,NA,NA,4.74,NA,0.05,0.62,3.56,NA,NA,NA,0.25,0.12,NA,NA,0.28,NA,1.32,NA,NA,NA,0.21,0.39,0.01,NA,NA,0.17,NA,NA,1.12,0.01,0.18,17.05,NA,NA,NA,NA,NA,0.02,NA,0.51,17.92,NA,NA,NA,NA,NA,27.06,NA,50721.4,"C:/Users/freya/OneDrive - Dalhousie University/Ch 1/Freya_Scallops/SCAL_Freya_11-14_2008_0464.csv",214.5,239.5,12872.4,14372.8,0.57,0.64
"321","2025\09\24\T1.DATA",1.6,5029.2,2.5,3.8,209.9,5.9,NA,NA,6.1,2.7,95.4,32.3,3243.3,41,51.5,255.8,40.1,NA,93.3,14,379,7.2,18.5,107.2,46.8,14,18.9,4.4,14,886.4,NA,1.7,165.9,581.4,9.3,10.2,9.4,64.9,76.1,8.4,10.8,54.1,9.5,485.4,20,6.3,115.6,NA,95.8,109.1,8.8,9.5,75.3,14.2,14.4,165.8,29.7,55.4,3585.9,10,NA,4.7,NA,8.6,16.1,6.3,217.9,3213.3,10.2,67.5,3.4,138,NA,4148.1,0.6,93.7,301751.3,151.9,228.6,12591,351.8,NA,NA,366.7,161.9,5724,1940.9,194597.5,2457.9,3088.3,15346,2404.4,NA,5600.5,841.8,NA,432.7,1112.6,6432.8,2805.4,841,1132,264.6,837.2,53186.5,NA,99.3,9956.6,34884.4,557,609.7,561.5,3893.2,4564.6,503.8,650.2,3245.2,570.9,29122.3,1197.8,379.7,6936.3,NA,5745,6543.3,526.9,567.4,4516.8,854.8,866.4,9946.7,1782.1,3325.7,215151.8,597,NA,281.7,NA,513.6,967.3,377.6,13075.1,192798.1,612.7,4048.8,205.7,8279.1,NA,248888.9,38.4,0.01,0,0.01,0.02,1.19,0.03,NA,NA,0.03,0.02,0.54,0.18,17.84,0.23,0.28,1.41,0.22,NA,0.51,0.08,0.03,0.04,0.1,0.58,0.26,0.08,0.1,0.02,0.08,4.7,NA,0.01,0.88,3.1,0.05,0.05,0.05,0.34,0.4,0.04,0.06,0.29,0.05,2.57,0.11,0.03,0.6,NA,0.5,0.56,0.05,0.05,0.39,0.07,0.08,0.85,0.15,0.29,18.44,0.05,NA,0.02,NA,0.04,0.08,0.03,1.12,16.52,0.05,0.34,0.02,0.7,NA,20.51,0,24737.82,"C:/Users/freya/OneDrive - Dalhousie University/Ch 1/Freya_Scallops/SCAL_Freya_Methods_2025-11-14.csv",177.2,181.4,10634.6,10885.2,0.91,0.93
"322","2025\09\24\T2.DATA",1.3,3653.1,2.1,3.9,164.4,4.1,0.3,NA,4.4,1.6,78.1,23.1,2556.6,28.4,42.8,202.8,30.3,NA,76.2,11.1,400.2,6.8,14,80.6,32.6,10.8,14.3,4.5,11.4,679.7,NA,0.8,136.8,454.3,5.6,6.5,5.4,45.3,56.7,4.5,6.5,38.3,7.7,361.4,12.1,4.6,83.7,NA,78.6,83.5,7.3,8.1,54.1,10.8,10.2,125,20.5,40.7,2800.9,7.1,NA,7.7,NA,4.7,11.2,5,172.5,2536.4,5.3,50.4,NA,104.8,NA,3303.6,48.9,79.8,219185,125.3,234,9863.5,243.7,18.8,NA,262.3,94,4683.2,1388.5,153397.6,1704.8,2567.4,12167.2,1819.9,NA,4571.6,668.5,NA,405.1,842.9,4835.8,1957.8,648.1,857.2,267.1,681.2,40781.8,NA,48.2,8205.5,27256.5,334.8,391.3,326.6,2716.3,3405,268.1,391.1,2299.7,460,21683,723.1,278,5020.2,NA,4717.2,5012.9,438.9,486.4,3244.4,649.4,610.5,7497.1,1227.5,2439,168053.7,428.5,NA,460.4,NA,279.5,669.8,299.4,10349.3,152183.3,318.3,3026.4,NA,6290.5,NA,198215,2931.2,0.01,0,0.02,0.03,1.19,0.03,0,NA,0.03,0.01,0.56,0.16,17.94,0.2,0.3,1.43,0.21,NA,0.53,0.08,0.05,0.04,0.1,0.56,0.23,0.08,0.09,0.03,0.08,4.6,NA,0.01,0.93,3.09,0.04,0.04,0.04,0.31,0.38,0.03,0.04,0.26,0.05,2.44,0.08,0.03,0.55,NA,0.52,0.55,0.05,0.05,0.36,0.07,0.07,0.82,0.13,0.27,18.38,0.05,NA,0.05,NA,0.03,0.07,0.03,1.13,16.64,0.03,0.32,NA,0.67,NA,20.84,0.31,19209.99,"C:/Users/freya/OneDrive - Dalhousie University/Ch 1/Freya_Scallops/SCAL_Freya_Methods_2025-11-14.csv",122.9,124.6,7373.2,7477.6,0.81,0.82
"323","2025\09\24\T3.DATA",1.3,5506.7,2.2,0.7,191.9,4.4,NA,NA,5.3,1.5,92.1,29.3,2983.3,34.3,54.8,232.9,35.1,NA,91.7,13.5,756,7.6,16.3,97.8,37.8,12.2,15,3.7,12.9,820.6,NA,0.9,155.2,543.8,6.5,8.2,7,53.3,70.5,5.6,7.9,45.1,9,407.9,13.7,5.1,104.9,NA,86.7,100.4,9.6,10.7,65.1,12.4,11.5,159.6,23.8,45.1,3275.9,8.3,NA,8.5,NA,6.1,13.4,NA,202,3185.4,6.6,63.1,2.8,122.1,NA,3927.9,8.1,80.8,330400.9,130.7,39.4,11515.1,261.2,NA,NA,319,89.4,5528.7,1761,178997.6,2056.2,3286.6,13973.8,2107.2,NA,5499.7,813,NA,457.7,978.8,5866.1,2267.9,731.8,900.5,223.7,773.1,49234.8,NA,56.8,9311.7,32626.2,390.1,490.3,420.5,3200.3,4229.9,337.7,472.1,2703,541,24471,819.2,307.3,6296.3,NA,5204.3,6025.8,577.7,640.8,3903.7,743.2,692.1,9578.2,1426.5,2705.1,196555,497.7,NA,511.2,NA,366.2,802.4,NA,12117.5,191126.4,394.5,3788.8,170.3,7323.2,NA,235676.6,487.4,0.01,0,0.01,0,1.17,0.02,NA,NA,0.03,0.01,0.56,0.17,17.63,0.2,0.33,1.38,0.21,NA,0.54,0.08,0.07,0.04,0.1,0.57,0.23,0.07,0.08,0.02,0.08,4.67,NA,0.01,0.89,3.11,0.04,0.05,0.04,0.3,0.4,0.03,0.04,0.26,0.05,2.32,0.08,0.03,0.59,NA,0.48,0.56,0.05,0.06,0.36,0.07,0.06,0.88,0.13,0.25,18.1,0.05,NA,0.05,NA,0.03,0.07,NA,1.12,17.6,0.04,0.34,0.02,0.66,NA,20.86,0.04,24082.47,"C:/Users/freya/OneDrive - Dalhousie University/Ch 1/Freya_Scallops/SCAL_Freya_Methods_2025-11-14.csv",143.4,144.6,8604.1,8674.2,0.79,0.8
"324","2025\09\24\T4.DATA",1.5,5345.5,2.2,0.8,172.6,4,1.8,NA,5.1,2.4,93.7,28.6,2681.3,30.6,59.6,181.8,27.3,NA,78.2,9.2,718.5,5.9,12.9,93.9,41.5,10.7,14.3,4.1,10.5,805.9,NA,0.9,142.5,529.1,4.6,7.4,6,51.2,65.2,4,7.6,36.9,6.8,316.6,13,4.7,107.5,NA,82.7,61.1,11.9,10.9,63.5,10.2,10.2,167.4,21.3,41.5,2790.7,8.4,NA,5.6,2.3,7,13.8,15.5,165.2,3326.1,6.4,2.3,NA,115.2,NA,3863.3,8.4,91.1,320728.1,133.8,49.3,10357.3,237.4,105.1,NA,306.1,145.9,5623,1716.9,160876.7,1834.9,3573.3,10905.5,1635,NA,4693.6,551.5,NA,355.4,775,5635.3,2488.7,644.5,855.7,246.3,629,48355,NA,56.3,8547.9,31743.6,278,443,358.8,3072.9,3911.2,241.8,456.7,2214.5,406.6,18997.2,782.3,282.8,6451.8,NA,4960,3667.6,716.4,654.7,3811.9,610.5,613.7,10043.2,1278.4,2489.3,167444.5,503.9,NA,334.9,138.6,420.6,830.8,932.9,9909.1,199566.3,382.9,137.7,NA,6913.5,NA,231796.1,504.7,0.01,0,0.01,0.01,1.13,0.02,0.01,NA,0.03,0.02,0.61,0.18,16.92,0.19,0.38,1.15,0.17,NA,0.49,0.06,0.07,0.03,0.08,0.59,0.27,0.07,0.08,0.03,0.07,4.9,NA,0.01,0.87,3.23,0.03,0.04,0.04,0.31,0.4,0.02,0.05,0.22,0.04,1.93,0.08,0.03,0.64,NA,0.49,0.36,0.07,0.06,0.38,0.06,0.06,0.99,0.13,0.24,16.46,0.05,NA,0.03,0.01,0.04,0.08,0.09,0.97,19.62,0.04,0.01,NA,0.67,NA,21.91,0.05,22988.02,"C:/Users/freya/OneDrive - Dalhousie University/Ch 1/Freya_Scallops/SCAL_Freya_Methods_2025-11-14.csv",138.8,131.9,8325.6,7911,0.82,0.78
"325","2025\09\24\T5.DATA",1.3,6190.2,2.6,0.7,182.2,4.5,NA,NA,5.2,2.1,95.3,24.1,2874.8,33.3,65.5,213.9,34.2,NA,84.6,14,424,6.7,15.7,95.9,27.6,11.7,14.5,3.9,13.1,778.8,NA,1,143,519.9,6,NA,6.4,52,63.8,4.7,8.7,41.2,2.5,395.2,15.2,5.1,103.1,NA,82.8,94,9.7,10.3,64.9,11.4,11.2,150.9,24.3,47,3061.5,9.1,NA,4.6,NA,6.5,13.8,5.9,188.2,3727.5,7.5,60.4,NA,121,NA,3771.9,3.4,75.5,371414.8,158.5,43.4,10934.6,269.9,NA,NA,310.7,128.6,5715.8,1446.4,172490.1,1996.1,3929.2,12835.7,2049.5,NA,5076,840.3,NA,400.5,939.3,5753.5,1653.4,702,869.6,235,785.9,46730.6,NA,57.2,8580.8,31193.3,359.6,NA,382.9,3121,3825.8,282,525,2474.4,149.1,23710.3,910,305.5,6185.8,NA,4968.7,5639.7,581,615.5,3895.4,681.9,673.2,9056.8,1455.9,2819,183690.1,543.3,NA,273.5,NA,390.6,829.9,353.2,11289.2,223652.1,452.4,3626.8,NA,7260.4,NA,226312.6,205.3,0.01,0,0.02,0,1.13,0.03,NA,NA,0.03,0.01,0.59,0.14,17.27,0.2,0.4,1.29,0.21,NA,0.5,0.08,0.04,0.04,0.09,0.57,0.17,0.07,0.08,0.02,0.08,4.51,NA,0.01,0.83,3.03,0.03,NA,0.04,0.3,0.37,0.03,0.05,0.24,0.01,2.29,0.09,0.03,0.59,NA,0.47,0.53,0.05,0.06,0.37,0.06,0.06,0.85,0.14,0.26,17.2,0.05,NA,0.03,NA,0.04,0.08,0.03,1.06,20.94,0.04,0.33,NA,0.67,NA,20.38,0.02,24543.17,"C:/Users/freya/OneDrive - Dalhousie University/Ch 1/Freya_Scallops/SCAL_Freya_Methods_2025-11-14.csv",108.3,27,6497,1618,0.61,0.15
"326","2025\09\24\T6.DATA",1.5,156.4,2.3,0.1,214,5.6,0.7,NA,6.4,2.1,119.9,31.5,3423.6,34.4,70.2,235.3,38.1,NA,104.2,15.2,621.3,8.1,17.3,116,39.7,25.4,17.6,5.3,14.2,986.9,NA,1.2,170.1,659.7,6.6,6,4.6,58.8,87.4,11,11.5,49.4,9.1,418,20.3,5.4,124,NA,101.3,78.3,13.6,11,73.4,12.1,11.6,196.2,26.3,53.4,3414.4,7.1,4.1,8.1,NA,8.2,16.7,11.9,198.8,564,8.8,73.3,NA,139.6,NA,4544,6.6,88,9384.3,138.1,6,12840.7,337.8,42.3,NA,381.5,124.9,7193.6,1890.7,205415.9,2061.2,4210,14120.3,2288.9,NA,6250.8,913.4,NA,487.7,1036,6961.7,2383.5,1524.6,1058.8,316.4,851.9,59216.5,NA,71.1,10207.7,39584.3,396.7,357.2,273,3525.7,5246.9,657.3,693,2966.3,544.2,25082.4,1218.6,322.6,7438,NA,6080.6,4697.1,814.9,661.6,4406.1,724.2,694.5,11772.4,1575.6,3201.4,204863.5,423.9,246,487.2,NA,491.2,999.5,713.8,11929.2,33839.2,526.6,4395.7,NA,8377.3,NA,272640.2,394.1,0.01,0,0.01,0,1.37,0.03,0,NA,0.04,0.01,0.76,0.2,21.2,0.21,0.44,1.47,0.24,NA,0.64,0.09,0.06,0.05,0.11,0.71,0.25,0.16,0.1,0.03,0.09,5.89,NA,0.01,1.02,3.96,0.04,0.04,0.03,0.35,0.52,0.07,0.07,0.3,0.05,2.5,0.12,0.03,0.73,NA,0.59,0.46,0.08,0.06,0.43,0.07,0.07,1.14,0.15,0.31,19.77,0.04,0.02,0.05,NA,0.05,0.1,0.07,1.15,3.27,0.05,0.42,NA,0.79,NA,25.3,0.04,18109.98,"C:/Users/freya/OneDrive - Dalhousie University/Ch 1/Freya_Scallops/SCAL_Freya_Methods_2025-11-14.csv",147.6,119.9,8857.3,7193.3,0.85,0.69
"327","2025\09\24\T7.DATA",0.7,310.4,1.8,1.1,193.3,4.6,0.8,NA,5.6,2.5,109.9,27.7,3097.4,35.5,74.9,212.3,35.5,NA,96.4,14.9,408.3,7.7,15.4,107.9,36.1,14.9,16.2,5.8,12,874.4,NA,1.1,151.3,588,6.3,6.8,6,55.5,82.7,9.7,9.6,44.8,7.8,371.9,17.8,5.1,116.1,NA,96.8,71.7,12.8,11.4,71.1,11.8,12.9,180.3,25.2,47.5,3110.5,9.5,3.5,8.3,NA,7.8,15.1,15.2,184.6,470.8,8.8,68.8,27.9,123.7,NA,4219.5,4.3,44,18622.5,108.7,65.2,11598.1,278.1,47.5,NA,338.7,148.5,6594.6,1661,185843.7,2128.3,4493,12740.2,2130.9,NA,5786.5,896.7,NA,460.6,925.9,6472.4,2164.1,894.6,972.9,350.4,722.2,52464.7,NA,63.4,9079.6,35282.6,375.4,406.3,358.1,3331.7,4961.2,581.2,573.7,2689.4,465.8,22313.2,1066.4,305.9,6968.4,NA,5809.6,4303.7,770,681.8,4268.7,707.5,773.4,10818.3,1514.2,2849.5,186628.3,567.7,208.3,496.3,NA,466.5,904.8,914,11075.5,28248.3,527.9,4125.9,1673.1,7423.5,NA,253171.9,256.5,0,0,0.01,0.01,1.36,0.03,0.01,NA,0.04,0.02,0.77,0.19,21.03,0.24,0.51,1.45,0.24,NA,0.65,0.1,0.05,0.05,0.1,0.72,0.25,0.1,0.1,0.04,0.08,5.72,NA,0.01,1,3.87,0.04,0.04,0.04,0.36,0.54,0.06,0.06,0.29,0.05,2.43,0.12,0.03,0.74,NA,0.62,0.46,0.08,0.07,0.45,0.08,0.08,1.14,0.16,0.3,19.75,0.06,0.02,0.05,NA,0.05,0.1,0.1,1.17,2.99,0.05,0.43,0.17,0.77,NA,25.76,0.03,16671.83,"C:/Users/freya/OneDrive - Dalhousie University/Ch 1/Freya_Scallops/SCAL_Freya_Methods_2025-11-14.csv",127.8,104,7670.2,6237.1,0.81,0.66
"328","2025\09\24\T8.DATA",1.4,918.2,1.8,1.5,164.2,4.1,NA,NA,4.8,1.6,88.9,22.3,2618.4,30,56.8,187.3,31.1,NA,76.6,12.3,533.2,6.7,14.2,81.9,27.4,13.4,14.3,4.2,11.5,653.5,NA,0.9,131.8,458.7,5,NA,4.1,44.5,55.4,4,7.9,38.6,6.5,339.7,15.6,5.6,81.6,NA,72.2,75.7,6.6,4.1,54.3,8.1,8.9,116.8,21,42.4,2611.3,7.6,NA,3.5,NA,4.9,10.7,15.2,155.3,461.5,5.4,53.2,3.1,106.5,NA,3356.2,4.7,85.1,55093.8,106.1,90.4,9849.6,246.9,NA,NA,285.7,97.3,5334.9,1340,157102.6,1800.2,3407.4,11239.8,1867.8,NA,4598.4,737.9,NA,399.1,853.2,4911.9,1643.9,801.5,859.2,253.1,688.9,39208.7,NA,53.4,7910.7,27519.4,301.1,NA,247.3,2668.1,3323.4,238.1,476.6,2318.3,393,20384.4,933.7,336.2,4893,NA,4331,4543.6,398.3,247.4,3258.4,484.1,532.4,7008.3,1259.9,2543.7,156680.6,454.6,NA,208.3,NA,296.7,639.8,913.2,9317.3,27689,322.4,3190.4,186.8,6390.6,NA,201371.9,284.8,0.01,0,0.02,0.01,1.41,0.03,NA,NA,0.04,0.01,0.76,0.19,21.69,0.25,0.47,1.56,0.26,NA,0.63,0.1,0.07,0.05,0.12,0.67,0.23,0.11,0.11,0.04,0.1,5.22,NA,0.01,1.06,3.68,0.04,NA,0.03,0.36,0.44,0.03,0.06,0.31,0.05,2.71,0.12,0.04,0.64,NA,0.56,0.59,0.05,0.03,0.42,0.06,0.07,0.9,0.16,0.33,20.23,0.06,NA,0.03,NA,0.04,0.08,0.12,1.2,3.57,0.04,0.4,0.02,0.81,NA,25,0.04,14325.15,"C:/Users/freya/OneDrive - Dalhousie University/Ch 1/Freya_Scallops/SCAL_Freya_Methods_2025-11-14.csv",100.2,84.5,6011.4,5069.8,0.78,0.65
"329","2025\09\24\T9.DATA",1.7,489.9,2.4,1.9,238.5,5.7,4.1,NA,6.5,3,122.7,29.9,3819.8,43.9,76,284.1,45.4,NA,111.3,17,1020.1,9.1,20.3,118.1,34.7,18.2,20.9,6,16.4,961,NA,0.9,190.1,674.5,7.9,127.5,7,65.4,81,9.1,11.8,57.5,10.9,524.8,22.7,7.1,119,NA,103.7,111,9.2,6.8,80.4,13.2,12.9,173.4,30.2,61.6,4023.5,10.6,3.6,10.7,NA,8.3,18.3,18.3,244.2,558.4,9.9,74.4,11.2,155.4,NA,4944.2,7.8,99.1,29396.9,141.1,116.7,14312.2,344,249,NA,391.5,178.7,7364.5,1794.6,229190,2634.8,4559.8,17043.8,2726.1,NA,6676.6,1018.8,NA,546.1,1215.8,7088.7,2081.5,1090.9,1251.5,357.9,981.6,57658.9,NA,56.9,11404.4,40469.1,476.4,7651.8,420.4,3926.2,4858.5,545.2,705.4,3449.7,651.2,31491,1359.6,428,7137.5,NA,6219.8,6662.4,554.3,409.1,4824.8,794.2,771.8,10403.1,1814,3698.6,241412.9,636.9,218.2,641.9,NA,497.8,1095.1,1096,14651.1,33501.1,595.7,4465,673.9,9322.3,NA,296654.7,466.1,0.01,0,0.01,0.01,1.37,0.03,0.02,NA,0.04,0.02,0.7,0.17,21.28,0.25,0.43,1.59,0.25,NA,0.61,0.09,0.09,0.05,0.11,0.65,0.2,0.1,0.11,0.03,0.09,5.16,NA,0.01,1.03,3.64,0.04,0.68,0.04,0.35,0.43,0.05,0.06,0.31,0.06,2.82,0.12,0.04,0.63,NA,0.55,0.58,0.05,0.04,0.42,0.07,0.07,0.9,0.16,0.32,20.96,0.06,0.02,0.06,NA,0.04,0.1,0.1,1.27,2.91,0.05,0.38,0.06,0.79,NA,24.77,0.04,20225.15,"C:/Users/freya/OneDrive - Dalhousie University/Ch 1/Freya_Scallops/SCAL_Freya_Methods_2025-11-14.csv",147.7,132.4,8860,7944.3,0.77,0.69
"330","2025\09\24\T10_1.DATA",1.6,607.6,1.7,0.8,219.8,2.9,NA,NA,6.4,3.1,110.1,28.9,3522.8,41,66.1,257.6,41.5,NA,101.8,15,739.6,7.9,18.8,109.2,34.6,18.1,17.6,4.7,14.9,874.7,NA,1,172.1,616.6,7.3,6.8,5.9,60.1,76.6,7.4,11.4,54.6,9.9,490.8,21.5,6.4,3.3,117.3,101.9,109.9,8.9,9.3,75.2,12.4,12.4,157.3,29.7,58.7,3713.4,10,NA,9.2,NA,6.9,15,18.5,221.1,601.3,8.7,69,13.3,145.5,NA,4556.8,2.8,95.2,36456.9,99.5,50.9,13189.8,172.6,NA,NA,386.5,187.2,6607.6,1736.8,211368.2,2460.7,3964.6,15458.3,2487.3,NA,6105.8,897.1,NA,472.2,1126.5,6549.9,2075.1,1087.4,1055.3,281.6,893.8,52484.8,NA,59.3,10328,36996.9,437.6,410.8,351.3,3608.9,4597.3,444.8,684.7,3279,593,29447.9,1288.3,384.6,199.7,7035.1,6113.4,6595.1,535.2,558.6,4509.4,742,746.2,9440.5,1782.1,3520.5,222803.9,598.5,NA,552.7,NA,414.2,898.5,1112,13267.4,36080.9,520.3,4138.9,798.8,8729.1,NA,273405,168.6,0.01,0,0.01,0.01,1.37,0.02,NA,NA,0.04,0.02,0.68,0.18,21.3,0.25,0.4,1.57,0.25,NA,0.61,0.09,0.07,0.04,0.11,0.65,0.21,0.11,0.1,0.03,0.09,5.1,NA,0.01,1.01,3.61,0.04,0.04,0.03,0.35,0.45,0.04,0.07,0.32,0.06,2.86,0.13,0.04,0.02,0.67,0.58,0.62,0.05,0.05,0.43,0.07,0.07,0.89,0.17,0.33,20.99,0.06,NA,0.05,NA,0.04,0.08,0.1,1.25,3.4,0.05,0.38,0.07,0.81,NA,24.77,0.02,18836.51,"C:/Users/freya/OneDrive - Dalhousie University/Ch 1/Freya_Scallops/SCAL_Freya_Methods_2025-11-14.csv",148.2,134.7,8891.2,8085,0.84,0.76
"331","2025\09\24\T10_2.DATA",1.4,622.2,2.3,0.9,224.3,5.8,0.8,NA,6.4,3,116.1,26.8,3571,42.2,76.6,263,43.1,NA,103.3,16.8,716.4,8.9,19.9,111.6,33.9,17.9,19.8,5.6,15,883.4,NA,19.4,174.2,624.8,7.2,6.1,6.6,62.1,75.5,6.2,11.8,55,9.7,479.7,20.2,7,110.6,NA,98.2,104.2,8,6.8,76.5,12.6,14,160.5,30.3,60,3752.7,10.4,NA,9.4,NA,8,17.7,12.2,223.8,606.5,9.2,69.7,15.2,147,NA,4604.6,3.2,85.8,37329.7,140,51.9,13459.4,345,47.6,NA,385.1,181.1,6967.3,1608.2,214262.3,2533.5,4596.7,15778.3,2583.3,NA,6195.1,1008.2,NA,532.6,1192.3,6698.9,2032.3,1071.2,1187.8,336.2,900.7,53004.8,NA,1163,10449.6,37488.8,433.3,368.7,393.8,3726.4,4528.5,373.2,705.2,3302.7,582.2,28779.5,1210,419,6633.4,NA,5893,6254.4,479.5,407.6,4592,758.7,837.8,9631.8,1818.1,3599.7,225161.6,624.5,NA,563.5,NA,483,1064,732.8,13427.1,36389.8,550.6,4184.7,909.6,8819.4,NA,276275.3,194.2,0.01,0,0.01,0.01,1.4,0.03,0,NA,0.04,0.02,0.72,0.16,21.51,0.26,0.46,1.59,0.26,NA,0.62,0.1,0.07,0.05,0.12,0.67,0.21,0.11,0.11,0.03,0.09,5.13,NA,0.11,1.02,3.65,0.04,0.04,0.04,0.36,0.44,0.04,0.07,0.32,0.06,2.78,0.12,0.04,0.63,NA,0.56,0.59,0.05,0.04,0.43,0.07,0.08,0.9,0.17,0.34,21.13,0.06,NA,0.05,NA,0.05,0.1,0.07,1.26,3.42,0.05,0.39,0.08,0.81,NA,24.93,0.02,19003.19,"C:/Users/freya/OneDrive - Dalhousie University/Ch 1/Freya_Scallops/SCAL_Freya_Methods_2025-11-14.csv",127.7,19.6,7661.9,1178.8,0.72,0.11
"332","2025\09\24\T11.DATA",0.3,2014.2,2.7,2.2,226,5.7,NA,NA,5.8,2.5,93.5,21.8,3754,37.6,39.6,269.1,37.3,NA,187.8,12.4,215.7,10.3,19.1,132.4,5.3,12.7,16.9,4.1,14.7,1021.9,NA,23.3,173.2,598.2,22.1,10.8,17.4,62.8,72.3,8.3,8.4,43.2,4.5,462.5,13.6,16,125.1,NA,101.1,102.4,NA,11.9,70.3,14.2,17.8,190.1,29.8,52.3,3646.8,7.2,NA,22.6,6.2,5.9,11.7,10.3,223.5,5184.5,6.1,66.8,26,133.7,NA,4140.1,25.6,16.3,120851.1,161.4,131.5,13560.7,341.8,NA,NA,348.2,148.1,5609.9,1308,225241.4,2257.2,2378.5,16148.5,2237.2,NA,11266.1,744.5,NA,618.7,1146.8,7944.9,320.1,763.5,1013.1,245.7,879.2,61315.1,NA,1397.4,10392.3,35891.1,1326.9,647.9,1043.8,3770.7,4336.6,498.5,502,2594.4,273,27747.9,813.8,957.7,7505.8,NA,6066.3,6143.2,NA,715.7,4219.6,853.9,1070.9,11403.1,1785.2,3140.5,218806.2,434,NA,1358,369.2,356.6,700.2,616.8,13412.3,311067.8,368.2,4007,1560.2,8023.7,NA,248406.2,1538.9,0,0,0.01,0.01,1.13,0.03,NA,NA,0.03,0.01,0.47,0.11,18.18,0.18,0.19,1.31,0.18,NA,0.9,0.06,0.02,0.05,0.09,0.63,0.03,0.06,0.08,0.02,0.07,4.77,NA,0.11,0.81,2.81,0.1,0.05,0.08,0.29,0.34,0.04,0.04,0.2,0.02,2.16,0.06,0.07,0.57,NA,0.46,0.47,NA,0.05,0.32,0.07,0.08,0.86,0.13,0.24,16.51,0.03,NA,0.1,0.03,0.03,0.05,0.05,1.01,23.48,0.03,0.3,0.12,0.59,NA,18.03,0.11,24532.52,"C:/Users/freya/OneDrive - Dalhousie University/Ch 1/Freya_Scallops/SCAL_Freya_Methods_2025-11-14.csv",43,62.6,2578.5,3754,0.19,0.28
"333","2025\09\24\T12.DATA",0.7,1231.5,1.7,2.4,160.4,4.3,NA,NA,4,1.3,68.4,16.8,2581.4,22.4,24.8,169.4,24.9,NA,122.2,6.8,NA,22.7,11.5,90,NA,6.2,10.7,2.9,10.5,684,NA,0.7,113.8,402,17.8,6.7,7.6,40,48.3,4.8,6.1,32.6,5.6,298.1,10.3,12.1,79.1,NA,67.9,72.3,NA,5.5,48.7,8.9,12.2,128.2,21.6,38.2,2428.5,5.2,10.4,8.1,5.3,4.3,8,NA,143.7,4198.2,3.9,47.3,5.9,92.8,NA,2919.2,8.6,42.6,73892.8,99.4,144.1,9624.8,257.4,NA,NA,241.4,75.4,4103,1009.9,154883,1345.4,1486.2,10161.1,1495.5,NA,7332.6,407.1,NA,1360.9,692.5,5398.3,NA,373.4,642.2,174.1,633,41037.2,NA,41.7,6825.6,24122.6,1070.9,401.4,453.4,2402.7,2900.2,288.8,367.4,1958.3,338.7,17886.5,616.3,727.3,4747,NA,4076,4336.2,NA,330.1,2922.6,535.3,734.6,7689.2,1298.5,2291.5,145707.3,310.7,625,486.5,319.4,260.4,479,NA,8620.7,251891.6,236.5,2841,353.4,5568.4,NA,175149.5,518.9,0,0,0.01,0.02,1.13,0.03,NA,NA,0.03,0.01,0.48,0.11,17.61,0.15,0.17,1.16,0.17,NA,0.82,0.05,NA,0.14,0.08,0.61,NA,0.04,0.07,0.02,0.07,4.5,NA,0,0.75,2.66,0.12,0.04,0.05,0.26,0.32,0.03,0.04,0.21,0.04,1.96,0.07,0.08,0.51,NA,0.44,0.46,NA,0.04,0.31,0.06,0.08,0.82,0.14,0.24,15.49,0.03,0.07,0.05,0.03,0.03,0.05,NA,0.92,26.77,0.02,0.3,0.04,0.58,NA,17.9,0.05,17193.31,"C:/Users/freya/OneDrive - Dalhousie University/Ch 1/Freya_Scallops/SCAL_Freya_Methods_2025-11-14.csv",30.9,40.1,1856.6,2406.5,0.2,0.26
"334","2025\09\24\T13.DATA",1.6,1623.8,3.4,2.3,226.2,5.4,NA,NA,6.3,2.2,95.2,22.2,3753.5,37.3,36.2,238.9,35.5,NA,171.9,9,604.5,6.8,15.7,131.8,5.9,13.7,15.8,4.2,14.4,988.6,NA,19,159.5,584.1,26.8,9.6,9.6,57.3,72.3,8.8,10,48.4,9.6,434.4,15.7,17.2,114.1,NA,95.7,100.9,NA,3.8,69.8,15.1,20,183.1,30.8,54.9,3550.2,7.4,14.8,12.4,5.8,5.9,10.5,4.7,209.4,5568.3,5.8,67.1,7.9,132.6,NA,4228,23.7,96.9,97428.8,206.6,139.6,13574.6,322.9,NA,NA,380.4,132.9,5713.1,1331.2,225209.8,2238.9,2172.1,14331.8,2128.5,NA,10314.7,540.1,NA,406.1,942.7,7907.9,356.7,820.9,949.1,254.6,864.6,59314.4,NA,1141.2,9567.6,35044.1,1608.1,575.4,573.9,3438.1,4335.7,525.3,602.3,2902.5,573.9,26062.6,939.9,1033.8,6848.4,NA,5744.8,6052.7,NA,229.5,4188.3,908.1,1201.7,10988.7,1846.3,3291.6,213009.4,442.4,889,746.2,347.6,356.6,630.9,284.4,12566.1,334099.4,347.8,4027.1,476.9,7958.5,NA,253677.4,1422.1,0.01,0,0.02,0.01,1.12,0.02,NA,NA,0.03,0.01,0.47,0.11,18.05,0.18,0.18,1.15,0.17,NA,0.82,0.04,0.05,0.03,0.08,0.63,0.03,0.07,0.07,0.02,0.07,4.58,NA,0.09,0.74,2.72,0.12,0.04,0.04,0.27,0.33,0.04,0.05,0.22,0.04,2.01,0.07,0.08,0.52,NA,0.43,0.46,NA,0.02,0.32,0.07,0.09,0.82,0.14,0.25,15.96,0.03,0.07,0.06,0.03,0.03,0.05,0.02,0.94,25.03,0.03,0.3,0.04,0.58,NA,18.28,0.1,24168.69,"C:/Users/freya/OneDrive - Dalhousie University/Ch 1/Freya_Scallops/SCAL_Freya_Methods_2025-11-14.csv",43.7,58.2,2623.2,3492.3,0.2,0.26
"335","2025\09\24\T14.DATA",0.4,1251.9,1.9,2.7,156,3.8,NA,NA,4.4,1.3,68.1,15.6,2554.5,24,26.7,167.1,26.7,NA,115.9,10.4,269.8,8.1,13.1,92.1,4.6,9.6,13.4,3.9,10.5,661.3,NA,0.7,113.4,388.6,16.8,6.5,6.3,38.6,46.5,4.7,5.6,31.9,5.4,290.8,10.7,12.3,75.3,NA,68.9,70.7,NA,7.5,47.5,10.4,12.9,120.6,21.1,38.6,2342.6,4.7,9.8,7.6,4.2,3.8,6.9,11.1,134.5,3416.7,4,44.1,5.4,92.4,NA,2817.1,8.3,22.5,75114.2,115.3,162.2,9360.6,225.5,NA,NA,262.9,77.6,4084.9,937.8,153270.7,1441.4,1602.6,10028.9,1599.9,NA,6953.7,622.7,NA,485.8,786,5526.5,274.7,576.5,806.7,232.1,629.1,39679.3,NA,44.3,6805.6,23317.4,1008.9,391.1,377.6,2313.2,2788.4,282.9,336.3,1911.8,326.9,17445.6,643.6,738.5,4520.1,NA,4136.5,4239.6,NA,450.3,2847.7,622.7,772.6,7234.1,1267.6,2317.2,140557.7,280.8,586.7,454.9,249.5,227.2,412.1,664.6,8068.5,204999.8,239.1,2643.7,325.8,5545,NA,169023.6,496.8,0,0,0.01,0.02,1.18,0.03,NA,NA,0.03,0.01,0.51,0.11,18.7,0.18,0.2,1.23,0.2,NA,0.84,0.08,0.03,0.06,0.1,0.67,0.03,0.07,0.09,0.03,0.08,4.67,NA,0.01,0.8,2.76,0.12,0.05,0.04,0.27,0.33,0.03,0.04,0.22,0.04,2.05,0.08,0.09,0.52,NA,0.48,0.49,NA,0.05,0.33,0.07,0.09,0.83,0.14,0.26,16.03,0.03,0.07,0.05,0.03,0.03,0.05,0.08,0.92,23.38,0.03,0.3,0.04,0.62,NA,18.54,0.06,16123.51,"C:/Users/freya/OneDrive - Dalhousie University/Ch 1/Freya_Scallops/SCAL_Freya_Methods_2025-11-14.csv",31.5,33.9,1887.8,2035.8,0.22,0.23
"336","2025\09\24\T15.DATA",1.4,1243.8,0.2,1.9,141.5,4,NA,NA,3.8,1.2,60.1,13.5,2291.1,21.3,25.7,159.6,23.6,NA,105.9,7.7,167.5,6.3,11.5,82.6,4.5,8.3,11.2,2.7,8.9,628.3,NA,11.7,101.9,360.2,4.2,5.5,5.9,36,45,4.4,5.7,30.2,5.5,276.3,10.1,10.7,70.2,NA,62.4,64,NA,4.4,44.1,10.5,12.9,113.7,18.4,33.9,2168.8,4.4,10.1,7,4.2,3.9,7.4,1.6,131.9,3640.9,3.7,40.8,5,81.1,NA,2505.6,8.5,82.1,74630.1,11.2,111.3,8487.7,239,NA,NA,225.6,74.5,3608.9,807.8,137468.4,1279.4,1543.8,9578.1,1416.3,NA,6351.8,462,NA,379.1,690.8,4956.3,270.2,499,674.9,164.6,536.9,37697.3,NA,700.9,6114,21611.4,251.7,328.9,351.4,2160.2,2697.2,261.1,340.1,1809.4,331.7,16578.7,608,644.9,4210.6,NA,3744.5,3842.2,NA,266.8,2645,632.1,772.4,6822.8,1103.2,2035,130128.8,265.3,604.5,419.3,249.1,234.3,443.4,94.7,7916.3,218453.2,223.8,2446.1,301.3,4865.6,NA,150337.8,512.8,0.01,0,0,0.01,1.13,0.03,NA,NA,0.03,0.01,0.48,0.1,17.72,0.17,0.2,1.24,0.18,NA,0.81,0.06,0.02,0.05,0.09,0.63,0.04,0.06,0.08,0.02,0.07,4.68,NA,0.09,0.76,2.7,0.03,0.04,0.04,0.27,0.34,0.03,0.04,0.22,0.04,2.06,0.08,0.08,0.51,NA,0.46,0.47,NA,0.03,0.32,0.08,0.09,0.82,0.13,0.25,15.68,0.03,0.07,0.05,0.03,0.03,0.05,0.01,0.95,26.32,0.03,0.29,0.04,0.57,NA,17.42,0.06,15281.57,"C:/Users/freya/OneDrive - Dalhousie University/Ch 1/Freya_Scallops/SCAL_Freya_Methods_2025-11-14.csv",27,35.5,1618.4,2131.6,0.2,0.26
"337","2025\09\24\T16.DATA",2,9463.3,3,1,156.1,4.7,NA,NA,5,1.5,77,18.6,2474.9,24.8,48.5,176.8,28.5,NA,61.9,10.7,404.1,5.8,13,72.7,15.7,10.1,12.6,4,11.1,641,NA,12.9,130.9,405.1,4.6,NA,5.1,44.7,49.3,4.9,7.5,36.6,8.1,326.4,12.8,6.5,68,NA,65.5,64.9,6.2,6.2,48.9,9.2,8.8,90,19.3,36.8,2269.8,8.8,NA,7.9,NA,3.7,9.1,10.9,144.9,9.2,4.9,43.5,3.9,95.1,NA,2790.8,3.1,122.8,567797.3,178.9,61.6,9368.1,279.7,NA,NA,298.4,88.2,4620.2,1117.2,148492.4,1490.6,2912.3,10605,1709.1,NA,3715.3,642.2,NA,348.2,778.3,4364.5,941.8,603.9,758.9,241.2,664.8,38459.3,NA,772.7,7852.6,24303.5,278.7,NA,306.5,2684.8,2956,294.6,451.8,2196.3,487,19585.9,768.5,391.4,4081.5,NA,3931.8,3894.4,369.3,373,2934.7,553.2,526.2,5397.5,1157.7,2207.1,136190.1,526.5,NA,472.9,NA,224.2,547.7,653.7,8692.2,551.6,294.5,2607.4,233.9,5705.3,NA,167447.9,188.3,0.02,0,0.03,0.01,1.56,0.04,NA,NA,0.05,0.01,0.77,0.18,23.96,0.24,0.47,1.72,0.28,NA,0.59,0.1,0.06,0.05,0.12,0.7,0.15,0.1,0.11,0.04,0.11,5.98,NA,0.12,1.23,3.8,0.04,NA,0.05,0.42,0.46,0.05,0.07,0.34,0.08,3.05,0.12,0.06,0.62,NA,0.6,0.59,0.06,0.06,0.44,0.08,0.08,0.81,0.17,0.33,20.54,0.08,NA,0.07,NA,0.03,0.08,0.1,1.31,0.08,0.04,0.39,0.03,0.84,NA,24.29,0.03,20794.02,"C:/Users/freya/OneDrive - Dalhousie University/Ch 1/Freya_Scallops/SCAL_Freya_Methods_2025-11-14.csv",70.5,27,4230.2,1618.7,0.64,0.24
"338","2025\09\24\T17.DATA",1.8,8529.6,2.5,0.6,147.8,2.8,3.1,NA,4.1,1.8,79.7,21.5,2417.9,26,49.5,157,26.1,NA,68.7,10.1,358.1,6.6,11.4,80,27.3,8.8,12.3,5.9,9.9,718.1,NA,0.8,126.5,463.4,4.2,6.1,4.9,42,48.5,4.4,6.5,33.1,7.3,267.1,11.9,6.5,77.5,NA,70.1,47.6,10.2,7.2,50,9.3,10,117.1,18,31.8,2086.1,4.5,NA,8.5,NA,5.7,11,NA,130.9,NA,6.3,46.7,NA,92.6,NA,2925.7,3.3,106.8,511775.4,151.8,38.8,8870.3,165.1,183.4,NA,244.5,106.3,4784.3,1287.3,145076.1,1562.5,2967.1,9421.7,1566.6,NA,4124.8,606.4,NA,397.5,686.9,4802.4,1639.1,528.9,737.3,351.2,593.1,43086.5,NA,50.5,7590.2,27806.8,254,363.1,296.9,2517.1,2911.8,265.1,389.5,1983.4,436.2,16027.5,711.8,387,4650.7,NA,4204.7,2853.1,609,434.5,2998.6,559.1,599.8,7024,1077.7,1905.9,125166.3,272.4,NA,509.8,NA,339.7,660.9,NA,7854.7,NA,376.1,2804.7,NA,5555.4,NA,175543.8,197.8,0.02,0,0.03,0.01,1.48,0.02,0.03,NA,0.04,0.02,0.79,0.21,23.41,0.25,0.48,1.53,0.25,NA,0.66,0.1,0.06,0.06,0.11,0.77,0.27,0.08,0.11,0.06,0.1,6.7,NA,0.01,1.19,4.35,0.04,0.06,0.05,0.39,0.45,0.04,0.06,0.31,0.07,2.49,0.11,0.06,0.71,NA,0.64,0.43,0.09,0.07,0.45,0.09,0.09,1.06,0.16,0.29,18.89,0.04,NA,0.08,NA,0.05,0.1,NA,1.19,NA,0.06,0.41,NA,0.82,NA,25.47,0.03,19940.55,"C:/Users/freya/OneDrive - Dalhousie University/Ch 1/Freya_Scallops/SCAL_Freya_Methods_2025-11-14.csv",89.4,74.4,5365.3,4461.6,0.81,0.67
"339","2025\09\24\T18.DATA",1.4,6307.5,2.5,0.9,152.2,4.3,NA,NA,4,1,73.3,18.2,2372,24.4,45.6,176.9,27.5,NA,63,10,400.8,5.1,11.5,72.4,14.2,9.5,12,4.6,10.1,589.6,NA,13,120,403.8,5,NA,4.9,41.6,50,4.3,6.9,35.9,6.6,322.3,12.4,4.5,69.3,NA,66.4,57.9,5.5,NA,48.4,9.5,8.6,92.9,19.1,36,2280.8,8.8,NA,6.2,NA,4.3,9.7,NA,146.4,12.1,5.7,43.1,2.2,101,NA,2756.5,0.9,83.7,378448.6,149.6,53.2,9134.3,260.2,NA,NA,239,61,4400.8,1094.4,142319,1462.5,2735.2,10612.5,1649.1,NA,3780.7,599.8,NA,303.2,690.2,4346.9,854.9,567.5,718.3,274.7,606.5,35373.2,NA,780.9,7202.4,24229.5,302.6,NA,295.5,2498.8,3001,259.1,415.4,2156.4,398.9,19338.4,745.4,272.9,4158.4,NA,3984.5,3472.8,328.7,NA,2903.7,571.9,513.1,5572.4,1144.6,2162.7,136847.4,527.4,NA,373.6,NA,258.6,580.4,NA,8786.4,726.3,340.4,2586.3,131.7,6062.5,NA,165392.6,51.1,0.01,0,0.03,0.01,1.56,0.04,NA,NA,0.04,0.01,0.75,0.18,23.48,0.24,0.45,1.76,0.27,NA,0.62,0.1,0.07,0.05,0.11,0.71,0.14,0.09,0.11,0.05,0.1,5.62,NA,0.12,1.15,3.87,0.05,NA,0.05,0.4,0.48,0.04,0.07,0.34,0.06,3.07,0.12,0.04,0.65,NA,0.62,0.54,0.05,NA,0.45,0.09,0.08,0.86,0.18,0.33,21.11,0.08,NA,0.06,NA,0.04,0.09,NA,1.36,0.11,0.05,0.39,0.02,0.92,NA,24.53,0.01,17442.42,"C:/Users/freya/OneDrive - Dalhousie University/Ch 1/Freya_Scallops/SCAL_Freya_Methods_2025-11-14.csv",71.3,29.5,4278.7,1771.5,0.66,0.27
"340","2025\09\24\T19.DATA",1.2,7960.1,2.5,0.6,128.9,3.2,0.9,NA,3.5,1.4,60.8,15.9,1955.5,21.2,39.8,150.1,23.4,NA,54.5,8.9,288.5,5.1,10.6,60.2,14,8.5,9.4,4.4,8.4,489.1,NA,10.9,101.3,331.6,4.1,64,4.7,34.5,40.7,3.5,5.1,29,6.3,264.1,9,4.5,56.4,NA,57.1,53.4,5.4,5.5,39,7.6,6.9,77.3,14.8,27.6,1869.8,7.3,NA,5.5,NA,3.5,7.7,NA,124.1,6.3,4.2,35.3,3.6,81.1,NA,2226.2,6.4,71.8,477604.2,149.6,36.2,7735.1,191.6,55,NA,208.5,81.7,3650.7,951.3,117332.7,1273.5,2385.4,9006,1401.9,NA,3272.6,536.9,NA,304.1,638.1,3609.3,839.2,508.9,562,261.2,505.8,29344.6,NA,653.6,6078,19896.1,247.4,3842.2,282.7,2067.9,2441.8,212.7,308.4,1739.7,376.5,15846.1,539.7,272.1,3384,NA,3424.5,3205.3,322.7,331.6,2340.4,454.6,411.5,4636.4,888.2,1655.7,112190,435.4,NA,331.2,NA,211.5,459.1,NA,7447.4,378.9,253.9,2115.9,216.9,4868.4,NA,133571.7,384,0.01,0,0.03,0.01,1.59,0.04,0.01,NA,0.04,0.02,0.75,0.19,23.36,0.25,0.48,1.8,0.28,NA,0.64,0.11,0.06,0.06,0.13,0.71,0.17,0.1,0.1,0.05,0.1,5.63,NA,0.13,1.17,3.84,0.05,0.74,0.05,0.4,0.47,0.04,0.06,0.33,0.07,3.04,0.1,0.05,0.64,NA,0.64,0.6,0.06,0.06,0.44,0.09,0.08,0.86,0.17,0.31,20.88,0.08,NA,0.06,NA,0.04,0.09,NA,1.39,0.07,0.05,0.39,0.04,0.89,NA,23.91,0.07,17188.11,"C:/Users/freya/OneDrive - Dalhousie University/Ch 1/Freya_Scallops/SCAL_Freya_Methods_2025-11-14.csv",56.3,19.5,3378.7,1168.2,0.63,0.22
"341","2025\09\24\T20_1.DATA",1.5,8667.6,2.2,0.6,126.6,2.9,3.1,NA,3.5,1.2,66.5,16.4,1963.5,21.4,45.2,138.2,21.7,NA,57.5,8.6,241.1,5.5,9.7,67.7,17.6,8.1,10.5,5.2,8.3,564.2,NA,6.3,102.2,353.9,3.7,NA,1.9,34.8,41.3,3.8,4.8,26.5,5.1,221.8,9,4.5,65.2,NA,68.4,41.7,6.9,6.6,43.6,7.4,6.9,93.4,14.4,27.1,1783.8,3.4,NA,5.1,NA,4.2,8.5,NA,111.5,5.6,4.8,38.8,2.6,76.6,NA,2411.9,1,89,520054.2,133.2,36.1,7593.4,172.5,187.1,NA,209,72.3,3992.6,983,117810.4,1286.5,2710.2,8294.6,1302.9,NA,3450.5,513.7,NA,327.5,582.4,4064.2,1053.5,483.1,631.7,313.4,498.5,33849.5,NA,379,6132.4,21232.7,220,NA,113.8,2090,2476.2,228.8,289.6,1591,303.2,13305.9,538.7,268.9,3913.7,NA,4105.6,2503.4,411.3,396,2613.6,445.5,413.7,5606.3,862.1,1626.3,107025.2,206.5,NA,307.3,NA,251.3,512.1,NA,6691.9,333.1,286.8,2326.9,157.1,4598.8,NA,144717,61.8,0.02,0,0.03,0.01,1.54,0.03,0.03,NA,0.04,0.01,0.81,0.19,23.14,0.25,0.54,1.64,0.26,NA,0.67,0.1,0.05,0.06,0.11,0.79,0.21,0.09,0.12,0.06,0.1,6.41,NA,0.07,1.17,4.04,0.04,NA,0.02,0.4,0.47,0.04,0.05,0.3,0.06,2.52,0.1,0.05,0.73,NA,0.76,0.46,0.08,0.07,0.48,0.08,0.08,1.03,0.16,0.3,19.66,0.04,NA,0.06,NA,0.05,0.09,NA,1.23,0.06,0.05,0.42,0.03,0.83,NA,25.56,0.01,18085.72,"C:/Users/freya/OneDrive - Dalhousie University/Ch 1/Freya_Scallops/SCAL_Freya_Methods_2025-11-14.csv",66.1,28.8,3964.1,1729,0.73,0.32
"342","2025\09\24\T20_2.DATA",1.1,8716.8,2,0.6,128.3,3,0.5,NA,3.5,1,67.8,15.7,1995.3,21.1,46.6,138.9,22.3,NA,57.9,9.1,279.3,5.7,9.9,68.9,16.7,7.6,9.7,4.8,8.4,573.5,NA,0.7,103.5,359.7,3.5,4.9,4.6,35.7,41.8,3,5.1,27.6,5.7,227.1,8.5,4.9,65.7,NA,69.5,42.9,7.3,7.4,44.9,7.7,7.1,94.2,15.2,27.8,1812.2,3.7,NA,4.6,NA,4.6,8.9,NA,113.2,5.7,4.6,38.7,2.1,78.5,NA,2441,4.1,63.2,523006.2,122.2,38.6,7695.3,178.2,28.6,NA,210.2,58.4,4066.9,943.4,119717.5,1264.8,2793.4,8335.2,1336.4,NA,3472.2,544.6,NA,342.9,594,4131.2,1002.8,456.2,583.5,289.9,502,34412.4,NA,41.1,6209.6,21579.3,212.4,294.7,278.3,2139.5,2506.8,180.9,303.7,1656.3,343.9,13628.6,509.9,296.3,3939.5,NA,4172.4,2575.3,436.1,441.2,2692.2,463.1,427.2,5649.6,910.1,1668.4,108734.7,219.5,NA,278.8,NA,274.9,533.5,NA,6791.7,340.7,277.7,2323.9,124.7,4708.9,NA,146460,243.3,0.01,0,0.02,0.01,1.54,0.03,0.01,NA,0.04,0.01,0.81,0.18,23.19,0.25,0.54,1.62,0.26,NA,0.67,0.1,0.05,0.06,0.11,0.79,0.2,0.09,0.11,0.06,0.1,6.43,NA,0.01,1.17,4.05,0.04,0.06,0.05,0.4,0.47,0.03,0.06,0.31,0.06,2.54,0.1,0.05,0.72,NA,0.76,0.47,0.08,0.08,0.49,0.08,0.08,1.02,0.16,0.3,19.7,0.04,NA,0.05,NA,0.05,0.1,NA,1.23,0.06,0.05,0.41,0.02,0.84,NA,25.51,0.04,18229.68,"C:/Users/freya/OneDrive - Dalhousie University/Ch 1/Freya_Scallops/SCAL_Freya_Methods_2025-11-14.csv",63.7,24.1,3823.5,1448.8,0.69,0.26
"343","2025\11\14\SCAL_2008.DATA",48.2,678168.5,NA,NA,28521.4,NA,NA,NA,823.9,177.7,14195.9,7100,368245,NA,NA,21001.3,6043.8,NA,9801.5,NA,NA,3189,2386.2,6277.2,15855.3,NA,1445.6,NA,NA,103148.3,NA,1140.5,13467,77183.9,NA,NA,NA,5529.4,2628.3,NA,NA,6091.6,NA,28684.1,NA,NA,NA,4698.9,8634,139.2,NA,NA,3905.5,NA,NA,25050.9,127.1,4037.6,382608,NA,NA,NA,NA,NA,489.4,NA,11458,402090.2,NA,NA,NA,NA,NA,NA,NA,0.8,11302.8,NA,NA,475.4,NA,NA,NA,13.7,3,236.6,118.3,6137.4,NA,NA,350,100.7,NA,163.4,NA,NA,53.1,39.8,104.6,264.3,NA,24.1,NA,NA,1719.1,NA,19,224.4,1286.4,NA,NA,NA,92.2,43.8,NA,NA,101.5,NA,478.1,NA,NA,NA,78.3,143.9,2.3,NA,NA,65.1,NA,NA,417.5,2.1,67.3,6376.8,NA,NA,NA,NA,NA,8.2,NA,191,6701.5,NA,NA,NA,NA,NA,NA,NA,0,0,NA,NA,1.93,NA,NA,NA,0.06,0.01,0.95,0.46,24.07,NA,NA,1.38,0.4,NA,0.63,NA,NA,0.19,0.16,0.41,1.05,NA,0.09,NA,NA,6.5,NA,0.07,0.85,4.89,NA,NA,NA,0.35,0.17,NA,NA,0.38,NA,1.81,NA,NA,NA,0.29,0.53,0.01,NA,NA,0.24,NA,NA,1.53,0.01,0.25,23.38,NA,NA,NA,NA,NA,0.03,NA,0.7,24.57,NA,NA,NA,NA,NA,NA,NA,40189.43,"C:/Users/freya/OneDrive - Dalhousie University/Ch 1/Freya_Scallops/SCAL_Freya_Redo_2025-11-16.csv",12872.4,14372.8,214.5,239.5,0.79,0.88
"344","2025\11\14\SCAL_0507.DATA",886.3,452934.8,227.4,NA,13834.4,NA,NA,NA,320.7,NA,6974.1,3165.8,217858.9,NA,NA,16096.3,2794.4,NA,968.9,NA,NA,792.9,892.3,NA,9208.9,NA,1200.9,NA,NA,67783.6,NA,673.4,8786.6,60606,NA,NA,NA,3364.4,4847.3,NA,502.1,5218.3,NA,34499,NA,NA,NA,NA,10044.6,16841.6,NA,NA,2998.4,NA,NA,14085,1023.5,3816.8,280341.8,NA,NA,NA,NA,NA,136.5,NA,8702.4,192170.6,NA,NA,NA,7829.6,NA,361935,NA,14.8,7548.9,3.8,NA,230.6,NA,NA,NA,5.3,NA,116.2,52.8,3631,NA,NA,268.3,46.6,NA,16.1,NA,NA,13.2,14.9,NA,153.5,NA,20,NA,NA,1129.7,NA,11.2,146.4,1010.1,NA,NA,NA,56.1,80.8,NA,8.4,87,NA,575,NA,NA,NA,NA,167.4,280.7,NA,NA,50,NA,NA,234.7,17.1,63.6,4672.4,NA,NA,NA,NA,NA,2.3,NA,145,3202.8,NA,NA,NA,130.5,NA,6032.2,NA,0.06,0,0.02,NA,1.09,NA,NA,NA,0.03,NA,0.55,0.24,16.67,NA,NA,1.24,0.21,NA,0.07,NA,NA,0.06,0.07,NA,0.72,NA,0.09,NA,NA,5,NA,0.05,0.65,4.49,NA,NA,NA,0.25,0.36,NA,0.04,0.38,NA,2.54,NA,NA,NA,NA,0.73,1.21,NA,NA,0.22,NA,NA,1.01,0.07,0.27,20.06,NA,NA,NA,NA,NA,0.01,NA,0.62,13.75,NA,NA,NA,0.55,NA,24.9,NA,30762.33,"C:/Users/freya/OneDrive - Dalhousie University/Ch 1/Freya_Scallops/SCAL_Freya_Redo_2025-11-16.csv",3324.8,20743.4,55.4,345.7,0.24,1.48
"345","2025\11\14\SCAL_0506.DATA",489.1,461684.2,NA,NA,17839,NA,NA,NA,380.1,NA,7529.1,3676,223658.9,NA,NA,18931.2,3534.1,NA,4011.7,254.6,NA,NA,751.8,5769.7,NA,NA,NA,NA,NA,61451.1,NA,780.3,7654.5,57845,NA,NA,NA,3335,4611.9,NA,NA,3709.7,NA,24366.6,NA,NA,NA,NA,9236.6,9308.2,NA,NA,2465,NA,NA,14284.4,383.2,1902.9,283215.4,NA,NA,NA,NA,NA,414.6,NA,10845.5,183439.4,NA,NA,NA,7273.9,NA,367162.2,NA,8.2,7694.7,NA,NA,297.3,NA,NA,NA,6.3,NA,125.5,61.3,3727.6,NA,NA,315.5,58.9,NA,66.9,4.2,NA,NA,12.5,96.2,NA,NA,NA,NA,NA,1024.2,NA,13,127.6,964.1,NA,NA,NA,55.6,76.9,NA,NA,61.8,NA,406.1,NA,NA,NA,NA,153.9,155.1,NA,NA,41.1,NA,NA,238.1,6.4,31.7,4720.3,NA,NA,NA,NA,NA,6.9,NA,180.8,3057.3,NA,NA,NA,121.2,NA,6119.4,NA,0.04,0,NA,NA,1.43,NA,NA,NA,0.03,NA,0.6,0.29,17.36,NA,NA,1.48,0.28,NA,0.31,0.02,NA,NA,0.06,0.44,NA,NA,NA,NA,NA,4.6,NA,0.06,0.58,4.35,NA,NA,NA,0.25,0.35,NA,NA,0.28,NA,1.82,NA,NA,NA,NA,0.68,0.68,NA,NA,0.18,NA,NA,1.04,0.03,0.14,20.56,NA,NA,NA,NA,NA,0.03,NA,0.79,13.31,NA,NA,NA,0.52,NA,25.62,NA,30464.24,"C:/Users/freya/OneDrive - Dalhousie University/Ch 1/Freya_Scallops/SCAL_Freya_Redo_2025-11-16.csv",12992.1,12174.4,216.5,202.9,0.94,0.88
"346","2025\11\14\SCAL_0467.DATA",131.3,129315.1,NA,NA,5996.6,NA,NA,NA,NA,NA,2587.3,633.8,77512.5,NA,NA,5631.8,1030.6,NA,502.1,NA,NA,NA,NA,585.1,NA,NA,NA,NA,NA,22904.7,NA,124.7,3259.8,19674.7,NA,NA,NA,777.6,610.1,NA,NA,1157.5,NA,10989.8,NA,NA,NA,1771,NA,NA,NA,NA,441.4,NA,NA,4323,134.7,1195,90568.8,NA,NA,NA,NA,NA,NA,NA,3210.1,30266.9,NA,674.6,NA,2842.9,NA,124734.3,NA,2.2,2155.3,NA,NA,99.9,NA,NA,NA,NA,NA,43.1,10.6,1291.9,NA,NA,93.9,17.2,NA,8.4,NA,NA,NA,NA,9.8,NA,NA,NA,NA,NA,381.7,NA,2.1,54.3,327.9,NA,NA,NA,13,10.2,NA,NA,19.3,NA,183.2,NA,NA,NA,29.5,NA,NA,NA,NA,7.4,NA,NA,72,2.2,19.9,1509.5,NA,NA,NA,NA,NA,NA,NA,53.5,504.4,NA,11.2,NA,47.4,NA,2078.9,NA,0.03,0,NA,NA,1.58,NA,NA,NA,NA,NA,0.68,0.16,19.76,NA,NA,1.44,0.26,NA,0.13,NA,NA,NA,NA,0.15,NA,NA,NA,NA,NA,5.63,NA,0.03,0.8,4.86,NA,NA,NA,0.19,0.15,NA,NA,0.28,NA,2.7,NA,NA,NA,0.43,NA,NA,NA,NA,0.11,NA,NA,1.03,0.03,0.28,21.58,NA,NA,NA,NA,NA,NA,NA,0.76,7.21,NA,0.16,NA,0.66,NA,28.58,NA,9084.9,"C:/Users/freya/OneDrive - Dalhousie University/Ch 1/Freya_Scallops/SCAL_Freya_Redo_2025-11-16.csv",741.8,624.6,12.4,10.4,0.18,0.15
"347","2025\11\14\SCAL_0464.DATA",283,302516.8,NA,NA,17289,NA,NA,NA,360.8,NA,7731.5,3025.4,205726.4,NA,NA,15796.3,4209.4,NA,6024.5,NA,NA,2174.5,1767,14852.8,NA,NA,2725.7,NA,NA,61900.6,NA,667.3,7866.3,50806.9,NA,NA,NA,3387.6,3065.1,NA,NA,4296.4,NA,23346.4,NA,NA,NA,NA,10936.5,9119.2,NA,NA,3098.3,NA,NA,13392.5,1194.7,3051.1,251361,NA,NA,NA,NA,NA,NA,NA,8459.2,197284.7,NA,NA,NA,NA,NA,NA,NA,4.7,5041.9,NA,NA,288.2,NA,NA,NA,6,NA,128.9,50.4,3428.8,NA,NA,263.3,70.2,NA,100.4,NA,NA,36.2,29.4,247.5,NA,NA,45.4,NA,NA,1031.7,NA,11.1,131.1,846.8,NA,NA,NA,56.5,51.1,NA,NA,71.6,NA,389.1,NA,NA,NA,NA,182.3,152,NA,NA,51.6,NA,NA,223.2,19.9,50.9,4189.4,NA,NA,NA,NA,NA,NA,NA,141,3288.1,NA,NA,NA,NA,NA,NA,NA,0.03,0,NA,NA,1.95,NA,NA,NA,0.04,NA,0.87,0.33,22.51,NA,NA,1.74,0.46,NA,0.65,NA,NA,0.22,0.19,1.61,NA,NA,0.28,NA,NA,6.53,NA,0.07,0.83,5.39,NA,NA,NA,0.36,0.32,NA,NA,0.45,NA,2.46,NA,NA,NA,NA,1.13,0.94,NA,NA,0.32,NA,NA,1.37,0.12,0.31,25.72,NA,NA,NA,NA,NA,NA,NA,0.87,20.19,NA,NA,NA,NA,NA,NA,NA,20995.8,"C:/Users/freya/OneDrive - Dalhousie University/Ch 1/Freya_Scallops/SCAL_Freya_Redo_2025-11-16.csv",14142.3,2683.1,235.7,44.7,1.45,0.27
"348","2025\11\14\SCAL_0256.DATA",NA,8110.5,NA,NA,422.4,NA,NA,NA,NA,NA,NA,NA,6636.9,NA,NA,233.1,NA,NA,NA,NA,NA,NA,NA,NA,NA,NA,NA,NA,NA,301.9,NA,0.6,NA,235.2,NA,NA,NA,NA,NA,NA,NA,NA,NA,332.8,NA,NA,NA,NA,NA,NA,NA,NA,NA,NA,NA,NA,NA,NA,6509.8,NA,NA,NA,NA,NA,NA,NA,NA,721,NA,NA,NA,NA,NA,9115.1,NA,NA,135.2,NA,NA,7,NA,NA,NA,NA,NA,NA,NA,110.6,NA,NA,3.9,NA,NA,NA,NA,NA,NA,NA,NA,NA,NA,NA,NA,NA,5,NA,0,NA,3.9,NA,NA,NA,NA,NA,NA,NA,NA,NA,5.5,NA,NA,NA,NA,NA,NA,NA,NA,NA,NA,NA,NA,NA,NA,108.5,NA,NA,NA,NA,NA,NA,NA,NA,12,NA,NA,NA,NA,NA,151.9,NA,NA,0,NA,NA,1.89,NA,NA,NA,NA,NA,NA,NA,28.73,NA,NA,1.01,NA,NA,NA,NA,NA,NA,NA,NA,NA,NA,NA,NA,NA,1.26,NA,0,NA,0.99,NA,NA,NA,NA,NA,NA,NA,NA,NA,1.39,NA,NA,NA,NA,NA,NA,NA,NA,NA,NA,NA,NA,NA,NA,26.35,NA,NA,NA,NA,NA,NA,NA,NA,2.92,NA,NA,NA,NA,NA,35.47,NA,547.59,"C:/Users/freya/OneDrive - Dalhousie University/Ch 1/Freya_Scallops/SCAL_Freya_Redo_2025-11-16.csv",NA,NA,NA,NA,NA,NA
"349","2026\01\23\SCAL_0506.DATA",146.5,870908.6,140.9,427.3,35769.8,118.3,NA,111.7,1190.4,461.6,14718.7,6793.6,475897.5,6313.8,4126.6,40399.9,7644.5,NA,1980.4,NA,1687.5,4024.7,2760.6,15041.3,8783.4,745.6,1690.5,93.8,27858.9,135623,2174.5,3259.2,24042.3,104075.7,NA,8526.8,2007.3,1696.7,806.5,11095.2,2524.9,894.3,2491.6,48519.6,1387.9,17773,14458.8,15179.3,369.1,19034.5,NA,NA,7165.2,3016.8,169.5,31522.6,2010.8,10407.3,584212.1,NA,NA,NA,5191.2,797.6,3996.6,303.1,35697.8,601852.9,149.1,12199.4,2049.4,20540,157.7,731381.4,1037.6,NA,NA,NA,NA,NA,NA,NA,NA,NA,NA,NA,NA,NA,NA,NA,NA,NA,NA,NA,NA,NA,NA,NA,NA,NA,NA,NA,NA,NA,NA,NA,NA,NA,NA,NA,NA,NA,NA,NA,NA,NA,NA,NA,NA,NA,NA,NA,NA,NA,NA,NA,NA,NA,NA,NA,NA,NA,NA,NA,NA,NA,NA,NA,NA,NA,NA,NA,NA,NA,NA,NA,NA,NA,NA,NA,0,0,0,0.01,1.25,0,NA,0,0.04,0.02,0.51,0.23,16.11,0.21,0.14,1.37,0.26,NA,0.07,NA,0.06,0.13,0.09,0.5,0.3,0.03,0.05,0,0.95,4.43,0.07,0.11,0.79,3.41,NA,0.28,0.07,0.06,0.03,0.36,0.08,0.03,0.08,1.58,0.05,0.57,0.46,0.49,0.01,0.61,NA,NA,0.23,0.1,0.01,1,0.06,0.33,18.49,NA,NA,NA,0.16,0.03,0.13,0.01,1.13,19.05,0,0.38,0.06,0.64,0,22.26,0.03,NA,"C:/Users/freya/OneDrive - Dalhousie University/Ch 1/Freya_Scallops/SCAL_Freya_Redo_2026-01-24.csv",NA,NA,NA,NA,NA,NA
"350","2026\01\23\SCAL_0507.DATA",63.6,778321.8,325.6,757.8,25817.2,77,NA,102.2,1101.8,132.2,12609,8171.1,421003,6547.4,4451.4,32199.3,6784.9,NA,3652.3,NA,1765.8,3925.6,2491.7,16035.1,10493.2,1125.7,1747.2,112.3,32349.4,139713.2,2268.7,3023.8,24823.1,101026.7,NA,11475,1872.6,1379.8,432.3,9629.2,2070.1,575.8,2402.5,59415,796.9,15700.4,12966.8,14305.2,260.8,28852.4,NA,NA,9592.4,36367.9,188.5,28020.4,1949.3,9187.6,527071.9,NA,NA,NA,4951.6,NA,8966.3,1938.5,27881.2,653865.7,NA,12825.5,8780.2,20540.9,203.9,651824.9,1491.6,NA,NA,NA,NA,NA,NA,NA,NA,NA,NA,NA,NA,NA,NA,NA,NA,NA,NA,NA,NA,NA,NA,NA,NA,NA,NA,NA,NA,NA,NA,NA,NA,NA,NA,NA,NA,NA,NA,NA,NA,NA,NA,NA,NA,NA,NA,NA,NA,NA,NA,NA,NA,NA,NA,NA,NA,NA,NA,NA,NA,NA,NA,NA,NA,NA,NA,NA,NA,NA,NA,NA,NA,NA,NA,NA,0,0,0.01,0.03,0.93,0,NA,0,0.04,0,0.45,0.29,14.71,0.23,0.16,1.13,0.24,NA,0.13,NA,0.06,0.13,0.09,0.55,0.37,0.04,0.06,0,1.14,4.7,0.08,0.1,0.84,3.42,NA,0.39,0.06,0.05,0.01,0.32,0.07,0.02,0.08,2,0.03,0.52,0.43,0.47,0.01,0.95,NA,NA,0.31,1.2,0.01,0.92,0.06,0.3,17.21,NA,NA,NA,0.16,NA,0.29,0.06,0.91,21.35,NA,0.41,0.28,0.66,0.01,20.47,0.05,NA,"C:/Users/freya/OneDrive - Dalhousie University/Ch 1/Freya_Scallops/SCAL_Freya_Redo_2026-01-24.csv",NA,NA,NA,NA,NA,NA
"351","2026\01\23\SCAL_2008.DATA",73.4,1052629.6,NA,669,46695.9,1309.9,142.6,217.4,1828.8,852.2,22571.1,8947.1,619992.3,9517.3,5959.3,32688.5,8699.2,NA,NA,17304.5,1423.8,5387.3,2291.6,25735.7,11010.2,1451.9,946.4,91.9,32617.9,183205.7,1967.9,3655.6,29040.3,108262.3,NA,9529.8,2458.9,1632.5,643.1,6115.4,3164.9,791.6,1188,44680.6,1320.5,18070.1,30716.6,26525.5,349.9,27073.8,NA,NA,18552.7,9769.4,389,43679.7,2197.6,8084.5,615115.6,NA,NA,678.8,4432.9,503.6,3630.5,536.3,31422,1042268.8,NA,19062,2657.8,27234.7,445.4,1023042.9,1683.4,NA,NA,NA,NA,NA,NA,NA,NA,NA,NA,NA,NA,NA,NA,NA,NA,NA,NA,NA,NA,NA,NA,NA,NA,NA,NA,NA,NA,NA,NA,NA,NA,NA,NA,NA,NA,NA,NA,NA,NA,NA,NA,NA,NA,NA,NA,NA,NA,NA,NA,NA,NA,NA,NA,NA,NA,NA,NA,NA,NA,NA,NA,NA,NA,NA,NA,NA,NA,NA,NA,NA,NA,NA,NA,NA,0,0,NA,0.02,1.21,0.03,0,0.01,0.05,0.02,0.58,0.23,15.6,0.24,0.15,0.83,0.22,NA,NA,0.43,0.04,0.13,0.06,0.64,0.28,0.04,0.02,0,0.83,4.44,0.05,0.09,0.71,2.64,NA,0.23,0.06,0.04,0.02,0.15,0.08,0.02,0.03,1.08,0.03,0.43,0.73,0.63,0.01,0.64,NA,NA,0.44,0.23,0.01,1.03,0.05,0.19,14.47,NA,NA,0.02,0.1,0.01,0.09,0.01,0.74,24.53,NA,0.44,0.06,0.63,0.01,23.15,0.04,NA,"C:/Users/freya/OneDrive - Dalhousie University/Ch 1/Freya_Scallops/SCAL_Freya_Redo_2026-01-24.csv",NA,NA,NA,NA,NA,NA
"352","2026\01\23\SCAL_0346_1_23_2026 2_14_02 PM.DATA",134.5,611257.4,NA,243.9,32745.1,785.7,NA,97.5,1380,577.2,16279.2,6526.9,464915.7,6417.6,NA,3973.7,6226.9,NA,NA,13352.6,1119.6,4058.4,1746,16493,9980.7,1187.7,911.4,101.5,25939.5,144293.3,1860.6,2674.6,22813,102410,NA,5932.3,1868.1,1625,898.2,6777.4,2724.2,1103.5,1373.8,35338.5,1549.2,17961.6,21375.3,NA,216,11562.2,13994.6,NA,5067.9,3874.4,999.7,28787.6,3461.8,6014.4,444727,NA,NA,NA,2094.5,488.1,1501.8,818.8,23335.1,582200.4,NA,10992,843.2,20082.4,333.3,745617,901,NA,NA,NA,NA,NA,NA,NA,NA,NA,NA,NA,NA,NA,NA,NA,NA,NA,NA,NA,NA,NA,NA,NA,NA,NA,NA,NA,NA,NA,NA,NA,NA,NA,NA,NA,NA,NA,NA,NA,NA,NA,NA,NA,NA,NA,NA,NA,NA,NA,NA,NA,NA,NA,NA,NA,NA,NA,NA,NA,NA,NA,NA,NA,NA,NA,NA,NA,NA,NA,NA,NA,NA,NA,NA,NA,0,0,NA,0.01,1.24,0.03,NA,0,0.05,0.02,0.61,0.24,17.02,0.24,NA,0.15,0.23,NA,NA,0.49,0.04,0.14,0.06,0.6,0.37,0.04,0.03,0,0.95,5.09,0.07,0.09,0.81,3.63,NA,0.21,0.07,0.06,0.03,0.24,0.1,0.04,0.05,1.25,0.05,0.62,0.74,NA,0.01,0.4,0.48,NA,0.17,0.13,0.03,0.99,0.12,0.21,15.22,NA,NA,NA,0.07,0.02,0.05,0.03,0.8,19.92,NA,0.37,0.03,0.67,0.01,24.53,0.03,NA,"C:/Users/freya/OneDrive - Dalhousie University/Ch 1/Freya_Scallops/SCAL_Freya_Redo_2026-01-24.csv",NA,NA,NA,NA,NA,NA
"353","2026\01\23\SCAL_0467.DATA",231.1,144534.9,244.8,94,7748.3,252.1,NA,NA,281,96.4,3514.5,1774.7,107385.6,2075.3,1332.4,8358.6,192.2,2017.1,518,3231.1,507.2,1216.9,475.7,4560.3,2554.7,NA,94.8,667.5,8992.7,35982.5,722.1,781.2,7424.9,26788,NA,1899.3,496.5,354,2263.6,141.9,619.4,135,512.7,15303.4,770.5,5761.9,NA,4512.6,299.4,4871.1,NA,3995.6,4174.8,4266.2,1981,6958.9,472.6,2664.5,134203.6,NA,NA,NA,1186.3,NA,833.3,NA,8032.8,154193.4,255.4,4049.4,453.6,488.6,NA,181330.1,106.3,NA,NA,NA,NA,NA,NA,NA,NA,NA,NA,NA,NA,NA,NA,NA,NA,NA,NA,NA,NA,NA,NA,NA,NA,NA,NA,NA,NA,NA,NA,NA,NA,NA,NA,NA,NA,NA,NA,NA,NA,NA,NA,NA,NA,NA,NA,NA,NA,NA,NA,NA,NA,NA,NA,NA,NA,NA,NA,NA,NA,NA,NA,NA,NA,NA,NA,NA,NA,NA,NA,NA,NA,NA,NA,NA,0.03,0,0.03,0.01,1.09,0.03,NA,NA,0.04,0.01,0.49,0.24,14.63,0.28,0.18,1.14,0.03,0.26,0.07,0.44,0.07,0.15,0.06,0.61,0.35,NA,0.01,0.09,1.23,4.72,0.1,0.1,0.98,3.54,NA,0.25,0.07,0.05,0.3,0.02,0.08,0.02,0.07,2.01,0.1,0.74,NA,0.58,0.04,0.62,NA,0.51,0.53,0.55,0.25,0.89,0.06,0.34,17.09,NA,NA,NA,0.15,NA,0.11,NA,1.02,19.64,0.03,0.51,0.06,0.06,NA,22.21,0.01,NA,"C:/Users/freya/OneDrive - Dalhousie University/Ch 1/Freya_Scallops/SCAL_Freya_Redo_2026-01-24.csv",NA,NA,NA,NA,NA,NA
"354","2026\01\23\SCAL_0464.DATA",55.1,409357.6,703.7,319.6,25056.7,415,NA,89.2,811.5,332.5,11497,5273.7,320095.8,5999.1,3755.9,23524,5677.7,NA,1303.9,8739.1,989.2,3457.2,1478.4,14478.8,7515.1,869.8,497.1,71,22945.6,101090.5,1773.8,2439.6,16161.3,67904.2,NA,5740.7,1368.7,1010.1,5786.9,580.8,2267.3,686.8,477.7,34924.8,3241.9,13064,13332.2,NA,249.2,13716.3,12272.4,NA,6228.5,5225.5,1526.2,22256.5,1538.3,6642.6,391386.5,128.3,NA,NA,3133.3,319.6,2165.3,NA,22420.1,362131.8,941.8,10628.6,1658.6,15978.5,122.2,518526.7,2002.8,NA,NA,NA,NA,NA,NA,NA,NA,NA,NA,NA,NA,NA,NA,NA,NA,NA,NA,NA,NA,NA,NA,NA,NA,NA,NA,NA,NA,NA,NA,NA,NA,NA,NA,NA,NA,NA,NA,NA,NA,NA,NA,NA,NA,NA,NA,NA,NA,NA,NA,NA,NA,NA,NA,NA,NA,NA,NA,NA,NA,NA,NA,NA,NA,NA,NA,NA,NA,NA,NA,NA,NA,NA,NA,NA,0,0,0.04,0.02,1.28,0.02,NA,0,0.04,0.02,0.58,0.26,15.85,0.3,0.19,1.17,0.28,NA,0.06,0.43,0.05,0.16,0.07,0.71,0.38,0.04,0.02,0,1.14,4.82,0.09,0.12,0.78,3.26,NA,0.27,0.07,0.05,0.28,0.03,0.11,0.03,0.02,1.67,0.15,0.61,0.62,NA,0.01,0.64,0.57,NA,0.29,0.24,0.07,1.03,0.07,0.31,18.11,0.01,NA,NA,0.15,0.01,0.1,NA,1.04,16.76,0.04,0.48,0.08,0.73,0.01,23.08,0.09,NA,"C:/Users/freya/OneDrive - Dalhousie University/Ch 1/Freya_Scallops/SCAL_Freya_Redo_2026-01-24.csv",NA,NA,NA,NA,NA,NA
"355","2026\01\23\SCAL_0256_1_23_2026 1_51_17 PM.DATA",304.4,11099.3,436.4,520.7,1073.4,24.5,NA,261.8,3622.6,50.4,254.8,1401.2,11226.8,90.7,225.3,234.8,444.9,NA,1319.4,3319,NA,75.4,235,138.2,415.2,NA,253.6,277.2,1034.9,3502.5,NA,NA,625.9,NA,2340.1,3215.8,2052,NA,297.5,1389,159.1,110.4,NA,353.5,2895.7,1355.9,NA,512.1,NA,7296.7,NA,487.1,NA,1444.6,5712.7,606.3,295.4,340.5,12697.9,NA,NA,NA,NA,NA,4334.5,415,1091.4,15268.4,268.1,755.2,3110.7,800.3,1036.9,18364.9,480.9,NA,NA,NA,NA,NA,NA,NA,NA,NA,NA,NA,NA,NA,NA,NA,NA,NA,NA,NA,NA,NA,NA,NA,NA,NA,NA,NA,NA,NA,NA,NA,NA,NA,NA,NA,NA,NA,NA,NA,NA,NA,NA,NA,NA,NA,NA,NA,NA,NA,NA,NA,NA,NA,NA,NA,NA,NA,NA,NA,NA,NA,NA,NA,NA,NA,NA,NA,NA,NA,NA,NA,NA,NA,NA,NA,0.25,0,0.4,0.47,0.97,0.02,NA,0.21,3.25,0.05,0.23,1.22,9.79,0.08,0.2,0.21,0.39,NA,1.14,2.88,NA,0.06,0.2,0.12,0.37,NA,0.21,0.24,0.91,2.94,NA,NA,0.53,NA,1.98,2.7,1.72,NA,0.25,1.17,0.13,0.09,NA,0.3,2.43,1.12,NA,0.42,NA,5.98,NA,0.4,NA,1.19,4.7,0.49,0.24,0.28,10.35,NA,NA,NA,NA,NA,3.53,0.34,0.89,12.45,0.21,0.6,2.49,0.64,0.8,14.4,0.38,NA,"C:/Users/freya/OneDrive - Dalhousie University/Ch 1/Freya_Scallops/SCAL_Freya_Redo_2026-01-24.csv",NA,NA,NA,NA,NA,NA
"356","2025\11\14\SCAL_0464.DATA",4.7,5041.9,NA,NA,288.2,NA,NA,NA,6,NA,128.9,50.4,3428.8,NA,NA,263.3,70.2,NA,100.4,NA,NA,36.2,29.4,247.5,NA,NA,45.4,NA,NA,1031.7,NA,11.1,131.1,846.8,NA,NA,NA,56.5,51.1,NA,NA,71.6,NA,389.1,NA,NA,NA,NA,182.3,152,NA,NA,51.6,NA,NA,223.2,19.9,50.9,4189.4,NA,NA,NA,NA,NA,NA,NA,141,3288.1,NA,NA,NA,NA,NA,5587.7,NA,283,302516.8,NA,NA,17289,NA,NA,NA,360.8,NA,7731.5,3025.4,205726.4,NA,NA,15796.3,4209.4,NA,6024.5,NA,NA,2174.5,1767,14852.8,NA,NA,2725.7,NA,NA,61900.6,NA,667.3,7866.3,50806.9,NA,NA,NA,3387.6,3065.1,NA,NA,4296.4,NA,23346.4,NA,NA,NA,NA,10936.5,9119.2,NA,NA,3098.3,NA,NA,13392.5,1194.7,3051.1,251361,NA,NA,NA,NA,NA,NA,NA,8459.2,197284.7,NA,NA,NA,NA,NA,335259.1,NA,0.02,0,NA,NA,1.47,NA,NA,NA,0.03,NA,0.65,0.25,16.93,NA,NA,1.31,0.35,NA,0.49,NA,NA,0.17,0.14,1.21,NA,NA,0.21,NA,NA,4.91,NA,0.05,0.63,4.05,NA,NA,NA,0.27,0.24,NA,NA,0.34,NA,1.85,NA,NA,NA,NA,0.85,0.71,NA,NA,0.24,NA,NA,1.03,0.09,0.23,19.34,NA,NA,NA,NA,NA,NA,NA,0.65,15.18,NA,NA,NA,NA,NA,24.8,NA,26583.45,"C:/Users/freya/OneDrive - Dalhousie University/Ch 1/Freya_Scallops/SCAL_Freya_Redo2_2025-11-23.csv",235.7,44.7,14142.3,2683.1,1.09,0.21
"357","2025\11\14\SCAL_2008.DATA",0.8,11302.8,NA,NA,475.4,NA,NA,NA,13.7,3,236.6,118.3,6137.4,NA,NA,350,100.7,NA,163.4,NA,3.4,53.1,39.8,104.6,264.3,NA,24.1,NA,NA,1719.1,NA,19,224.4,1286.4,NA,NA,NA,92.2,43.8,NA,NA,101.5,NA,478.1,NA,NA,NA,78.3,143.9,2.3,NA,NA,65.1,NA,NA,417.5,2.1,67.3,6376.8,NA,NA,NA,NA,NA,8.2,NA,191,6701.5,NA,NA,NA,NA,NA,10525.2,NA,48.2,678168.5,NA,NA,28521.4,NA,NA,NA,823.9,177.7,14195.9,7100,368245,NA,NA,21001.3,6043.8,NA,9801.5,NA,204.5,3189,2386.2,6277.2,15855.3,NA,1445.6,NA,NA,103148.3,NA,1140.5,13467,77183.9,NA,NA,NA,5529.4,2628.3,NA,NA,6091.6,NA,28684.1,NA,NA,NA,4698.9,8634,139.2,NA,NA,3905.5,NA,NA,25050.9,127.1,4037.6,382608,NA,NA,NA,NA,NA,489.4,NA,11458,402090.2,NA,NA,NA,NA,NA,631514.4,NA,0,0,NA,NA,1.4,NA,NA,NA,0.04,0.01,0.7,0.34,17.55,NA,NA,1.01,0.29,NA,0.46,NA,0.01,0.14,0.11,0.3,0.77,NA,0.06,NA,NA,4.74,NA,0.05,0.62,3.56,NA,NA,NA,0.25,0.12,NA,NA,0.28,NA,1.32,NA,NA,NA,0.21,0.39,0.01,NA,NA,0.17,NA,NA,1.12,0.01,0.18,17.05,NA,NA,NA,NA,NA,0.02,NA,0.51,17.92,NA,NA,NA,NA,NA,27.06,NA,50721.4,"C:/Users/freya/OneDrive - Dalhousie University/Ch 1/Freya_Scallops/SCAL_Freya_Redo2_2025-11-23.csv",214.5,239.5,12872.4,14372.8,0.57,0.64
"358","2025\09\03\SCAL_0528.DATA",6.3,4001.6,NA,NA,71.8,NA,NA,NA,2.5,NA,40.8,7.1,1225,19.9,12.8,74.7,14.1,NA,34.4,3.2,5.7,3.8,4.7,46.1,53.4,4.6,6.2,NA,5.8,472.5,NA,NA,70.8,276.9,8.7,2.5,NA,20.9,20.2,2.1,4,18.7,NA,119.7,7.3,NA,54.4,43.3,NA,26,8.2,NA,26,3.1,5.2,113.5,9.9,25.9,1325.3,3.3,NA,NA,2.8,8,9.1,2.6,73.2,1715.1,4.7,35.1,NA,66.9,NA,2244.2,NA,377.4,240094.7,NA,NA,4308.2,NA,NA,NA,147.1,NA,2447,426.3,73502.7,1191.8,768.2,4480.4,845.2,NA,2063.8,189.4,340.6,229.4,281.5,2768.4,3204.5,276.4,372.1,NA,348.7,28349.8,NA,NA,4250.9,16615,519.7,149,NA,1251.8,1211.3,127.5,242.2,1121.6,NA,7182.2,436.8,NA,3261.7,2597,NA,1562.3,490.4,NA,1557.5,185,310.2,6810.8,593.9,1556.7,79519.4,195.1,NA,NA,168.9,480.1,548.9,154.5,4392.8,102907.1,284.2,2105.9,NA,4014.8,NA,134653.5,NA,0.07,0,NA,NA,0.9,NA,NA,NA,0.03,NA,0.51,0.09,14.78,0.24,0.16,0.91,0.17,NA,0.41,0.04,0.07,0.04,0.06,0.55,0.66,0.06,0.07,NA,0.07,5.5,NA,NA,0.83,3.24,0.1,0.03,NA,0.24,0.23,0.02,0.05,0.22,NA,1.39,0.08,NA,0.62,0.49,NA,0.3,0.09,NA,0.29,0.04,0.06,1.28,0.11,0.29,14.95,0.04,NA,NA,0.03,0.09,0.1,0.03,0.83,19.35,0.05,0.39,NA,0.74,NA,24.35,NA,12929.89,"C:/Users/freya/OneDrive - Dalhousie University/Ch 1/Freya_Scallops/SCAL_Freya_Redo2_2025-11-23.csv",138.5,187,8311.6,11219.6,1.56,2.11
