"","Date.fished","lon","lat","ID","sh","wet.sample..g.","lipid..","protein.g","ww_meat","ww_gonad","protein.check","water_meat","water_gonad","analyse","ash","fame","lipid","rating","Nx5.6","Mass","protein.g.wet","protein.dry","lipid.g.wet","lipid.dry","maxwt","minwt","crucible.g","diff","perc.org","perc.ash","ash.wet","sum"
"1",2024-05-30,-66.73858,41.99833,1,"129",NA,NA,NA,47.5,NA,NA,NA,NA,"y",0,0,0,0,NA,NA,NA,NA,NA,NA,NA,NA,NA,NA,NA,NA,NA,NA
"2",2024-05-30,-66.73858,41.99833,2,"122",NA,NA,NA,37.1,NA,NA,NA,NA,"y",0,0,0,0,NA,NA,NA,NA,NA,NA,NA,NA,NA,NA,NA,NA,NA,NA
"3",2024-05-30,-66.73858,41.99833,3,"110",NA,NA,NA,26.6,NA,NA,NA,NA,"y",0,0,0,0,NA,NA,NA,NA,NA,NA,NA,NA,NA,NA,NA,NA,NA,NA
"4",2024-05-30,-66.73858,41.99833,4,"113.17",NA,NA,NA,35.77,NA,NA,NA,NA,"y",0,0,0,0,NA,NA,NA,NA,NA,NA,NA,NA,NA,NA,NA,NA,NA,NA
"5",2024-05-30,-66.73858,41.99833,5,"114.18",NA,NA,NA,24.57,NA,NA,NA,NA,"y",0,0,0,0,NA,NA,NA,NA,NA,NA,NA,NA,NA,NA,NA,NA,NA,NA
"6",2024-05-30,-66.73858,41.99833,6,"124.87",NA,NA,NA,42.32,NA,NA,NA,NA,"y",0,0,0,0,NA,NA,NA,NA,NA,NA,NA,NA,NA,NA,NA,NA,NA,NA
"7",2024-05-30,-66.73858,41.99833,3001,"143",1.4904,0.650831991411615,0.792400000000002,57.0754,NA,"good",0.789745330573837,NA,"y",0,1,1,0.666666666666667,NA,NA,NA,NA,0.00969999999999871,0.0309544607588453,NA,NA,NA,NA,NA,NA,NA,NA
"8",2024-05-30,-66.73858,41.99833,3002,"137",1.4988,0.874032559380816,0.6003,40.7875,NA,"good",0.792420984067576,NA,"y",0,1,1,0.666666666666667,NA,NA,NA,NA,0.0130999999999997,0.0421060170968992,NA,NA,NA,NA,NA,NA,NA,NA
"9",2024-05-30,-66.73858,41.99833,3003,"135",1.5047,0.810792849073022,0.800600000000002,43.0323,NA,"good",0.786517543644266,NA,"y",0,1,1,0.666666666666667,NA,NA,NA,NA,0.0122000000000018,0.0379793666849124,NA,NA,NA,NA,NA,NA,NA,NA
"10",2024-05-30,-66.73858,41.99833,3004,"133",1.5002,0.846553792827663,NA,32.3173,NA,NA,0.792695066061036,NA,"y",0,1,1,0.666666666666667,NA,NA,NA,NA,0.0127000000000006,0.0408361623017092,NA,NA,NA,NA,NA,NA,NA,NA
"11",2024-05-30,-66.73858,41.99833,3005,"118.8",NA,NA,NA,45.99,18.42,NA,NA,0.821389793702497,"y",0,0,0,0,NA,NA,NA,NA,NA,NA,NA,NA,NA,NA,NA,NA,NA,NA
"12",2024-05-30,-66.73858,41.99833,3006,"119",NA,NA,NA,39.36,16.3,NA,NA,0.873619631901841,"y",0,0,0,0,NA,NA,NA,NA,NA,NA,NA,NA,NA,NA,NA,NA,NA,NA
"13",2024-05-30,-66.73858,41.99833,3007,"102.3",NA,NA,NA,16.7,9.99,NA,0.803592814371258,0.797797797797798,"y",0,0,0,0,NA,NA,NA,NA,NA,NA,NA,NA,NA,NA,NA,NA,NA,NA
"14",2024-05-30,-66.73858,41.99833,3008,"108.5",NA,NA,NA,25.87,5.9,NA,NA,0.791525423728814,"y",0,0,0,0,NA,NA,NA,NA,NA,NA,NA,NA,NA,NA,NA,NA,NA,NA
"15",2024-05-30,-66.73858,41.99833,3009,"110.1",NA,NA,NA,31.78,19.34,NA,NA,0.791106514994829,"y",0,0,0,0,NA,NA,NA,NA,NA,NA,NA,NA,NA,NA,NA,NA,NA,NA
"16",2024-05-30,-66.73858,41.99833,3010,"91.4",NA,NA,NA,13.25,7.37,NA,0.781132075471698,0.789687924016282,"y",0,0,0,0,NA,NA,NA,NA,NA,NA,NA,NA,NA,NA,NA,NA,NA,NA
"17",2024-05-30,-66.73858,41.99833,3011,"91.6",NA,NA,NA,15.82,7.41,NA,0.798356510745891,0.816464237516869,"y",0,0,0,0,NA,NA,NA,NA,NA,NA,NA,NA,NA,NA,NA,NA,NA,NA
"18",2024-05-30,-66.73858,41.99833,3012,"102.9",NA,NA,NA,29.85,9.37,NA,NA,0.807897545357524,"y",0,0,0,0,NA,NA,NA,NA,NA,NA,NA,NA,NA,NA,NA,NA,NA,NA
"19",2024-05-30,-66.73858,41.99833,3013,"119.9",NA,NA,NA,40.65,10.95,NA,NA,0.885844748858447,"y",0,0,0,0,NA,NA,NA,NA,NA,NA,NA,NA,NA,NA,NA,NA,NA,NA
"20",2024-05-30,-66.73858,41.99833,3014,"110.2",NA,NA,NA,29.01,4.63,NA,0.773526370217167,0.859611231101512,"y",0,0,0,0,NA,NA,NA,NA,NA,NA,NA,NA,NA,NA,NA,NA,NA,NA
"21",2024-05-30,-66.73858,41.99833,3015,"119.3",NA,NA,NA,48.05,11.98,NA,NA,0.843071786310518,"y",0,0,0,0,NA,NA,NA,NA,NA,NA,NA,NA,NA,NA,NA,NA,NA,NA
"22",2024-05-30,-66.73858,41.99833,3016,"130.80000000000001",NA,NA,NA,54.41,18.99,NA,NA,0.889415481832543,"y",0,0,0,0,NA,NA,NA,NA,NA,NA,NA,NA,NA,NA,NA,NA,NA,NA
"23",2024-05-30,-66.73858,41.99833,3017,"133.9",NA,NA,NA,47.15,12.55,NA,NA,0.847011952191235,"y",0,0,0,0,NA,NA,NA,NA,NA,NA,NA,NA,NA,NA,NA,NA,NA,NA
"24",2024-05-30,-66.73858,41.99833,3018,"121.7",NA,NA,NA,43.58,10.84,NA,NA,0.866236162361624,"y",0,0,0,0,NA,NA,NA,NA,NA,NA,NA,NA,NA,NA,NA,NA,NA,NA
"25",2024-05-30,-66.73858,41.99833,3019,"110.8",NA,NA,NA,20.08,10.06,NA,NA,0.792246520874752,"y",0,0,0,0,NA,NA,NA,NA,NA,NA,NA,NA,NA,NA,NA,NA,NA,NA
"26",2024-05-30,-66.73858,41.99833,3020,"125.4",NA,NA,NA,43.59,13.16,NA,NA,0.844224924012158,"y",0,0,0,0,NA,NA,NA,NA,NA,NA,NA,NA,NA,NA,NA,NA,NA,NA
"27",2024-05-30,-66.73858,41.99833,3021,"98.5",NA,NA,NA,19.37,5.41,NA,0.79297883324729,0.820702402957486,"y",0,0,0,0,NA,NA,NA,NA,NA,NA,NA,NA,NA,NA,NA,NA,NA,NA
"28",2024-05-30,-66.73858,41.99833,3022,"126.4",NA,NA,NA,42.02,18.17,NA,NA,0.783709411117226,"y",0,0,0,0,NA,NA,NA,NA,NA,NA,NA,NA,NA,NA,NA,NA,NA,NA
"29",2024-05-30,-66.73858,41.99833,3023,"110.1",NA,NA,NA,30.3,8.43,NA,NA,0.855278766310795,"y",0,0,0,0,NA,NA,NA,NA,NA,NA,NA,NA,NA,NA,NA,NA,NA,NA
"30",2024-05-30,-66.73858,41.99833,3024,"125.8",NA,NA,NA,47.98,21.4,NA,NA,0.817757009345794,"y",0,0,0,0,NA,NA,NA,NA,NA,NA,NA,NA,NA,NA,NA,NA,NA,NA
"31",2024-07-16,NA,NA,7,"NA",NA,NA,NA,48.6,NA,NA,0.781727330107301,NA,"n",1,0,0,0.333333333333333,NA,NA,NA,NA,NA,NA,0.9209,0.0559000000000001,1.0626,0.865,0.939298512324899,0.0607014876751005,0.0132494757813029,NA
"32",2024-07-16,NA,NA,8,"NA",NA,NA,NA,17.2787,NA,NA,0.781367392937641,NA,"n",1,0,0,0.333333333333333,NA,NA,NA,NA,NA,NA,NA,NA,NA,NA,NA,NA,NA,NA
"33",2024-07-16,NA,NA,9,"NA",NA,NA,NA,14.547,NA,NA,0.796842945064965,NA,"n",1,0,0,0.333333333333333,NA,NA,NA,NA,NA,NA,NA,NA,NA,NA,NA,NA,NA,NA
"34",2024-07-16,NA,NA,10,"NA",NA,NA,NA,29.1285,NA,NA,0.78009782780203,NA,"n",0,0,0,0,NA,NA,NA,NA,NA,NA,NA,NA,NA,NA,NA,NA,NA,NA
"35",2024-07-16,NA,NA,11,"NA",NA,NA,NA,16.9775,NA,NA,0.779616584211658,NA,"n",0,0,0,0,NA,NA,NA,NA,NA,NA,NA,NA,NA,NA,NA,NA,NA,NA
"36",2024-07-16,NA,NA,12,"NA",NA,NA,NA,12.088,NA,NA,0.774059910771192,NA,"n",0,0,0,0,NA,NA,NA,NA,NA,NA,NA,NA,NA,NA,NA,NA,NA,NA
"37",2024-07-16,NA,NA,13,"NA",NA,NA,NA,15.6778,NA,NA,0.802422735147823,NA,"n",0,0,0,0,NA,NA,NA,NA,NA,NA,NA,NA,NA,NA,NA,NA,NA,NA
"38",2024-07-16,NA,NA,14,"NA",NA,NA,NA,18.5704,NA,NA,0.791048940868173,NA,"n",0,0,0,0,NA,NA,NA,NA,NA,NA,NA,NA,NA,NA,NA,NA,NA,NA
"39",2024-07-16,NA,NA,15,"NA",NA,NA,NA,13.2992,NA,NA,0.782994734918723,NA,"n",0,0,0,0,NA,NA,NA,NA,NA,NA,NA,NA,NA,NA,NA,NA,NA,NA
"40",2024-07-16,NA,NA,16,"NA",NA,NA,NA,19.7336,NA,NA,0.777494636782781,NA,"n",0,0,0,0,NA,NA,NA,NA,NA,NA,NA,NA,NA,NA,NA,NA,NA,NA
"41",2024-07-16,NA,NA,17,"NA",NA,NA,NA,15.1214,NA,NA,0.780903749529468,NA,"n",0,0,0,0,NA,NA,NA,NA,NA,NA,NA,NA,NA,NA,NA,NA,NA,NA
"42",2024-07-16,NA,NA,18,"NA",NA,NA,NA,15.7298,NA,NA,0.788198584065586,NA,"n",0,0,0,0,NA,NA,NA,NA,NA,NA,NA,NA,NA,NA,NA,NA,NA,NA
"43",2024-07-16,NA,NA,19,"NA",NA,NA,NA,12.4617,NA,NA,0.781925302024843,NA,"n",0,0,0,0,NA,NA,NA,NA,NA,NA,NA,NA,NA,NA,NA,NA,NA,NA
"44",2024-07-16,NA,NA,20,"NA",NA,NA,NA,20.8513,NA,NA,0.776682747054804,NA,"n",0,0,0,0,NA,NA,NA,NA,NA,NA,NA,NA,NA,NA,NA,NA,NA,NA
"45",2024-07-16,NA,NA,21,"NA",NA,NA,NA,19.7541,NA,NA,0.768955270363209,NA,"n",0,0,0,0,NA,NA,NA,NA,NA,NA,NA,NA,NA,NA,NA,NA,NA,NA
"46",2024-07-16,NA,NA,22,"NA",NA,NA,NA,22.9343,NA,NA,0.774429105921816,NA,"n",0,0,0,0,NA,NA,NA,NA,NA,NA,NA,NA,NA,NA,NA,NA,NA,NA
"47",2024-07-16,NA,NA,23,"NA",NA,NA,NA,9.5716,NA,NA,0.807992880834884,NA,"n",0,0,0,0,NA,NA,NA,NA,NA,NA,NA,NA,NA,NA,NA,NA,NA,NA
"48",2024-07-16,NA,NA,24,"NA",NA,NA,NA,18.998,NA,NA,0.770246379537333,NA,"n",0,0,0,0,NA,NA,NA,NA,NA,NA,NA,NA,NA,NA,NA,NA,NA,NA
"49",2024-07-16,NA,NA,25,"NA",NA,NA,NA,17.0356,NA,NA,0.797594495762638,NA,"n",0,0,0,0,NA,NA,NA,NA,NA,NA,NA,NA,NA,NA,NA,NA,NA,NA
"50",2024-07-16,NA,NA,26,"NA",NA,NA,NA,37.7516,NA,NA,0.774132563323583,NA,"n",0,0,0,0,NA,NA,NA,NA,NA,NA,NA,NA,NA,NA,NA,NA,NA,NA
"51",2024-07-16,NA,NA,27,"NA",NA,NA,NA,22.0839,NA,NA,0.774542068472881,NA,"n",0,0,0,0,NA,NA,NA,NA,NA,NA,NA,NA,NA,NA,NA,NA,NA,NA
"52",2024-07-16,NA,NA,28,"NA",NA,NA,NA,42.2897,NA,NA,0.792570060190279,NA,"n",0,0,0,0,NA,NA,NA,NA,NA,NA,NA,NA,NA,NA,NA,NA,NA,NA
"53",2024-07-16,NA,NA,29,"NA",NA,NA,NA,21.9488,NA,NA,0.775832425550904,NA,"n",0,0,0,0,NA,NA,NA,NA,NA,NA,NA,NA,NA,NA,NA,NA,NA,NA
"54",2024-07-16,NA,NA,30,"NA",NA,NA,NA,20.1901,NA,NA,0.80166370960705,NA,"n",0,0,0,0,NA,NA,NA,NA,NA,NA,NA,NA,NA,NA,NA,NA,NA,NA
"55",2024-07-16,NA,NA,31,"NA",NA,NA,NA,16.434,NA,NA,0.791623501553944,NA,"n",0,0,0,0,NA,NA,NA,NA,NA,NA,NA,NA,NA,NA,NA,NA,NA,NA
"56",2024-07-16,NA,NA,32,"NA",NA,NA,NA,18.146,NA,NA,0.792569515484051,NA,"n",0,0,0,0,NA,NA,NA,NA,NA,NA,NA,NA,NA,NA,NA,NA,NA,NA
"57",2024-07-16,NA,NA,33,"NA",NA,NA,NA,26.4674,NA,NA,0.780906497843328,NA,"n",0,0,0,0,NA,NA,NA,NA,NA,NA,NA,NA,NA,NA,NA,NA,NA,NA
"58",2024-07-16,NA,NA,34,"NA",NA,NA,NA,14.4528,NA,NA,0.799824612686349,NA,"n",0,0,0,0,NA,NA,NA,NA,NA,NA,NA,NA,NA,NA,NA,NA,NA,NA
"59",2024-07-16,NA,NA,35,"NA",NA,NA,NA,15.1936,NA,NA,0.77737303652308,NA,"n",0,0,0,0,NA,NA,NA,NA,NA,NA,NA,NA,NA,NA,NA,NA,NA,NA
"60",2024-07-16,NA,NA,36,"NA",NA,NA,NA,23.1681,NA,NA,0.772878325592242,NA,"n",0,0,0,0,NA,NA,NA,NA,NA,NA,NA,NA,NA,NA,NA,NA,NA,NA
"61",2024-07-23,-66.48983,41.94733,37,"120.84",1.5048,1.34901648059547,0.6232,27.8417,7.584,"good",0.777010272759476,0.811300105485232,"y",1,1,1,1,16.98928,0.62,0.10587719296,0.765818534233724,0.0203000000000007,0.0604967994395714,NA,NA,NA,NA,NA,NA,NA,NA
"62",2024-07-23,-66.48983,41.94733,38,"116.27",1.4941,1.17796666889765,0.3478,23.0946,12.6814,"good",0.785746378634844,0.792231141672055,"y",1,1,1,1,15.04272,0.35,0.05231858016,0.697685559047032,0.0175999999999998,0.0549800120713024,2.1682,0.1929,0.9761,1.9753,0.911032192602158,0.0889678073978416,0.0190616749199053,0.967014920243726
"63",2024-07-23,-66.48983,41.94733,39,"125.85",1.4967,1.51667000734953,0.3166,21.1527,9.2178,"good",0.795160435901317,0.807589663477186,"y",1,1,1,1,15.66488,0.32,0.04959501008,0.756613631658263,0.0227000000000004,0.0740418489964595,2.0071,0.1946,0.9803,1.8125,0.903044193114444,0.0969558068855563,0.0198603852192734,0.986836321194086
"64",2024-07-23,-66.48983,41.94733,40,"120.35",1.5972,1.2584522915101,0.4364,27.5331,6.8619,"good",0.781433236192549,0.787770151124324,"y",1,1,1,1,17.60528,0.44,0.07682944192,0.798897165141846,0.0200999999999993,0.0575774774530107,2.3293,0.2018,0.9757,2.1275,0.913364530116344,0.086635469883656,0.0189356342834086,0.989006193391059
"65",2024-07-23,-66.48983,41.94733,41,"128.47999999999999",1.4998,1.16015468729166,0.588,29.7657,6.3915,"good",0.783616216691584,0.818821872799812,"y",1,1,1,1,16.10784,0.59,0.0947140992,0.741887257311764,0.0174000000000003,0.0536156023133244,2.3317,0.205,0.9744,2.1267,0.912081314062701,0.087918685937299,0.0190241778866172,0.975320341451118
"66",2024-07-23,-66.48983,41.94733,42,"128.37",1.4928,1.01152197213293,0.5297,34.7426,7.6482,"good",0.785195353041615,0.802777124029183,"y",1,1,1,1,15.98632,0.53,0.08467953704,0.743804725170493,0.0151000000000003,0.0470903207382145,2.2601,0.1929,1.0003,2.0672,0.914649794256891,0.0853502057431087,0.018333620812474,0.973507393575418
"67",2024-07-23,-66.48983,41.94733,43,"125.88",1.4996,1.16030941584413,0.5748,30.0569,10.5748,"good",0.79576535925026,0.813065022506336,"y",1,1,1,1,15.09648,0.57,0.08677456704,0.745397949963146,0.0173999999999985,0.0568125667411102,2.2338,0.2056,0.9923,2.0282,0.907959530844301,0.0920404691556988,0.0187978521524517,0.977131105561153
"68",2024-07-23,-66.48983,41.94733,44,"NA",1.5091,1.06686104300575,0.4946,34.3579,5.9981,"good",0.791294235486856,0.862323068971841,"y",1,1,1,1,15.99976,0.49,0.07913481296,0.773814842452726,0.0160999999999998,0.0511179480592909,2.2993,0.1484,0.9892,2.1509,0.935458617840212,0.0645413821597877,0.0134701585063935,0.975430604423307
"69",2024-07-23,-66.48983,41.94733,45,"NA",1.5042,1.12352080840312,0.3941,24.0597,22.169,"good",0.789571446346362,0.776561865668276,"y",1,1,1,1,15.72144,0.39,0.06195819504,0.754969627509409,0.0168999999999997,0.0533920320648316,2.2117,0.1964,0.9834,2.0153,0.911199529773477,0.0888004702265225,0.0186861545135301,0.976707208943923
"70",2024-07-23,-66.48983,41.94733,46,"NA",1.4932,1.13179748191801,0.4814,26.0829,7.3436,"good",0.782020741814229,0.795100495669699,"y",1,1,1,1,17.68984,0.48,0.08515888976,0.813904750127495,0.0168999999999997,0.0519222558759899,2.2269,0.1924,1.0007,2.0345,0.913601868067717,0.0863981319322826,0.0188330007072353,0.989070117340644
"71",2024-07-23,-66.48983,41.94733,47,"135.05000000000001",1.5012,1.1790567545963,0.4202,21.1834,8.0143,"good",0.785998249325261,0.79346917385174,"y",1,1,1,1,15.5876,0.42,0.0654990952,0.72873341538077,0.0176999999999996,0.0550956593055327,2.2215,0.1838,0.9924,2.0377,0.917263110510916,0.0827368894890839,0.0177058391960464,0.97137065606727
"72",2024-07-23,-66.48983,41.94733,48,"121.54",1.5002,1.19317424343415,0.3974,18.2787,6.1977,"good",0.778871769025848,0.772480113590525,"y",1,1,1,1,17.59016,0.4,0.06990329584,0.79030270730302,0.0178999999999991,0.0539584764088138,2.3181,0.1792,0.9928,2.1389,0.922695310814892,0.0773046891851085,0.0170942491655097,0.983799360625699
"73",2024-07-23,-66.48983,41.94733,49,"116.78",1.502,1.17842876165111,0.433,32.3929,7.748,"good",0.784511243364359,0.794398554465669,"y",1,1,1,1,16.338,0.43,0.07074354,0.763473060189839,0.0176999999999996,0.0546863223886734,4.3615,0.2425,0.991,4.119,0.944399862432649,0.0556001375673507,0.011981204513159,0.971656735494029
"74",2024-07-23,-66.48983,41.94733,50,"120.27",1.5019,0.798987948598472,0.3644,26.6593,7.6167,"good",0.783910292992703,0.807906246019277,"y",1,1,1,1,16.30608,0.36,0.05941935552,0.763820579976814,0.0120000000000005,0.0369748267820777,3.3794,0.2005,0.9958,3.1789,0.940669941409718,0.0593300585902823,0.0128206149774999,0.967781587456188
"75",2024-07-23,-66.48983,41.94733,51,"133.26",1.4935,1.12487445597589,0.391,31.5474,17.6126,"good",0.791249214941532,0.781645852050621,"y",1,1,1,1,15.31152,0.39,0.0598680432,0.735363955799868,0.0167999999999999,0.053885998831613,3.9706,0.2927,0.9884,3.6779,0.926283181383166,0.0737168186168337,0.0153884437582767,0.971001603259568
"76",2024-07-23,-66.48983,41.94733,52,"108.25",1.5035,1.0442301296973,0.5339,16.6654,4.144,"good",0.78154320360397,0.841916232345872,"y",1,1,1,1,16.38392,0.53,0.08747374888,0.755503202145038,0.0156999999999989,0.0478003040841204,2.459,0.1928,0.9927,2.2662,0.92159414396096,0.0784058560390403,0.0171282921289771,0.97295299702992
"77",2024-07-23,-66.48983,41.94733,53,"108.71",1.501,1.11259160559628,0.4866,25.438,3.5885,"good",0.78219680385289,0.852428413225755,"y",1,1,1,1,16.57936,0.49,0.08067516576,0.755926443418062,0.0167000000000002,0.0510824278650533,3.8446,0.2087,0.9916,3.6359,0.945716069291994,0.054283930708006,0.011823213607632,0.970939533516485
"78",2024-07-23,-66.48983,41.94733,54,"121.87",1.5023,1.17153697663581,0.3992,28.0398,6.827,"good",0.775217892279966,0.81513263129832,"y",1,1,1,1,18.03928,0.4,0.07201280576,0.800917903235562,0.0175999999999998,0.0521187824297369,3.6781,0.2108,1.0021,3.4673,0.9426878007667,0.0573121992332998,0.0128827569417316,0.980208818988056
"79",2024-07-23,-66.48983,41.94733,55,"133.22999999999999",1.4923,1.05206727869724,0.4657,42.0443,14.325,"good",0.792119464774155,0.781986468849852,"y",1,1,1,1,15.37088,0.47,0.07158218816,0.732644486577523,0.0156999999999989,0.0506092250317836,3.6953,0.3026,1.006,3.3927,0.918112196574026,0.0818878034259735,0.0170228804046602,0.973371817965788
"80",2024-07-23,-66.48983,41.94733,56,"137.94",1.5015,1.03230103230099,0.4603,38.9659,11.8222,"good",0.777750114281983,0.804737324430979,"y",1,1,1,1,17.74024,0.46,0.08165832472,0.798732006740468,0.0154999999999994,0.0464477643696402,3.9792,0.2879,1.0007,3.6913,0.927648773622839,0.0723512263771613,0.0160800517938825,0.981555576398875
"81",2024-07-23,-66.48983,41.94733,57,"117.52",1.497,1.06212424849701,0.5698,23.5885,5.1963,"good",0.793419725730437,0.807869959140167,"y",1,1,1,1,17.47368,0.57,0.09956502864,0.845557444725696,0.0159000000000002,0.0514146015273009,2.9024,0.2399,0.9934,2.6625,0.917344266813671,0.0826557331863286,0.0170750440315836,0.995852812246991
"82",2024-07-23,-66.48983,41.94733,58,"110.48",1.4939,1.09779771069008,0.4751,22.5071,10.0501,"good",0.793225727561751,0.764265504067994,"y",1,1,1,1,16.8476,0.48,0.0800429476,0.806464647980485,0.0163999999999991,0.0530916006979507,2.973,0.244,0.9861,2.729,0.917928018836192,0.0820719811638076,0.016970374192712,0.989650078861364
"83",2024-07-23,-66.48983,41.94733,59,"124.38",1.5023,1.03840777474545,0.6773,37.4163,11.8832,"good",0.775466025255562,0.796298656374031,"y",1,1,1,1,15.43304,0.68,0.10452797992,0.684607386050914,0.0156000000000009,0.0462472450295042,3.7151,0.2675,0.9948,3.4476,0.927996554601491,0.0720034453985088,0.0161672197906213,0.956347722793638
"84",2024-07-23,-66.48983,41.94733,60,"118.46",1.503,1.07784431137722,0.3891,24.802,4.9036,"good",0.776691237664963,0.816591625393967,"y",1,1,1,1,16.28928,0.39,0.06338158848,0.727767651565022,0.0161999999999995,0.0482669958897579,3.6659,0.2569,0.994,3.409,0.929921710903189,0.0700782890968111,0.0156490960047658,0.966011576783501
"85",2024-07-23,-66.48983,41.94733,61,"114.99",1.4909,0.999396337782601,0.5307,21.6867,10.8917,"good",0.785889346260088,0.786026378360802,"y",1,1,1,1,15.84912,0.53,0.08411127984,0.741207993287337,0.0149000000000008,0.0466766281978945,3.1337,0.2432,0.9872,2.8905,0.922392060503558,0.0776079394964419,0.0166166866609907,0.970991196298905
"86",2024-07-23,-66.48983,41.94733,62,"108.65",1.4903,0.919277997718583,0.6001,14.3209,4.5107,"good",0.788918205804749,0.829637460677634,"y",1,1,1,1,14.45752,0.6,0.08675957752,0.685039164168332,0.0137,0.0435507951419178,2.0858,0.1684,0.9919,1.9174,0.919263591907182,0.0807364080928182,0.017041985877112,0.959728171659047
"87",2024-07-23,-66.48983,41.94733,63,"129.63",1.4966,0.928771882934624,0.6019,26.9118,15.2828,"good",0.790032504163757,0.792132331771665,"y",1,1,1,1,16.85264,0.6,0.10143604016,0.805172563781901,0.0138999999999996,0.0442340791480881,3.0189,0.2739,1.0067,2.745,0.909271588989367,0.090728411010633,0.019050017261104,0.986896640254207
"88",2024-07-23,-66.48983,41.94733,64,"113.36",1.4955,0.842527582748182,0.4776,22.8244,7.4943,"good",0.776685668150903,0.793632754492833,"y",1,1,1,1,16.97584,0.48,0.08107661184,0.756376031047302,0.0125999999999991,0.0377283256194015,3.5737,0.2535,0.9974,3.3202,0.929065114587123,0.0709348854128774,0.015840776540769,0.970710120519154
"89",2024-07-23,-66.48983,41.94733,65,"130.75",1.4975,1.03505843071794,0.4138,37.0377,13.87,"good",0.778070226334084,0.781610005560385,"y",1,1,1,1,16.01432,0.41,0.06626725616,0.728281975775309,0.0155000000000012,0.0466390071787338,3.287,0.2417,0.9893,3.0453,0.926467903863705,0.0735320961362945,0.0163189614527082,0.964882972093972
"90",2024-07-23,-66.48983,41.94733,66,"113.34",1.4908,0.992755567480498,0.4837,28.8582,4.851,"good",0.772353621821412,0.794054410457816,"y",1,1,1,1,17.16344,0.48,0.08301955928,0.759763526881074,0.0147999999999993,0.0436095480817043,3.5154,0.2566,0.9885,3.2588,0.927006883996131,0.0729931160038687,0.0166166184902502,0.970532195986467
"91",2024-07-23,-66.48983,41.94733,67,"126.61",NA,NA,NA,25.5547,16.7546,NA,0.804445810284778,0.78479442788064,"n",0,0,0,0,NA,NA,NA,NA,NA,NA,NA,NA,NA,NA,NA,NA,NA,NA
"92",2024-07-23,-66.48983,41.94733,68,"116.67",NA,NA,NA,27.7583,8.9469,NA,0.78694878199992,0.788133955106676,"n",0,0,0,0,NA,NA,NA,NA,NA,NA,NA,NA,NA,NA,NA,NA,NA,NA
"93",2024-07-23,-66.48983,41.94733,69,"103.03",NA,NA,NA,22.7141,6.314,NA,0.783529651229679,0.786212292445449,"n",0,0,0,0,NA,NA,NA,NA,NA,NA,NA,NA,NA,NA,NA,NA,NA,NA
"94",2024-07-23,-66.48983,41.94733,70,"108.75",NA,NA,NA,20.8229,NA,NA,0.785130158239166,NA,"n",0,0,0,0,NA,NA,NA,NA,NA,NA,NA,NA,NA,NA,NA,NA,NA,NA
"95",2024-07-23,-66.48983,41.94733,71,"102.5",NA,NA,NA,17.6703,NA,NA,0.80463640299902,NA,"n",0,0,0,0,NA,NA,NA,NA,NA,NA,NA,NA,NA,NA,NA,NA,NA,NA
"96",2024-07-23,-66.48983,41.94733,72,"103.16",NA,NA,NA,19.7592,NA,NA,0.788836883820226,NA,"n",0,0,0,0,NA,NA,NA,NA,NA,NA,NA,NA,NA,NA,NA,NA,NA,NA
"97",2024-07-23,-66.48983,41.94733,73,"128.86000000000001",NA,NA,NA,27.5096,NA,NA,0.81828933256938,NA,"n",0,0,0,0,NA,NA,NA,NA,NA,NA,NA,NA,NA,NA,NA,NA,NA,NA
"98",2024-07-23,-66.48983,41.94733,74,"132.81",NA,NA,NA,33.8267,NA,NA,0.795396556338656,NA,"n",0,0,0,0,NA,NA,NA,NA,NA,NA,NA,NA,NA,NA,NA,NA,NA,NA
"99",2024-07-23,-66.48983,41.94733,75,"115.4",NA,NA,NA,24.7027,NA,NA,0.796933536839184,NA,"n",0,0,0,0,NA,NA,NA,NA,NA,NA,NA,NA,NA,NA,NA,NA,NA,NA
"100",2024-07-23,-66.48983,41.94733,76,"103.28",NA,NA,NA,19.1556,NA,NA,0.788581988859196,NA,"n",0,0,0,0,NA,NA,NA,NA,NA,NA,NA,NA,NA,NA,NA,NA,NA,NA
"101",2024-07-23,-66.48983,41.94733,77,"119.93",NA,NA,NA,32.6892,NA,NA,0.785631614265574,NA,"n",0,0,0,0,NA,NA,NA,NA,NA,NA,NA,NA,NA,NA,NA,NA,NA,NA
"102",2024-07-23,-66.48983,41.94733,78,"102.73",NA,NA,NA,19.1348,NA,NA,0.812235489520727,NA,"n",0,0,0,0,NA,NA,NA,NA,NA,NA,NA,NA,NA,NA,NA,NA,NA,NA
"103",2024-07-23,-66.48983,41.94733,79,"128.47999999999999",NA,NA,NA,32.9,NA,NA,0.801028729909528,NA,"n",0,0,0,0,NA,NA,NA,NA,NA,NA,NA,NA,NA,NA,NA,NA,NA,NA
"104",2024-07-23,-66.48983,41.94733,80,"116.82",NA,NA,NA,25.0745,NA,NA,0.800403873329907,NA,"n",0,0,0,0,NA,NA,NA,NA,NA,NA,NA,NA,NA,NA,NA,NA,NA,NA
"105",2024-07-23,-66.48983,41.94733,81,"112.81",NA,NA,NA,31.1729,NA,NA,0.787515420835406,NA,"n",0,0,0,0,NA,NA,NA,NA,NA,NA,NA,NA,NA,NA,NA,NA,NA,NA
"106",2024-07-23,-66.48983,41.94733,82,"110.92",NA,NA,NA,29.9756,NA,NA,0.796173301667807,NA,"n",0,0,0,0,NA,NA,NA,NA,NA,NA,NA,NA,NA,NA,NA,NA,NA,NA
"107",2024-07-23,-66.48983,41.94733,83,"117.16",NA,NA,NA,22.2789,NA,NA,0.801622069618754,NA,"n",0,0,0,0,NA,NA,NA,NA,NA,NA,NA,NA,NA,NA,NA,NA,NA,NA
"108",2024-07-23,-66.48983,41.94733,84,"121.73",NA,NA,NA,37.9896,NA,NA,0.784796672950271,NA,"n",0,0,0,0,NA,NA,NA,NA,NA,NA,NA,NA,NA,NA,NA,NA,NA,NA
"109",2024-07-23,-66.48983,41.94733,85,"111.23",NA,NA,NA,23.944,NA,NA,0.811879023340103,NA,"n",0,0,0,0,NA,NA,NA,NA,NA,NA,NA,NA,NA,NA,NA,NA,NA,NA
"110",2024-07-23,-66.48983,41.94733,86,"113.37",NA,NA,NA,29.4817,NA,NA,0.8280940843588,NA,"n",0,0,0,0,NA,NA,NA,NA,NA,NA,NA,NA,NA,NA,NA,NA,NA,NA
"111",2024-07-23,-66.48983,41.94733,87,"117.42",NA,NA,NA,33.0203,NA,NA,0.80058601746442,NA,"n",0,0,0,0,NA,NA,NA,NA,NA,NA,NA,NA,NA,NA,NA,NA,NA,NA
"112",2024-07-23,-66.48983,41.94733,88,"115.35",NA,NA,NA,25.697,NA,NA,0.833229620410703,NA,"n",0,0,0,0,NA,NA,NA,NA,NA,NA,NA,NA,NA,NA,NA,NA,NA,NA
"113",2024-07-23,-66.48983,41.94733,89,"123.51",NA,NA,NA,32.5614,NA,NA,0.815717263152702,NA,"n",0,0,0,0,NA,NA,NA,NA,NA,NA,NA,NA,NA,NA,NA,NA,NA,NA
"114",2024-07-23,-66.48983,41.94733,90,"128.52000000000001",NA,NA,NA,42.7048,NA,NA,0.800325820192389,NA,"n",0,0,0,0,NA,NA,NA,NA,NA,NA,NA,NA,NA,NA,NA,NA,NA,NA
"115",2024-07-23,-66.48983,41.94733,91,"108.67",NA,NA,NA,19.489,NA,NA,0.795581281170056,NA,"n",0,0,0,0,NA,NA,NA,NA,NA,NA,NA,NA,NA,NA,NA,NA,NA,NA
"116",2024-07-23,-66.48983,41.94733,92,"105.55",NA,NA,NA,22.96,NA,NA,0.809078952542832,NA,"n",0,0,0,0,NA,NA,NA,NA,NA,NA,NA,NA,NA,NA,NA,NA,NA,NA
"117",2024-07-23,-66.48983,41.94733,93,"128.27000000000001",NA,NA,NA,39.6032,NA,NA,0.824557527741804,NA,"n",0,0,0,0,NA,NA,NA,NA,NA,NA,NA,NA,NA,NA,NA,NA,NA,NA
"118",2024-07-23,-66.48983,41.94733,94,"125.31",NA,NA,NA,32.7475,NA,NA,0.801369271305775,NA,"n",0,0,0,0,NA,NA,NA,NA,NA,NA,NA,NA,NA,NA,NA,NA,NA,NA
"119",2024-07-23,-66.48983,41.94733,95,"107.41",NA,NA,NA,24.4564,NA,NA,0.810625517982719,NA,"n",0,0,0,0,NA,NA,NA,NA,NA,NA,NA,NA,NA,NA,NA,NA,NA,NA
"120",2024-07-23,-66.48983,41.94733,96,"124.73",NA,NA,NA,33.4772,NA,NA,0.787553758127641,NA,"n",0,0,0,0,NA,NA,NA,NA,NA,NA,NA,NA,NA,NA,NA,NA,NA,NA
"121",2024-07-23,-66.48983,41.94733,97,"115.79",NA,NA,NA,20.3357,NA,NA,0.804128182633639,NA,"n",0,0,0,0,NA,NA,NA,NA,NA,NA,NA,NA,NA,NA,NA,NA,NA,NA
"122",2024-07-23,-66.48983,41.94733,98,"121.73",NA,NA,NA,28.3527,NA,NA,0.798703909978327,NA,"n",0,0,0,0,NA,NA,NA,NA,NA,NA,NA,NA,NA,NA,NA,NA,NA,NA
"123",2024-07-23,-66.48983,41.94733,99,"112.8",NA,NA,NA,24.0852,NA,NA,0.797672456285454,NA,"n",0,0,0,0,NA,NA,NA,NA,NA,NA,NA,NA,NA,NA,NA,NA,NA,NA
"124",2024-08-13,-66.41917,42.005,100,"117.95",NA,NA,NA,20.99,8.9752,NA,NA,0.800706390943934,"y",0,0,0,0,NA,NA,NA,NA,NA,NA,NA,NA,NA,NA,NA,NA,NA,NA
"125",2024-08-13,-66.41917,42.005,101,"110.55",NA,NA,NA,19.5,3.2759,NA,NA,0.81605055099362,"y",0,0,0,0,NA,NA,NA,NA,NA,NA,NA,NA,NA,NA,NA,NA,NA,NA
"126",2024-08-13,-66.41917,42.005,102,"125.26",NA,NA,NA,29.14,11.2414,NA,NA,0.804241464586262,"y",0,0,0,0,NA,NA,NA,NA,NA,NA,NA,NA,NA,NA,NA,NA,NA,NA
"127",2024-08-13,-66.41917,42.005,103,"132.08000000000001",NA,NA,NA,33.22,18.7837,NA,NA,0.78444076513147,"y",0,0,0,0,NA,NA,NA,NA,NA,NA,NA,NA,NA,NA,NA,NA,NA,NA
"128",2024-08-13,-66.41917,42.005,104,"110.58",1.5028,0.991482565877083,0.3632,20.0754,4.0902,"good",0.790063093791629,0.820791159356511,"y",1,1,1,1,14.98168,0.36,0.05441346176,0.719971098072998,0.0149000000000008,0.0472276449045598,2.7989,0.2086,0.9946,2.5903,0.925470720640251,0.0745292793597485,0.015646446330725,0.965441165781125
"129",2024-08-13,-66.41917,42.005,105,"136.62",NA,NA,NA,33.68,12.7681,NA,NA,0.789177716339941,"y",0,0,0,0,NA,NA,NA,NA,NA,NA,NA,NA,NA,NA,NA,NA,NA,NA
"130",2024-08-13,-66.41917,42.005,106,"111.56",NA,NA,NA,18.03,2.5675,NA,NA,0.883232716650438,"y",0,0,0,0,NA,NA,NA,NA,NA,NA,NA,NA,NA,NA,NA,NA,NA,NA
"131",2024-08-13,-66.41917,42.005,107,"139.29",1.499,1.00733822548368,0.5902,43.2154,22.0878,"good",0.799084177038737,0.797204791785511,"y",1,1,1,1,15.22304,0.59,0.08984638208,0.757939326435151,0.0151000000000003,0.0501373266991468,5.1355,0.3573,0.9911,4.7782,0.930425469769253,0.0695745302307468,0.0139786239984538,0.975366583292028
"132",2024-08-13,-66.41917,42.005,108,"110.67",1.5091,1.06023457690014,0.5867,22.2879,6.0725,"good",0.783884264123495,0.779267188143269,"y",1,1,1,1,16.37048,0.59,0.09604560616,0.753249930287693,0.016,0.0490586477935133,2.8783,0.1855,0.9951,2.6928,0.935552235694681,0.0644477643053191,0.0139281760084396,0.972119585900936
"133",2024-08-13,-66.41917,42.005,109,"125.98",1.4971,1.00861665887384,0.6968,27.0757,7.4949,"good",0.790359505761732,0.809563836742318,"y",1,1,1,1,16.33912,0.7,0.11385098816,0.775824677340942,0.0151000000000003,0.0481117287258203,3.7727,0.3224,1.0038,3.4503,0.914543960558751,0.085456039441249,0.0179150463441084,0.981751918694579
"134",2024-08-13,-66.41917,42.005,110,"120.21",1.4995,1.37379126375458,0.4952,27.6612,6.4807,"good",0.786538429885827,0.802814510778157,"y",1,1,1,1,15.18552,0.5,0.07519869504,0.704564245449697,0.0206,0.0643577793895074,3.8228,0.2388,0.9965,3.584,0.937532698545569,0.0624673014544313,0.0133343682492583,0.965465910772631
"135",2024-08-13,-66.41917,42.005,111,"124.75",1.5015,1.53180153180151,0.3779,25.9166,7.0579,"good",0.789111528018365,0.813003868006064,"y",1,1,1,1,14.34944,0.38,0.05422653376,0.67666763996472,0.0229999999999997,0.0726356219193862,3.3848,0.2981,1.0072,3.0867,0.911929803828882,0.0880701961711179,0.0185729890976499,0.96649693243403
"136",2024-08-13,-66.41917,42.005,112,"121.29",1.4957,1.02293240623119,0.701,29.9109,10.3417,"good",0.79083204556278,0.807198042874963,"y",1,1,1,1,16.22768,0.7,0.1137560368,0.776928877261529,0.0152999999999999,0.0489048338682402,2.9699,0.3277,1.0005,2.6422,0.889659584497794,0.110340415502205,0.0230796790023491,0.986417848627441
"137",2024-08-13,-66.41917,42.005,113,"130.04",1.5073,1.18091952497851,0.404,26.6547,11.0533,"good",0.781259403193643,0.782345543864728,"y",1,1,1,1,15.63968,0.4,0.0631843072,0.722137409818978,0.0178000000000011,0.0539872132663119,3.158,0.2856,0.9998,2.8724,0.909563014566181,0.0904369854338189,0.0197822401671614,0.969247638610589
"138",2024-08-13,-66.41917,42.005,114,"110.26",1.502,0.898801597869541,0.4241,26.1952,8.4689,"good",0.794590250343132,0.799548937878591,"y",1,1,1,1,15.94488,0.42,0.06762223608,0.783825131323881,0.0135000000000005,0.0437565207771767,4.8197,0.2479,0.9886,4.5718,0.948565263398137,0.0514347366018632,0.0105651963690557,0.973592262690883
"139",2024-08-13,-66.41917,42.005,115,"121.49",1.5002,0.926543127582961,0.5211,27.0618,10.2209,"good",0.793915313163762,0.784304708978661,"y",1,1,1,1,15.20904,0.52,0.07925430744,0.739560673003422,0.0138999999999996,0.0449593388915511,4.3169,0.3152,0.9929,4.0017,0.926984641756816,0.0730153582431838,0.0150473472377823,0.970318491677374
"140",2024-08-13,-66.41917,42.005,116,"129.19999999999999",1.4943,0.923509335474792,0.4685,26.3553,10.2468,"good",0.789746781655285,0.810038255845728,"y",1,1,1,1,15.93312,0.47,0.0746466672,0.755387705456281,0.0137999999999998,0.0439236717870676,2.9094,0.2414,0.9925,2.668,0.917027565821132,0.0829724341788685,0.0174452213200021,0.975758296330035
"141",2024-08-13,-66.41917,42.005,117,"124.63",1.4943,1.0640433647862,0.501,25.7923,11.2614,"good",0.795151443938237,0,"y",1,1,1,1,15.582,0.5,0.07806582,0.762180817876624,0.0159000000000003,0.0519429272650274,3.0626,0.2892,1.007,2.7734,0.905570430353295,0.0944295696467054,0.0193437609916613,0.98095563857776
"142",2024-08-13,-66.41917,42.005,118,"123.49",1.5057,1.34821013482106,0.6861,24.1123,5.6421,"good",0.784641773321019,0.825100583116216,"y",1,1,1,1,15.41176,0.69,0.10574008536,0.711588792705712,0.0203000000000007,0.0626031406188507,3.8309,0.3142,0.9883,3.5167,0.9179827194654,0.0820172805346002,0.017663096092964,0.969904570762194
"143",2024-08-13,-66.41917,42.005,119,"124.03",1.4987,1.0942817108161,0.4412,33.2949,3.2943,"good",0.787904967602592,0.809489117566706,"y",1,1,1,1,15.00072,0.44,0.06618317664,0.709192991675616,0.0164000000000009,0.051593934023203,4.7434,0.3308,0.9902,4.4126,0.930260994223553,0.0697390057764473,0.0147912966895186,0.963646281400272
"144",2024-08-13,-66.41917,42.005,120,"116.59",1.5085,1.1667219091813,0.5934,28.1519,5.956,"good",0.785975186104218,0.803274009402283,"y",1,1,1,1,16.7188,0.59,0.0992093592,0.785663368702036,0.0175999999999998,0.0545133944024557,4.2973,0.3681,0.9946,3.9292,0.914341563307193,0.0856584366928071,0.0183330309717817,0.983163436167813
"145",2024-08-13,-66.41917,42.005,121,"132.84",1.4926,1.16575103845641,0.5174,33.0292,8.4565,"good",0.787794303893219,0.808963519186425,"y",1,1,1,1,15.9208,0.52,0.0823742192,0.74650192198558,0.0174000000000003,0.0549349550857393,4.775,0.2865,0.9972,4.4885,0.94,0.06,0.0127323417664069,0.97139215604419
"146",2024-08-13,-66.41917,42.005,122,"108.62",1.4912,1.38143776824034,0.481,15.72,5.6275,"good",0.786015164279697,0.789729009329187,"y",1,1,1,1,16.15376,0.48,0.0776995856,0.756474804028872,0.0206,0.0645577413740664,2.3594,0.248,1.0046,2.1114,0.894888530982453,0.105111469017547,0.0224922604300395,0.98385940239214
"147",2024-08-13,-66.41917,42.005,123,"129.1",1.491,1.44869215291746,0.5499,30.1034,14.6262,"good",0.789342370531194,0.788181482545022,"y",1,1,1,1,16.02272,0.55,0.08810893728,0.76046648861365,0.0215999999999994,0.0687699826761786,4.395,0.3715,0.9998,4.0235,0.91547212741752,0.0845278725824801,0.0178064412622665,0.981862933322635
"148",2024-08-13,-66.41917,42.005,124,"118.8",1.4991,0.913881662330735,0.604999999999999,23.8657,6.7071,"good",0.788131387397985,0.803402364658347,"y",1,1,1,1,13.748,0.61,0.0831753999999998,0.643573925743455,0.0137,0.0431343581810968,4.4671,0.3415,1.0101,4.1256,0.923552192697723,0.0764478073022766,0.0161968908695995,0.950947094890892
"149",2024-08-13,-66.41917,42.005,125,"111.93",1.5092,0.854757487410557,0.6084,17.827,9.4347,"good",0.793967876118139,0.783363540971096,"y",1,1,1,1,12.04784,0.61,0.07329905856,0.5832216298021,0.0129000000000001,0.0414866124420809,3.2888,0.2535,0.9942,3.0353,0.922920214059839,0.0770797859401606,0.0158809120056105,0.938874762997855
"150",2024-08-13,-66.41917,42.005,126,"134.9",1.5095,0.821464060947302,0.5393,41.0592,15.8528,"good",0.79484471599253,0.783268570851837,"y",1,1,1,1,13.9244,0.54,0.0750942892,0.677845073263894,0.0123999999999995,0.0400410871658266,4.4375,0.3039,1.0103,4.1336,0.931515492957746,0.0684845070422535,0.0140499584923651,0.956353315094368
"151",2024-08-13,-66.41917,42.005,127,"119.87",1.4902,0.912629177291657,0.7843,23.3173,7.6861,"good",0.789989925295113,0.84115481193323,"y",1,1,1,1,15.88328,0.78,0.12457256504,0.760479786231095,0.0136000000000003,0.0434564474382533,4.3274,0.3194,1.0163,4.008,0.926191246475944,0.073808753524056,0.0155005818414616,0.973449598909491
"152",2024-08-13,-66.41917,42.005,128,"116.99",1.4907,0.851948748909948,0.5291,21.3646,8.6122,"good",0.808403291840701,0.796370265437403,"y",1,1,1,1,12.95056,0.53,0.06852141296,0.674780303233064,0.0127000000000006,0.0444657299749437,3.6323,0.3085,1.0091,3.3238,0.915067588029623,0.0849324119703769,0.0162727705495537,0.962701149879354
"153",2024-08-13,-66.41917,42.005,129,"99.25",1.5091,1.08674044132258,0.257,11.0592,3.6788,"good",0.777178767042214,0.774111123192345,"y",1,1,1,1,15.57248,0.26,0.0400212735999999,0.690813767347644,0.0163999999999991,0.0487718529736557,1.9936,0.1415,0.9978,1.8521,0.929022873194221,0.0709771268057785,0.0158152109066647,0.959586182362105
"154",2024-08-13,-66.41917,42.005,130,"119.36",NA,NA,NA,30.0822,NA,NA,0.816309386362461,NA,"n",0,0,0,0,NA,NA,NA,NA,NA,NA,NA,NA,NA,NA,NA,NA,NA,NA
"155",2024-08-13,-66.41917,42.005,131,"100.02",NA,NA,NA,16.579,NA,NA,0.783014744636269,NA,"n",0,0,0,0,NA,NA,NA,NA,NA,NA,NA,NA,NA,NA,NA,NA,NA,NA
"156",2024-08-13,-66.41917,42.005,132,"115.69",NA,NA,NA,25.8781,NA,NA,0.802181160875678,NA,"n",0,0,0,0,NA,NA,NA,NA,NA,NA,NA,NA,NA,NA,NA,NA,NA,NA
"157",2024-08-13,-66.41917,42.005,133,"115.76",NA,NA,NA,23.602,NA,NA,0.793891940495161,NA,"n",0,0,0,0,NA,NA,NA,NA,NA,NA,NA,NA,NA,NA,NA,NA,NA,NA
"158",2024-08-13,-66.41917,42.005,134,"110.24",NA,NA,NA,23.2791,NA,NA,0.79824190309092,NA,"n",0,0,0,0,NA,NA,NA,NA,NA,NA,NA,NA,NA,NA,NA,NA,NA,NA
"159",2024-08-13,-66.41917,42.005,135,"124.45",NA,NA,NA,38.6944,NA,NA,0.804947571199689,NA,"n",0,0,0,0,NA,NA,NA,NA,NA,NA,NA,NA,NA,NA,NA,NA,NA,NA
"160",2024-08-13,-66.41917,42.005,136,"100.61",NA,NA,NA,14.6981,NA,NA,0.793571585822265,NA,"n",0,0,0,0,NA,NA,NA,NA,NA,NA,NA,NA,NA,NA,NA,NA,NA,NA
"161",2024-08-13,-66.41917,42.005,137,"130.87",NA,NA,NA,39.6547,NA,NA,0.807180637500757,NA,"n",0,0,0,0,NA,NA,NA,NA,NA,NA,NA,NA,NA,NA,NA,NA,NA,NA
"162",2024-08-13,-66.41917,42.005,138,"122.71",NA,NA,NA,25.4771,NA,NA,0.786682889989091,NA,"n",0,0,0,0,NA,NA,NA,NA,NA,NA,NA,NA,NA,NA,NA,NA,NA,NA
"163",2024-08-13,-66.41917,42.005,139,"132.13",NA,NA,NA,37.3267,NA,NA,0.800394232342023,NA,"n",0,0,0,0,NA,NA,NA,NA,NA,NA,NA,NA,NA,NA,NA,NA,NA,NA
"164",2024-08-13,-66.41917,42.005,140,"128.33000000000001",NA,NA,NA,32.808,NA,NA,0.801495398165603,NA,"n",0,0,0,0,NA,NA,NA,NA,NA,NA,NA,NA,NA,NA,NA,NA,NA,NA
"165",2024-08-13,-66.41917,42.005,141,"110.26",NA,NA,NA,23.0995,NA,NA,0.788534664528105,NA,"n",0,0,0,0,NA,NA,NA,NA,NA,NA,NA,NA,NA,NA,NA,NA,NA,NA
"166",2024-08-13,-66.41917,42.005,142,"136.41999999999999",NA,NA,NA,42.2179,NA,NA,0.812116590189362,NA,"n",0,0,0,0,NA,NA,NA,NA,NA,NA,NA,NA,NA,NA,NA,NA,NA,NA
"167",2024-08-13,-66.41917,42.005,143,"108.43",NA,NA,NA,17.6632,NA,NA,0.792848209958174,NA,"n",0,0,0,0,NA,NA,NA,NA,NA,NA,NA,NA,NA,NA,NA,NA,NA,NA
"168",2024-08-13,-66.41917,42.005,144,"127.09",NA,NA,NA,25.9653,NA,NA,0.813206081811413,NA,"n",0,0,0,0,NA,NA,NA,NA,NA,NA,NA,NA,NA,NA,NA,NA,NA,NA
"169",2024-08-13,-66.41917,42.005,145,"121.6",NA,NA,NA,23.5156,NA,NA,0.817034504472145,NA,"n",0,0,0,0,NA,NA,NA,NA,NA,NA,NA,NA,NA,NA,NA,NA,NA,NA
"170",2024-08-13,-66.41917,42.005,146,"124.52",NA,NA,NA,29.2067,NA,NA,0.788044623688563,NA,"n",0,0,0,0,NA,NA,NA,NA,NA,NA,NA,NA,NA,NA,NA,NA,NA,NA
"171",2024-08-13,-66.41917,42.005,147,"133.41999999999999",NA,NA,NA,32.126,NA,NA,0.781027468670996,NA,"n",0,0,0,0,NA,NA,NA,NA,NA,NA,NA,NA,NA,NA,NA,NA,NA,NA
"172",2024-08-13,-66.41917,42.005,148,"137.52000000000001",NA,NA,NA,43.2456,NA,NA,0.794403293356857,NA,"n",0,0,0,0,NA,NA,NA,NA,NA,NA,NA,NA,NA,NA,NA,NA,NA,NA
"173",2024-08-13,-66.41917,42.005,149,"128.16999999999999",NA,NA,NA,29.6368,NA,NA,0.800007104290992,NA,"n",0,0,0,0,NA,NA,NA,NA,NA,NA,NA,NA,NA,NA,NA,NA,NA,NA
"174",2024-09-22,-66.99783,42.091,150,"104.81",1.4965,0.962245238890758,0.3957,20.7384,8.3754,"good",0.786233404160295,0.782553669078492,"y",1,1,1,1,16.76528,0.4,0.06634021296,0.775848685565282,0.0144000000000002,0.0450138261832221,2.9883,0.135,1.0021,2.8533,0.954823812870194,0.0451761871298062,0.00965715973575617,0.973165816284959
"175",2024-09-22,-66.99783,42.091,151,"110.62",1.5037,1.06404202966017,0.4928,21.7529,15.3511,"good",0.789404042576768,0.757437577763157,"y",1,1,1,1,16.06528,0.49,0.07916969984,0.767207585449008,0.016,0.0505252827584805,3.1592,0.1893,0.9986,2.9699,0.940079767029628,0.0599202329703722,0.0126189588314186,0.973316221704788
"176",2024-09-22,-66.99783,42.091,152,"123.61",1.5087,0.762245641943385,0.6835,41.5505,11.8697,"good",0.786858286244268,0.785858109303521,"y",1,1,1,1,16.31112,0.68,0.1114865052,0.76921002488077,0.0114999999999998,0.0357623868416928,4.8229,0.2621,0.9854,4.5608,0.945655103775737,0.0543448962242634,0.0115831643151169,0.969175106978819
"177",2024-09-22,-66.99783,42.091,153,"115.55",1.4971,1.02865540044095,0.4358,22.8084,13.7662,"good",0.789836462673033,0.786404381746597,"y",1,1,1,1,16.12408,0.44,0.07026874064,0.759892440448733,0.0154000000000014,0.0489454742494456,4.3037,0.1767,1.0061,4.127,0.958942305458094,0.0410576945419058,0.00862883031941703,0.969992646996859
"178",2024-09-22,-66.99783,42.091,154,"131.62",1.4944,1.09743040685219,0.4191,37.5464,20.772,"good",0.787368502675179,0.783477758521086,"y",1,1,1,1,15.24264,0.42,0.06388190424,0.715320984490123,0.0163999999999991,0.0516118458769881,2.8994,0.2394,1.0025,2.66,0.91743119266055,0.0825688073394496,0.0175567291369118,0.968325935880613
"179",2024-09-22,-66.99783,42.091,155,"109.88",1.5021,1.27155315891085,0.3917,22.3095,10.6206,"good",0.787138355215903,0.768741878989888,"y",1,1,1,1,15.4588,0.39,0.0605521196,0.729402637500454,0.0190999999999999,0.0597361333085898,3.0697,0.1736,0.9999,2.8961,0.943447242401538,0.0565527575984624,0.012037912999485,0.966479799804497
"180",2024-09-22,-66.99783,42.091,156,"114.37",1.4903,1.07360934040126,0.4369,26.4704,9.7961,"good",0.800190884325363,0.793530078296465,"y",1,1,1,1,15.05504,0.44,0.06577546976,0.748162582549159,0.016,0.0537317497640846,2.9807,0.2263,1.0081,2.7544,0.924078236655819,0.0759217633441809,0.0151698603942599,0.976647238123635
"181",2024-09-22,-66.99783,42.091,157,"105.15",1.503,1.89620758483029,0.4125,18.6773,8.0752,"good",0.803700242638862,0.793615018823063,"y",1,1,1,1,15.12112,0.41,0.06237462,0.775004623323662,0.0284999999999993,0.0965975511290006,2.2928,0.1743,0.9977,2.1185,0.923979413817167,0.0760205861828332,0.0149228226221416,0.988796341109306
"182",2024-09-22,-66.99783,42.091,158,"113.9",1.4921,1.54815360900752,0.4164,26.6457,18.0544,"good",0.787622844276694,0.765010191421482,"y",1,1,1,1,16.30104,0.42,0.06787753056,0.760972466410448,0.0231000000000012,0.0728964282309404,3.8314,0.268,1.0022,3.5634,0.93005167823772,0.0699483217622801,0.0148554256234917,0.980970205990261
"183",2024-09-22,-66.99783,42.091,159,"110.32",1.508,2.06896551724139,0.3377,29.6611,11.6407,"good",0.780163298383113,0.786344463820904,"y",1,1,1,1,16.49032,0.34,0.05568781064,0.745042466286529,0.0312000000000001,0.0941137445214679,3.8433,0.2612,0.9972,3.5821,0.932037571878334,0.0679624281216663,0.0149406360321419,0.980696789587669
"184",2024-09-22,-66.99783,42.091,160,"105.32",1.494,1.89424364123158,0.4473,17.8978,3.292,"good",0.784624445841724,0.819623329283111,"y",1,1,1,1,16.96744,0.45,0.07589535912,0.783080300172122,0.0282999999999998,0.0879507262852834,2.5779,0.1726,1.0222,2.4053,0.933046277978199,0.0669537220218007,0.0144201949834045,0.987661477237444
"185",2024-09-22,-66.99783,42.091,161,"118.28",1.5073,2.03675446162008,0.3357,24.8514,16.2046,"good",0.786998592946278,0.7836046554682,"y",1,1,1,1,16.8336,0.34,0.0565103952,0.780309609241044,0.0306999999999995,0.095621643527753,3.5317,0.2465,1.0131,3.2852,0.930203584675935,0.0697964153240649,0.0148667346713318,0.990568872233811
"186",2024-09-22,-66.99783,42.091,162,"108.9",1.506,0.856573705179292,0.622,17.4152,18.3315,"good",0.788614003872521,0.774890216294357,"y",1,1,1,1,14.7392,0.62,0.091677824,0.699513973363414,0.0129000000000001,0.0405217810484818,3.073,0.2174,0.9877,2.8556,0.929254799869834,0.070745200130166,0.014954544600753,0.959526285525067
"187",2024-09-22,-66.99783,42.091,163,"112.98",1.5098,0.920651741952549,0.506600000000001,23.8267,9.8947,"good",0.789044625704369,0.788401871709097,"y",1,1,1,1,16.25344,0.51,0.0823399270400001,0.765331709952446,0.0138999999999996,0.0436420141002123,4.5048,0.2839,1.0021,4.2209,0.936978334221275,0.0630216657787249,0.0132947590930851,0.974080302216979
"188",2024-09-22,-66.99783,42.091,164,"106.98",1.5,1.03333333333341,0.633299999999998,22.5204,15.2556,"good",0.790838324234442,0.770340071842471,"y",1,1,1,1,14.30576,0.63,0.0905983780799998,0.68753966904779,0.0155000000000012,0.0494035692509769,4.1941,0.3016,0.9991,3.8925,0.928089459001931,0.0719105409980687,0.0150409292603639,0.95927018682814
"189",2024-09-22,-66.99783,42.091,165,"109.5",1.4937,1.15150297917915,0.5002,27.0673,11.7997,"good",0.790148125104693,0.790952312346924,"y",1,1,1,1,14.96768,0.5,0.07486833536,0.713535062742242,0.017199999999999,0.0548721797102659,5.1964,0.3548,0.9951,4.8416,0.931721961357863,0.0682780386421369,0.0143282744232266,0.965668229319711
"190",2024-09-22,-66.99783,42.091,166,"121.77",1.5072,1.08811040339708,0.717499999999998,41.8328,13.4554,"good",0.781340180417642,0.807906119476195,"y",1,1,1,1,14.42728,0.72,0.103515734,0.657513817821595,0.0164000000000009,0.0497627047106955,5.1403,0.3116,1.0312,4.8287,0.939380969982297,0.0606190300177033,0.0132549461669285,0.949749030618541
"191",2024-09-22,-66.99783,42.091,167,"110.9",1.491,1.07981220657287,0.735499999999998,26.5365,14.8724,"good",0.784027149321267,0.785784406013824,"y",1,1,1,1,14.88144,0.74,0.1094529912,0.684852040905769,0.0161000000000016,0.0499975901220627,5.1506,0.3515,1.0042,4.7991,0.931755523628315,0.0682444763716848,0.0147389541050702,0.958378625492066
"192",2024-09-22,-66.99783,42.091,168,"108.44",1.4952,0.749063670412021,0.718499999999999,20.8229,19.7421,"good",0.801866818562861,0.793345186175736,"y",1,1,1,1,13.1012,0.72,0.0941321219999999,0.659854434199414,0.0112000000000005,0.0378060688764377,3.5994,0.271,1.0155,3.3284,0.924709673834528,0.075290326165472,0.0149175118546048,0.955286967121586
"193",2024-09-22,-66.99783,42.091,169,"113.46",1.5076,0.902096046696637,0.476900000000001,25.0221,12.2669,"good",0.799953120116679,0.787982293815063,"y",1,1,1,1,13.44112,0.48,0.0641007012800001,0.667559162855011,0.0135999999999985,0.0450942322730948,4.5237,0.3459,1.0233,4.1778,0.923536043504211,0.0764639564957888,0.0152963759205165,0.958681656504162
"194",2024-09-22,-66.99783,42.091,170,"103.19",1.5027,0.439209423038571,0.574800000000001,19.9193,5.4237,"good",0.793176697418422,0.78304478492542,"y",1,1,1,1,13.56768,0.57,0.0779870246400001,0.661527689413616,0.00660000000000061,0.0212359737784059,3.5977,0.2946,1.0112,3.3031,0.918114350835256,0.0818856491647441,0.0169358603942888,0.950181452043096
"195",2024-09-22,-66.99783,42.091,171,"108.84",1.4995,1.09369789929971,0.6421,17.189,12.3426,"good",0.787577920438082,0.766418744834962,"y",1,1,1,1,13.9468,0.64,0.0895524028000001,0.658715090557306,0.0163999999999991,0.0514870159239218,3.108,0.2292,1.0222,2.8788,0.926254826254826,0.0737451737451738,0.0156651031646048,0.953648002595684
"196",2024-09-22,-66.99783,42.091,172,"110",1.498,1.17489986648864,0.660200000000001,16.7817,14.0506,"good",0.792060724176839,0.787482385093875,"y",1,1,1,1,14.196,0.66,0.0937219920000001,0.682906187970871,0.0175999999999998,0.0565020658958059,2.9535,0.2242,1.0213,2.7293,0.924090062637549,0.0759099373624513,0.0157846574029296,0.961554380244655
"197",2024-09-22,-66.99783,42.091,173,"118.05",1.5083,1.01438705827752,0.6501,27.5588,17.6615,"good",0.796877214532055,0.785539167114911,"y",1,1,1,1,12.78816,0.65,0.08313582816,0.629674675825534,0.0152999999999999,0.0499395996338187,5.0463,0.3843,1.0206,4.662,0.923845193508115,0.0761548064918851,0.015468776421404,0.950371461536234
"198",2024-09-22,-66.99783,42.091,174,"116.89",NA,NA,NA,24.57,4.8744,NA,NA,0.877831117676022,"y",0,0,0,0,NA,NA,NA,NA,NA,NA,NA,NA,NA,NA,NA,NA,NA,NA
"199",2024-09-22,-66.99783,42.091,175,"108.28",NA,NA,NA,21.7,11.6512,NA,NA,0.781936624553694,"y",0,0,0,0,NA,NA,NA,NA,NA,NA,NA,NA,NA,NA,NA,NA,NA,NA
"200",2024-09-22,-66.99783,42.091,176,"123.73",NA,NA,NA,31.39,22.2726,NA,NA,0.79246697736232,"y",0,0,0,0,NA,NA,NA,NA,NA,NA,NA,NA,NA,NA,NA,NA,NA,NA
"201",2024-09-22,-66.99783,42.091,177,"110.53",NA,NA,NA,22.77,14.0483,NA,NA,0.779375440444751,"y",0,0,0,0,NA,NA,NA,NA,NA,NA,NA,NA,NA,NA,NA,NA,NA,NA
"202",2024-09-22,-66.99783,42.091,178,"118.87",NA,NA,NA,25.41,18.1767,NA,NA,0.763642465353997,"y",0,0,0,0,NA,NA,NA,NA,NA,NA,NA,NA,NA,NA,NA,NA,NA,NA
"203",2024-09-22,-66.99783,42.091,179,"109.7",NA,NA,NA,25.61,12.0764,NA,NA,0.789987082243053,"y",0,0,0,0,NA,NA,NA,NA,NA,NA,NA,NA,NA,NA,NA,NA,NA,NA
"204",2024-09-22,-66.99783,42.091,180,"105.95",NA,NA,NA,23.32,NA,NA,0.790167214776995,NA,"n",0,0,0,0,NA,NA,NA,NA,NA,NA,NA,NA,NA,NA,NA,NA,NA,NA
"205",2024-09-22,-66.99783,42.091,181,"120.91",NA,NA,NA,35.53,NA,NA,0.78646262956581,NA,"n",0,0,0,0,NA,NA,NA,NA,NA,NA,NA,NA,NA,NA,NA,NA,NA,NA
"206",2024-09-22,-66.99783,42.091,182,"111.25",NA,NA,NA,20.96,NA,NA,0.800558354895819,NA,"n",0,0,0,0,NA,NA,NA,NA,NA,NA,NA,NA,NA,NA,NA,NA,NA,NA
"207",2024-09-22,-66.99783,42.091,183,"112.11",NA,NA,NA,24.26,NA,NA,0.800668301037714,NA,"n",0,0,0,0,NA,NA,NA,NA,NA,NA,NA,NA,NA,NA,NA,NA,NA,NA
"208",2024-09-22,-66.99783,42.091,184,"110.17",NA,NA,NA,25.33,NA,NA,0.788070732148436,NA,"n",0,0,0,0,NA,NA,NA,NA,NA,NA,NA,NA,NA,NA,NA,NA,NA,NA
"209",2024-09-22,-66.99783,42.091,185,"110.4",NA,NA,NA,25.16,NA,NA,0.800703236035918,NA,"n",0,0,0,0,NA,NA,NA,NA,NA,NA,NA,NA,NA,NA,NA,NA,NA,NA
"210",2024-09-22,-66.99783,42.091,186,"113.27",NA,NA,NA,22.07,NA,NA,0.804339749852085,NA,"n",0,0,0,0,NA,NA,NA,NA,NA,NA,NA,NA,NA,NA,NA,NA,NA,NA
"211",2024-09-22,-66.99783,42.091,187,"106.5",NA,NA,NA,19.67,NA,NA,0.803476340855991,NA,"n",0,0,0,0,NA,NA,NA,NA,NA,NA,NA,NA,NA,NA,NA,NA,NA,NA
"212",2024-09-22,-66.99783,42.091,188,"114.66",NA,NA,NA,27.18,NA,NA,0.790364060711472,NA,"n",0,0,0,0,NA,NA,NA,NA,NA,NA,NA,NA,NA,NA,NA,NA,NA,NA
"213",2024-09-22,-66.99783,42.091,189,"107.19",NA,NA,NA,22.24,NA,NA,0.798489969215707,NA,"n",0,0,0,0,NA,NA,NA,NA,NA,NA,NA,NA,NA,NA,NA,NA,NA,NA
"214",2024-09-22,-66.99783,42.091,190,"128.88",NA,NA,NA,47.539,NA,NA,0.798814942291268,NA,"n",0,0,0,0,NA,NA,NA,NA,NA,NA,NA,NA,NA,NA,NA,NA,NA,NA
"215",2024-09-22,-66.99783,42.091,191,"108.81",NA,NA,NA,22.201,NA,NA,0.796285831822682,NA,"n",0,0,0,0,NA,NA,NA,NA,NA,NA,NA,NA,NA,NA,NA,NA,NA,NA
"216",2024-09-22,-66.99783,42.091,192,"108.36",NA,NA,NA,25.5646,NA,NA,0.789245482993938,NA,"n",0,0,0,0,NA,NA,NA,NA,NA,NA,NA,NA,NA,NA,NA,NA,NA,NA
"217",2024-09-22,-66.99783,42.091,193,"110.75",NA,NA,NA,22.458,NA,NA,0.787385450263656,NA,"n",0,0,0,0,NA,NA,NA,NA,NA,NA,NA,NA,NA,NA,NA,NA,NA,NA
"218",2024-09-22,-66.99783,42.091,194,"115.23",NA,NA,NA,23.1845,NA,NA,0.790369827901867,NA,"n",0,0,0,0,NA,NA,NA,NA,NA,NA,NA,NA,NA,NA,NA,NA,NA,NA
"219",2024-09-22,-66.99783,42.091,195,"117.45",NA,NA,NA,33.9403,NA,NA,0.789876417705705,NA,"n",0,0,0,0,NA,NA,NA,NA,NA,NA,NA,NA,NA,NA,NA,NA,NA,NA
"220",2024-09-22,-66.99783,42.091,196,"108.72",NA,NA,NA,20.0304,NA,NA,0.798973316391359,NA,"n",0,0,0,0,NA,NA,NA,NA,NA,NA,NA,NA,NA,NA,NA,NA,NA,NA
"221",2024-09-22,-66.99783,42.091,197,"115.2",NA,NA,NA,28.085,NA,NA,0.806052928135289,NA,"n",0,0,0,0,NA,NA,NA,NA,NA,NA,NA,NA,NA,NA,NA,NA,NA,NA
"222",2024-09-22,-66.99783,42.091,198,"114.84",NA,NA,NA,52.2713,NA,NA,0.78897792022792,NA,"n",0,0,0,0,NA,NA,NA,NA,NA,NA,NA,NA,NA,NA,NA,NA,NA,NA
"223",2024-09-22,-66.99783,42.091,199,"106.56",NA,NA,NA,27.6596,NA,NA,0.796286449985948,NA,"n",0,0,0,0,NA,NA,NA,NA,NA,NA,NA,NA,NA,NA,NA,NA,NA,NA
"224",2024-09-22,-66.99783,42.091,200,"110.04",NA,NA,NA,21.198,NA,NA,0.788197983356257,NA,"n",0,0,0,0,NA,NA,NA,NA,NA,NA,NA,NA,NA,NA,NA,NA,NA,NA
"225",2024-09-22,-66.99783,42.091,201,"118.88",NA,NA,NA,24.6353,NA,NA,0.788994393354073,NA,"n",0,0,0,0,NA,NA,NA,NA,NA,NA,NA,NA,NA,NA,NA,NA,NA,NA
"226",2024-09-22,-66.99783,42.091,202,"112.35",NA,NA,NA,25.1932,NA,NA,0.795467828596534,NA,"n",0,0,0,0,NA,NA,NA,NA,NA,NA,NA,NA,NA,NA,NA,NA,NA,NA
"227",2024-09-22,-66.99783,42.091,203,"123.08",NA,NA,NA,24.2612,NA,NA,0.788547192581852,NA,"n",0,0,0,0,NA,NA,NA,NA,NA,NA,NA,NA,NA,NA,NA,NA,NA,NA
"228",2024-09-22,-66.99783,42.091,204,"?????",NA,NA,NA,27.3504,NA,NA,0.802872087713037,NA,"n",0,0,0,0,NA,NA,NA,NA,NA,NA,NA,NA,NA,NA,NA,NA,NA,NA
"229",2024-09-22,-66.99783,42.091,205,"107.58",NA,NA,NA,20.6407,NA,NA,0.781078529706767,NA,"n",0,0,0,0,NA,NA,NA,NA,NA,NA,NA,NA,NA,NA,NA,NA,NA,NA
"230",2024-09-22,-66.99783,42.091,206,"108.83",NA,NA,NA,22.8173,NA,NA,0.794555075894722,NA,"n",0,0,0,0,NA,NA,NA,NA,NA,NA,NA,NA,NA,NA,NA,NA,NA,NA
"231",2024-09-22,-66.99783,42.091,207,"116.27",NA,NA,NA,26.9026,NA,NA,0.78962289280414,NA,"n",0,0,0,0,NA,NA,NA,NA,NA,NA,NA,NA,NA,NA,NA,NA,NA,NA
"232",2024-09-22,-66.99783,42.091,208,"115.37",NA,NA,NA,29.7781,NA,NA,0.788842594173696,NA,"n",0,0,0,0,NA,NA,NA,NA,NA,NA,NA,NA,NA,NA,NA,NA,NA,NA
"233",2024-09-22,-66.99783,42.091,209,"126.53",NA,NA,NA,35.3927,NA,NA,0.786527680197296,NA,"n",0,0,0,0,NA,NA,NA,NA,NA,NA,NA,NA,NA,NA,NA,NA,NA,NA
"234",2024-09-22,-66.99783,42.091,210,"125.93",NA,NA,NA,20.7859,NA,NA,0.79064004272923,NA,"n",0,0,0,0,NA,NA,NA,NA,NA,NA,NA,NA,NA,NA,NA,NA,NA,NA
"235",2024-09-22,-66.99783,42.091,211,"103.48",NA,NA,NA,21.9512,NA,NA,0.801672708861727,NA,"n",0,0,0,0,NA,NA,NA,NA,NA,NA,NA,NA,NA,NA,NA,NA,NA,NA
"236",2024-09-22,-66.99783,42.091,212,"111.17",NA,NA,NA,29.4339,NA,NA,0.785580364752003,NA,"n",0,0,0,0,NA,NA,NA,NA,NA,NA,NA,NA,NA,NA,NA,NA,NA,NA
"237",2024-09-22,-66.99783,42.091,213,"112.63",NA,NA,NA,25.1766,NA,NA,0.777585943405189,NA,"n",0,0,0,0,NA,NA,NA,NA,NA,NA,NA,NA,NA,NA,NA,NA,NA,NA
"238",2024-09-22,-66.99783,42.091,214,"119.65",NA,NA,NA,31.7891,NA,NA,0.789239939722763,NA,"n",0,0,0,0,NA,NA,NA,NA,NA,NA,NA,NA,NA,NA,NA,NA,NA,NA
"239",2024-09-22,-66.99783,42.091,215,"112.4",NA,NA,NA,25.8602,NA,NA,0.794596873899765,NA,"n",0,0,0,0,NA,NA,NA,NA,NA,NA,NA,NA,NA,NA,NA,NA,NA,NA
"240",2024-09-22,-66.99783,42.091,216,"107.37",NA,NA,NA,20.5873,NA,NA,0.783186761325288,NA,"n",0,0,0,0,NA,NA,NA,NA,NA,NA,NA,NA,NA,NA,NA,NA,NA,NA
"241",2024-09-22,-66.99783,42.091,217,"121.83",NA,NA,NA,32.8605,NA,NA,0.787432673911259,NA,"n",0,0,0,0,NA,NA,NA,NA,NA,NA,NA,NA,NA,NA,NA,NA,NA,NA
"242",2024-09-22,-66.99783,42.091,218,"116.53",NA,NA,NA,24.8023,NA,NA,0.811030598492538,NA,"n",0,0,0,0,NA,NA,NA,NA,NA,NA,NA,NA,NA,NA,NA,NA,NA,NA
"243",2024-09-22,-66.99783,42.091,219,"100.91",NA,NA,NA,18.1634,NA,NA,0.793846325976896,NA,"n",0,0,0,0,NA,NA,NA,NA,NA,NA,NA,NA,NA,NA,NA,NA,NA,NA
"244",2024-09-22,-66.99783,42.091,220,"119.18",NA,NA,NA,35.3268,NA,NA,0.786978075241915,NA,"n",0,0,0,0,NA,NA,NA,NA,NA,NA,NA,NA,NA,NA,NA,NA,NA,NA
"245",2024-09-22,-66.99783,42.091,221,"108.21",NA,NA,NA,24.6821,NA,NA,0.793816596232211,NA,"n",0,0,0,0,NA,NA,NA,NA,NA,NA,NA,NA,NA,NA,NA,NA,NA,NA
"246",2024-09-22,-66.99783,42.091,222,"109.82",NA,NA,NA,19.0268,NA,NA,0.799224182581577,NA,"n",0,0,0,0,NA,NA,NA,NA,NA,NA,NA,NA,NA,NA,NA,NA,NA,NA
"247",2024-09-22,-66.99783,42.091,223,"116.45",NA,NA,NA,26.1919,NA,NA,0.796712200054943,NA,"n",0,0,0,0,NA,NA,NA,NA,NA,NA,NA,NA,NA,NA,NA,NA,NA,NA
"248",2024-09-22,-66.99783,42.091,224,"127.78",NA,NA,NA,33.5174,NA,NA,0.804451809608453,NA,"n",0,0,0,0,NA,NA,NA,NA,NA,NA,NA,NA,NA,NA,NA,NA,NA,NA
"249",2024-09-22,-66.99783,42.091,225,"109.26",NA,NA,NA,26.4596,NA,NA,0.790925894542689,NA,"n",0,0,0,0,NA,NA,NA,NA,NA,NA,NA,NA,NA,NA,NA,NA,NA,NA
"250",2024-09-22,-66.99783,42.091,226,"108.97",NA,NA,NA,21.3659,NA,NA,0.810892019693878,NA,"n",0,0,0,0,NA,NA,NA,NA,NA,NA,NA,NA,NA,NA,NA,NA,NA,NA
"251",2024-09-22,-66.99783,42.091,227,"112.97",NA,NA,NA,26.592,NA,NA,0.791384513398828,NA,"n",0,0,0,0,NA,NA,NA,NA,NA,NA,NA,NA,NA,NA,NA,NA,NA,NA
"252",2024-09-22,-66.99783,42.091,228,"111.03",NA,NA,NA,23.0392,NA,NA,0.785540258507179,NA,"n",0,0,0,0,NA,NA,NA,NA,NA,NA,NA,NA,NA,NA,NA,NA,NA,NA
"253",2024-10-08,-66.595,41.95067,229,"119.57",1.507,0.802919708029212,0.4421,19.1848,2.48,"good",0.816335679735735,0.842741935483871,"y",1,1,1,1,12.73888,0.44,0.05631858848,0.69690613732614,0.0121000000000002,0.0437166950485501,2.169,0.1811,0.9912,1.9879,0.91650530198248,0.0834946980175196,0.0153349969570578,0.967088673773085
"254",2024-10-08,-66.595,41.95067,230,"111.51",1.497,0.908483633934554,0.322,21.8331,10.63,"good",0.798162514114766,0.791157102539981,"y",1,1,1,1,15.31096,0.32,0.0493012912,0.763319728861482,0.0136000000000003,0.045010649530738,2.5426,0.2043,0.9814,2.3383,0.919649178006765,0.0803508219932352,0.0162178078999266,0.976574758354038
"255",2024-10-08,-66.595,41.95067,231,"126.34",1.4997,0.846836033873481,0.3541,25.729,9.84,"good",0.794375549816964,0.791666666666667,"y",1,1,1,1,16.06696,0.35,0.05689310536,0.790527242530278,0.0127000000000006,0.0411836254453044,3.4364,0.264,0.9917,3.1724,0.923175416133163,0.0768245838668374,0.015797012818159,0.979310522973858
"256",2024-10-08,-66.595,41.95067,232,"132.52000000000001",1.4931,0.930949032214946,0.4261,44.6146,8.25,"good",0.794631284689136,0.859393939393939,"y",1,1,1,1,15.56016,0.43,0.06630184176,0.75079755668249,0.0139000000000014,0.045330615756435,3.9082,0.2905,0.9921,3.6177,0.925669105982294,0.0743308940177064,0.0152652402123244,0.97480761522361
"257",2024-10-08,-66.595,41.95067,233,"131.88",1.496,0.942513368983898,0.6334,39.9003,12.78,"good",0.801098699871818,0.794992175273865,"y",1,1,1,1,16.09216,0.63,0.10192774144,0.813418844791422,0.0140999999999991,0.0473859833181832,3.7632,0.3064,0.9915,3.4568,0.918579931972789,0.0814200680272109,0.0161945573871373,0.987639990948794
"258",2024-10-08,-66.595,41.95067,234,"120.54",1.5057,1.68692302583512,0.4071,25.7277,6.13,"good",0.793858046541369,0.818923327895595,"y",1,1,1,1,15.95944,0.41,0.06497088024,0.768720577748754,0.0253999999999994,0.0818330765539028,3.5778,0.2715,0.9904,3.3063,0.924115378165353,0.075884621834647,0.0156430041824636,0.985964680982184
"259",2024-10-08,-66.595,41.95067,235,"117.73",1.5022,0.99853548129414,0.4695,23.4337,13.88,"good",0.802236757049816,0.788184438040346,"y",1,1,1,1,15.0276,0.47,0.070554582,0.759069934713335,0.0150000000000006,0.0504914597069825,2.5739,0.2195,0.9964,2.3544,0.914720851625937,0.0852791483740627,0.0168650809384845,0.979363192801242
"260",2024-10-08,-66.595,41.95067,236,"126.87",1.4925,1.3668341708543,0.3387,31.1288,5.46,"good",0.793354137886483,0.86996336996337,"y",1,1,1,1,15.57024,0.34,0.05273640288,0.750593627705512,0.0204000000000004,0.0661437958096376,3.9801,0.234,1.0179,3.7461,0.941207507349062,0.0587924926509384,0.0121492253296558,0.974874104924682
"261",2024-10-08,-66.595,41.95067,237,"124.89",1.4958,1.4574140927932,0.397,20.1708,4.97,"good",0.798140972904116,0.82897384305835,"y",1,1,1,1,15.54112,0.4,0.0616982464,0.764125430599309,0.0218000000000007,0.0721995995800041,2.8811,0.1891,1.0282,2.692,0.934365346569019,0.0656346534309812,0.0132489472853534,0.981375261117401
"262",2024-10-08,-66.595,41.95067,238,"120.91",1.5039,1.61579892280073,0.4259,37.6709,9.76,"good",0.789710771714053,0.800204918032787,"y",1,1,1,1,15.86256,0.43,0.06755864304,0.747128726608849,0.0243000000000002,0.0768369799999267,2.5309,0.1822,1.0255,2.3487,0.928009798885772,0.0719902011142281,0.0151387638364611,0.979633124778522
"263",2024-10-08,-66.595,41.95067,239,"120.48",1.4993,1.27392783298872,0.411,24.0889,6.25,"good",0.807391823226172,0.8384,"y",1,1,1,1,15.60552,0.41,0.0641386872,0.812197202939731,0.0190999999999999,0.0661409008862922,3.0284,0.2263,1.0231,2.8021,0.92527407211729,0.0747259278827104,0.0143928247272214,0.990579126283281
"264",2024-10-08,-66.595,41.95067,240,"124.03",1.496,1.38368983957217,0.3528,29.6553,8.24,"good",0.796837855388351,0.827669902912621,"y",1,1,1,1,15.10264,0.35,0.05328211392,0.749325675267906,0.0206999999999997,0.0681076606184258,3.4389,0.2399,1.0276,3.199,0.930239320713019,0.0697606792869813,0.0141727292135086,0.975873882997581
"265",2024-10-08,-66.595,41.95067,241,"126.92",1.5047,1.68139828537248,0.5958,27.3239,3.84,"good",0.783980901706505,0.8359375,"y",1,1,1,1,16.40352,0.6,0.09773217216,0.754039595974487,0.0252999999999997,0.0778356311388746,3.764,0.2552,1.0236,3.5088,0.932199787460149,0.0678002125398512,0.014646140776966,0.979476225337196
"266",2024-10-08,-66.595,41.95067,242,"130.30000000000001",1.506,1.03585657370524,0.3877,28.8057,5.64,"good",0.801638416425149,0.808510638297872,"y",1,1,1,1,15.47392,0.39,0.05999238784,0.775486022620572,0.0156000000000009,0.0522206243284182,3.8115,0.3055,0.984,3.506,0.919847828938738,0.080152171061262,0.0158991115786743,0.982635293740876
"267",2024-10-08,-66.595,41.95067,243,"127.32",1.4906,1.03314101704009,0.5605,29.8027,15.63,"good",0.794859285910297,0.801023672424824,"y",1,1,1,1,14.80696,0.56,0.0829930108,0.722439744141648,0.0153999999999996,0.0503625534124019,3.9323,0.3188,0.9857,3.6135,0.918927853927727,0.0810721460722732,0.0166311979380508,0.969891494018749
"268",2024-10-08,-66.595,41.95067,244,"123.34",1.4988,1.09420870029363,0.6862,32.123,5.58,"good",0.794860496869407,0.897849462365591,"y",1,1,1,1,16.33632,0.69,0.11209982784,0.79196603350097,0.0164000000000009,0.053339736306032,3.6493,0.2239,0.9903,3.4254,0.938645767681473,0.0613542323185268,0.0125861767327816,0.981751960605125
"269",2024-10-08,-66.595,41.95067,245,"125.53",1.4947,0.950023416070158,0.5951,27.1424,4.75,"good",0.802728066961644,0.886315789473684,"y",1,1,1,1,14.5096,0.6,0.0863466296,0.729505952097871,0.0142000000000007,0.0481580629052509,3.326,0.3412,0.9934,2.9848,0.897414311485268,0.102585688514732,0.0202372770753719,0.977561578197717
"270",2024-10-08,-66.595,41.95067,246,"127.99",1.5022,1.06510451338038,0.5951,31.2928,5.81,"good",0.793928221293443,0.843373493975904,"y",1,1,1,1,14.77672,0.6,0.08793626072,0.711210605611519,0.016,0.0516860930723109,3.7913,0.2417,1.0532,3.5496,0.936248780101812,0.063751219898188,0.0131373272791325,0.965483793706379
"271",2024-10-08,-66.595,41.95067,247,"122.79",1.5089,1.18629465173299,0.6007,20.0371,7.42,"good",0.796335239157719,0.827493261455526,"y",1,1,1,1,14.12432,0.6,0.08484479024,0.694317382882159,0.0178999999999991,0.0582474182979384,3.5321,0.2723,1.0166,3.2598,0.922907052461708,0.0770929475382917,0.0157011167230127,0.965142502398062
"272",2024-10-08,-66.595,41.95067,248,"137.87",1.4966,1.02899906454628,0.574300000000002,31.665,6.04,"good",0.800575114634336,0.839403973509934,"y",1,1,1,1,15.246,0.57,0.0875577780000003,0.770265639418307,0.0153999999999996,0.051598327995,3.8969,0.3073,1.0429,3.5896,0.921142446560086,0.0788575534399138,0.0157261585549715,0.97905126383477
"273",2024-10-08,-66.595,41.95067,249,"123.4",1.495,1.12374581939799,0.566599999999998,30.9699,8.34,"good",0.795591577505422,0.822541966426859,"y",1,1,1,1,12.36256,0.57,0.0700462649599998,0.601189435545936,0.0167999999999999,0.0549755144961209,3.9395,0.2958,1.0088,3.6437,0.924914329229598,0.0750856707704024,0.0153481435141252,0.945802779213527
"274",2024-10-08,-66.595,41.95067,250,"126.6",1.4992,1.14727854855916,0.791500000000001,30.6256,3.7,"good",0.799402856547932,0.802702702702703,"y",1,1,1,1,14.47208,0.79,0.1145465132,0.722819796104227,0.017199999999999,0.0571931648086156,3.492,0.2719,0.9975,3.2201,0.922136311569301,0.0778636884306988,0.01561923347784,0.971215675511364
"275",2024-10-08,-66.595,41.95067,251,"124.63",1.5026,0.964994010382002,0.711199999999999,37.1577,12.25,"good",0.78078005030921,0,"y",1,1,1,1,15.44536,0.71,0.10984740032,0.705750770202498,0.0145,0.044019443109221,3.8126,0.2642,1.0076,3.5484,0.930703456958506,0.069296543041494,0.015191184679302,0.960074775092332
"276",2024-10-08,-66.595,41.95067,252,"114.97",1.5037,1.03744097891861,0.438100000000001,21.9813,5.02,"good",0.790878015918561,0.846613545816733,"y",1,1,1,1,14.44632,0.44,0.0632893279200001,0.687825253132392,0.0155999999999992,0.0496093695493343,4.0826,0.2844,1.0074,3.7982,0.930338509773184,0.0696614902268163,0.0145677490503016,0.960283374758049
"277",2024-10-08,-66.595,41.95067,253,"142.77000000000001",1.5091,0.821681797097576,0.587999999999997,44.0861,7.65,"good",0.798487699159304,0.865359477124183,"y",1,1,1,1,14.08848,0.59,0.0828402623999996,0.696767511566338,0.0123999999999995,0.040775763745914,3.7395,0.2462,1.0347,3.4933,0.934162321165931,0.0658376788340687,0.013267102143864,0.960856419274144
"278",2024-10-08,-66.595,41.95067,254,"130.5",1.5086,0.848468779000422,0.473500000000003,33.6424,5.42,"good",0.802869840146809,0.83210332103321,"y",1,1,1,1,12.79376,0.47,0.0605784536000003,0.653833623959419,0.0128000000000004,0.0430410435233403,3.3033,0.2289,1.0485,3.0744,0.930705657978385,0.0692943420216148,0.0136600047196426,0.952952132656456
"279",2024-10-08,-66.595,41.95067,255,"128.41999999999999",1.5033,0.858112153262713,0.6071,25.6462,6.49,"good",0.801811574338771,0.895223420647149,"y",1,1,1,1,13.5464,0.61,0.0822401944,0.680261677087667,0.0128999999999984,0.0432977935214802,3.8964,0.286,1.0095,3.6104,0.926598911816035,0.0734010881839647,0.014547246109001,0.960403941980399
"280",2024-10-08,-66.595,41.95067,256,"129.6",1.5037,0.312562346212656,0.512699999999997,32.6801,2.81,"good",0.797822832861005,0.861209964412811,"y",1,1,1,1,14.62776,0.51,0.0749965255199996,0.727342325072898,0.0046999999999997,0.0154598242044697,3.663,0.2366,1.0177,3.4264,0.935408135408135,0.0645918645918646,0.0130590002034087,0.96028505652654
"281",2024-10-08,-66.595,41.95067,257,"131.58000000000001",1.5003,0.973138705592197,0.647799999999999,34.0135,6.42,"good",0.782836556264789,0.839563862928349,"y",1,1,1,1,15.42744,0.65,0.0999389563199999,0.708002405228841,0.0145999999999997,0.0448113498687538,3.6933,0.2318,1.0167,3.4615,0.93723770070127,0.0627622992987301,0.0136296770524522,0.960472020373163
"282",2024-10-08,-66.595,41.95067,258,"131.35",1.5069,0.889242816378044,0.7247,34.1261,10.28,"good",0.792848296728276,0.809338521400778,"y",1,1,1,1,13.7144,0.72,0.0993882568,0.666367900313556,0.0134000000000007,0.0429271303268798,3.7109,0.2879,1.0186,3.423,0.922417742326659,0.0775822576733407,0.0160712968206983,0.954956021712755
"283",2024-10-08,-66.595,41.95067,259,"137.5",NA,NA,NA,47.71,NA,NA,0.80522774502019,NA,"n",0,0,0,0,NA,NA,NA,NA,NA,NA,NA,NA,NA,NA,NA,NA,NA,NA
"284",2024-10-08,-66.595,41.95067,260,"123.13",NA,NA,NA,20.5,NA,NA,0.815471781216841,NA,"n",0,0,0,0,NA,NA,NA,NA,NA,NA,NA,NA,NA,NA,NA,NA,NA,NA
"285",2024-10-08,-66.595,41.95067,261,"132.79",NA,NA,NA,42.02,NA,NA,0.796688653555219,NA,"n",0,0,0,0,NA,NA,NA,NA,NA,NA,NA,NA,NA,NA,NA,NA,NA,NA
"286",2024-10-08,-66.595,41.95067,262,"126.05",NA,NA,NA,35.99,NA,NA,0.808500077555452,NA,"n",0,0,0,0,NA,NA,NA,NA,NA,NA,NA,NA,NA,NA,NA,NA,NA,NA
"287",2024-10-08,-66.595,41.95067,263,"135.9",NA,NA,NA,26.58,NA,NA,0.805483486966608,NA,"n",0,0,0,0,NA,NA,NA,NA,NA,NA,NA,NA,NA,NA,NA,NA,NA,NA
"288",2024-10-08,-66.595,41.95067,264,"139.82",NA,NA,NA,31.06,NA,NA,0.800936982680215,NA,"n",0,0,0,0,NA,NA,NA,NA,NA,NA,NA,NA,NA,NA,NA,NA,NA,NA
"289",2024-10-08,-66.595,41.95067,265,"134.28",NA,NA,NA,36.99,NA,NA,0.798909176491194,NA,"n",0,0,0,0,NA,NA,NA,NA,NA,NA,NA,NA,NA,NA,NA,NA,NA,NA
"290",2024-10-08,-66.595,41.95067,266,"133.82",NA,NA,NA,38.65,NA,NA,0.800321005397297,NA,"n",0,0,0,0,NA,NA,NA,NA,NA,NA,NA,NA,NA,NA,NA,NA,NA,NA
"291",2024-10-08,-66.595,41.95067,267,"122.7",NA,NA,NA,25.04,NA,NA,0.80224491859642,NA,"n",0,0,0,0,NA,NA,NA,NA,NA,NA,NA,NA,NA,NA,NA,NA,NA,NA
"292",2024-10-08,-66.595,41.95067,268,"124.75",NA,NA,NA,31.5,NA,NA,0.806475603948253,NA,"n",0,0,0,0,NA,NA,NA,NA,NA,NA,NA,NA,NA,NA,NA,NA,NA,NA
"293",2024-10-08,-66.595,41.95067,269,"136.46",NA,NA,NA,13.78,NA,NA,0.87582544657801,NA,"n",0,0,0,0,NA,NA,NA,NA,NA,NA,NA,NA,NA,NA,NA,NA,NA,NA
"294",2024-10-08,-66.595,41.95067,270,"130.69",NA,NA,NA,29.62,NA,NA,0.817727418507373,NA,"n",0,0,0,0,NA,NA,NA,NA,NA,NA,NA,NA,NA,NA,NA,NA,NA,NA
"295",2024-10-08,-66.595,41.95067,271,"100.53",NA,NA,NA,12.24,NA,NA,0.797049164012739,NA,"n",0,0,0,0,NA,NA,NA,NA,NA,NA,NA,NA,NA,NA,NA,NA,NA,NA
"296",2024-10-08,-66.595,41.95067,272,"125.08",NA,NA,NA,35.9,NA,NA,0.805683718009284,NA,"n",0,0,0,0,NA,NA,NA,NA,NA,NA,NA,NA,NA,NA,NA,NA,NA,NA
"297",2024-10-08,-66.595,41.95067,273,"126.63",NA,NA,NA,25.6,NA,NA,0.814350765615013,NA,"n",0,0,0,0,NA,NA,NA,NA,NA,NA,NA,NA,NA,NA,NA,NA,NA,NA
"298",2024-10-08,-66.595,41.95067,274,"120.67",NA,NA,NA,28.58,NA,NA,0.807047707008632,NA,"n",0,0,0,0,NA,NA,NA,NA,NA,NA,NA,NA,NA,NA,NA,NA,NA,NA
"299",2024-10-08,-66.595,41.95067,275,"134.32",NA,NA,NA,33.7,NA,NA,0.809144249194159,NA,"n",0,0,0,0,NA,NA,NA,NA,NA,NA,NA,NA,NA,NA,NA,NA,NA,NA
"300",2024-10-08,-66.595,41.95067,276,"125.09",NA,NA,NA,24.61,NA,NA,0.81459204913557,NA,"n",0,0,0,0,NA,NA,NA,NA,NA,NA,NA,NA,NA,NA,NA,NA,NA,NA
"301",2024-10-08,-66.595,41.95067,277,"121.19",NA,NA,NA,38.77,NA,NA,0.793817577873437,NA,"n",0,0,0,0,NA,NA,NA,NA,NA,NA,NA,NA,NA,NA,NA,NA,NA,NA
"302",2024-10-08,-66.595,41.95067,278,"120.52",NA,NA,NA,24.16,NA,NA,0.808480333077682,NA,"n",0,0,0,0,NA,NA,NA,NA,NA,NA,NA,NA,NA,NA,NA,NA,NA,NA
"303",2024-10-08,-66.595,41.95067,279,"133.19",NA,NA,NA,38.28,NA,NA,0.800109766008422,NA,"n",0,0,0,0,NA,NA,NA,NA,NA,NA,NA,NA,NA,NA,NA,NA,NA,NA
"304",2024-10-08,-66.595,41.95067,280,"121.71",NA,NA,NA,35.23,NA,NA,0.793918122603382,NA,"n",0,0,0,0,NA,NA,NA,NA,NA,NA,NA,NA,NA,NA,NA,NA,NA,NA
"305",2024-10-08,-66.595,41.95067,281,"133.30000000000001",NA,NA,NA,28.18,NA,NA,0.809143231717859,NA,"n",0,0,0,0,NA,NA,NA,NA,NA,NA,NA,NA,NA,NA,NA,NA,NA,NA
"306",2024-10-08,-66.595,41.95067,282,"132.55000000000001",NA,NA,NA,39.4738,NA,NA,0.789952838963114,NA,"n",0,0,0,0,NA,NA,NA,NA,NA,NA,NA,NA,NA,NA,NA,NA,NA,NA
"307",2024-10-08,-66.595,41.95067,283,"122.21",NA,NA,NA,38.78,NA,NA,0.802229042578095,NA,"n",0,0,0,0,NA,NA,NA,NA,NA,NA,NA,NA,NA,NA,NA,NA,NA,NA
"308",2024-10-08,-66.595,41.95067,284,"116.7",NA,NA,NA,24.61,NA,NA,0.804937269005751,NA,"n",0,0,0,0,NA,NA,NA,NA,NA,NA,NA,NA,NA,NA,NA,NA,NA,NA
"309",2024-10-08,-66.595,41.95067,285,"135.62",NA,NA,NA,28.75,NA,NA,0.807251556800177,NA,"n",0,0,0,0,NA,NA,NA,NA,NA,NA,NA,NA,NA,NA,NA,NA,NA,NA
"310",2024-10-08,-66.595,41.95067,286,"118.85",NA,NA,NA,19.25,NA,NA,0.803226412562072,NA,"n",0,0,0,0,NA,NA,NA,NA,NA,NA,NA,NA,NA,NA,NA,NA,NA,NA
"311",2024-10-08,-66.595,41.95067,287,"122.75",NA,NA,NA,29.99,NA,NA,0.79627606516886,NA,"n",0,0,0,0,NA,NA,NA,NA,NA,NA,NA,NA,NA,NA,NA,NA,NA,NA
"312",2024-10-08,-66.595,41.95067,288,"132.52000000000001",NA,NA,NA,34.66,NA,NA,0.808373869724157,NA,"n",0,0,0,0,NA,NA,NA,NA,NA,NA,NA,NA,NA,NA,NA,NA,NA,NA
"313",2024-11-27,-66.312,41.892,289,"100.19",1.5015,0.865800865800859,0.4431,12.7927,0.99,"good",0.801591935232757,0.828282828282828,"y",1,1,1,1,14.96432,0.44,0.06630690192,0.759533159805893,0.0129999999999999,0.0436373827251705,1.9308,0.1389,1.0212,1.7919,0.928060907395898,0.0719390926041018,0.0142732961446913,0.974166440035457
"314",2024-11-27,-66.312,41.892,290,"119.27",1.4992,0.900480256136522,0.4035,19.7319,2.61,"good",0.801221558141973,0.877394636015326,"y",1,1,1,1,15.428,0.4,0.06225198,0.782931733166292,0.0134999999999987,0.0453007000014453,2.8627,0.218,1.0217,2.6447,0.923848115415517,0.0761518845844832,0.0151373529622559,0.979643713665594
"315",2024-11-27,-66.312,41.892,291,"121.74",1.4909,1.02622576966932,0.4119,14.4096,3.24,"good",0.815287739856196,0.891975308641975,"y",1,1,1,1,14.20888,0.41,0.05852637672,0.772808801005141,0.0152999999999999,0.0555580755100052,2.0344,0.192,1.0144,1.8424,0.905623279591034,0.0943767204089658,0.0174325373317,0.985071334884589
"316",2024-11-27,-66.312,41.892,292,"115.78",1.504,1.01728723404254,0.3808,16.1574,1.39,"good",0.791093005928278,0.848920863309353,"y",1,1,1,1,14.32312,0.38,0.05454244096,0.687065265604001,0.0152999999999999,0.0486957001398091,2.4626,0.1579,1.0237,2.3047,0.935880776415171,0.064119223584829,0.0133949542613193,0.957892032530023
"317",2024-11-27,-66.312,41.892,293,"120.35",1.5019,1.06531726479792,0.4358,18.7204,1.88,"good",0.796382240339329,0.861702127659574,"y",1,1,1,1,17.2256,0.44,0.0750691648,0.837902049733494,0.016,0.0523194669548115,2.8717,0.1861,1.0082,2.6856,0.935195180555072,0.0648048194449281,0.0131954121505905,0.992486825137899
"318",2024-11-27,-66.312,41.892,294,"104.63",1.493,1.29269926322836,0.5671,11.4049,1.57,"good",0.786140769492979,0.878980891719745,"y",1,1,1,1,16.4276,0.57,0.0931609196,0.764242017691145,0.0192999999999994,0.0604462692661714,1.8303,0.1261,1.0218,1.7042,0.931104190569852,0.068895809430148,0.0147340047898898,0.978077766915152
"319",2024-11-27,-66.312,41.892,295,"110.83",1.496,0.68850267379673,0.4959,16.5026,1.43,"good",0.794870147083631,0.86013986013986,"y",1,1,1,1,18.15072,0.5,0.09000942048,0.877584800069999,0.0102999999999991,0.0335642357271826,2.3925,0.1641,1.0226,2.2284,0.93141065830721,0.06858934169279,0.0140697215730726,0.997332095394671
"320",2024-11-27,-66.312,41.892,296,"130.16999999999999",1.505,0.538205980066371,0.5799,31.9126,NA,"good",0.803740366186845,NA,"y",1,1,1,1,15.92472,0.58,0.09234745128,0.811270970462468,0.00809999999999889,0.0274231623492561,3.6502,0.2734,1.0309,3.3768,0.925099994520848,0.0749000054791518,0.0146998476479416,0.98306947363545
"321",2024-11-27,-66.312,41.892,297,"109.98",1.5033,0.645247122996108,0.4358,21.6536,2.03,"good",0.79555511327827,0.862068965517241,"y",1,1,1,1,17.29448,0.44,0.07536934384,0.837849094782573,0.00970000000000048,0.0315609323051622,2.932,0.1344,1.0079,2.7976,0.954160982264666,0.0458390177353343,0.00937155278833579,0.984323937296567
"322",2024-11-27,-66.312,41.892,298,"107.87",1.4967,0.83517070889285,0.6178,14.0675,NA,"good",0.793558326951829,NA,"y",1,1,1,1,13.97088,0.62,0.08631209664,0.674345722165749,0.0124999999999993,0.0404555289908919,2.2057,0.1635,1.0113,2.0422,0.925873872240105,0.0741261277598948,0.0153027218313352,0.956921555872093
"323",2024-11-27,-66.312,41.892,299,"125.33",1.5056,0.963071200850157,0.5359,23.1839,3.72,"good",0.802908793476941,0.879032258064516,"y",1,1,1,1,16.48528,0.54,0.08834461552,0.83007833143845,0.0145,0.0488642399546872,2.8576,0.2422,1.0032,2.6154,0.915243561030235,0.0847564389697648,0.016704748817149,0.994097054302592
"324",2024-11-27,-66.312,41.892,300,"128.97",1.5033,1.09758531231295,0.6175,26.7826,3.4,"good",0.802729569061255,0.873529411764706,"y",1,1,1,1,15.30032,0.62,0.094479476,0.772473861833967,0.0165000000000006,0.0556386127961452,3.5603,0.2865,1.0381,3.2738,0.919529253152824,0.0804707468471758,0.015874498908505,0.98258312109289
"325",2024-11-27,-66.312,41.892,301,"95.92",1.506,1.11553784860557,0.7057,13.0356,1.07,"good",0.802621975443232,0.83177570093458,"y",1,1,1,1,15.14576,0.71,0.10688362832,0.762700518031418,0.0167999999999999,0.0565178342984546,2.0379,0.1538,1.0108,1.8841,0.924530153589479,0.0754698464105207,0.0148960891981113,0.980131043127399
"326",2024-11-27,-66.312,41.892,302,"102.3",1.4955,1.04981611501175,0.843,13.9254,2.04,"good",0.79708981694845,0.857843137254902,"y",1,1,1,1,14.28672,0.84,0.1204370496,0.706605444062778,0.0157000000000007,0.0517379709201209,2.2787,0.1744,0.9907,2.1043,0.923465133628823,0.0765348663711765,0.0155297037452013,0.965984881843769
"327",2024-11-27,-66.312,41.892,303,"111.9",1.5041,1.00392261152839,0.9287,18.2587,2.08,"good",0.795474506979066,0.865384615384615,"y",1,1,1,1,13.90536,0.93,0.12913907832,0.678933574240485,0.0150999999999986,0.0490854512413099,3.1671,0.2395,1.0067,2.9276,0.924378769221054,0.0756212307789461,0.0154664695079138,0.960033802602264
"328",2024-11-27,-66.312,41.892,304,"117.18",1.5047,1.19625174453384,0.4334,16.1552,2.27,"good",0.796738403170425,0.863436123348018,"y",1,1,1,1,11.68608,0.43,0.05064747072,0.579474024926921,0.0180000000000007,0.0588528164293051,2.6694,0.2061,1.0205,2.4633,0.922791638570465,0.0772083614295347,0.0156934948327622,0.941255215448526
"329",2024-11-27,-66.312,41.892,305,"107.08",1.5026,1.09144150139752,0.983999999999999,14.3571,1.69,"good",0.787843814498126,0.846153846153846,"y",1,1,1,1,15.17096,0.98,0.1492822464,0.718003213042295,0.0163999999999991,0.0514451887799366,2.4308,0.1716,1.0119,2.2592,0.929405956886622,0.0705940431133783,0.0149769629060892,0.96544479241819
"330",2024-11-27,-66.312,41.892,306,"113.49",1.5083,1.27958628919972,0.5189,18.9301,2.13,"good",0.786914847566632,0.854460093896714,"y",1,1,1,1,16.01488,0.52,0.08310121232,0.749981976066026,0.0192999999999994,0.0600504668949119,3.3636,0.2568,1.011,3.1068,0.923653228683553,0.0763467713164467,0.0162683634037605,0.97612787386239
"331",2024-11-27,-66.312,41.892,307,"101.95",1.4971,0.915102531561021,0.604499999999999,10.3568,1.86,"good",0.795171528248861,0.876344086021505,"y",1,1,1,1,14.68544,0.6,0.0887734847999999,0.722340047431307,0.0137,0.0446765297684223,1.6431,0.1207,1.0198,1.5224,0.926541293895685,0.073458706104315,0.0150464345081629,0.966223388072634
"332",2024-11-27,-66.312,41.892,308,"107.25",1.4953,0.976392697117617,0.9216,17.0004,1.67,"good",0.789865258682758,0.868263473053892,"y",1,1,1,1,13.51896,0.92,0.12459073536,0.644466076855775,0.0145999999999997,0.0464650771689175,2.9798,0.2147,1.014,2.7651,0.927948184441909,0.0720518155580911,0.0151405896237371,0.949959375277671
"333",2024-11-27,-66.312,41.892,309,"110.09",1.5074,1.03489452036614,0.946299999999999,17.0108,2.51,"good",0.791909102774591,0.876494023904382,"y",1,1,1,1,14.42112,0.95,0.13646705856,0.69032109160792,0.0155999999999992,0.0497328107170933,2.9682,0.203,1.0163,2.7652,0.931608382184489,0.0683916178155111,0.014231673113927,0.960700921092179
"334",2024-11-27,-66.312,41.892,310,"103.63",1.5091,1.42469021270954,0.7159,12.6705,2.16,"good",0.788320329328419,0.884259259259259,"y",1,1,1,1,16.8308,0.72,0.1204916972,0.790579364156729,0.0214999999999996,0.067304064116763,2.1384,0.1593,1.0096,1.9791,0.92550505050505,0.0744949494949495,0.015769066375787,0.986644297831301
"335",2024-11-27,-66.312,41.892,311,"102.06",1.5047,1.23612680268487,0.659200000000002,13.3812,NA,"good",0.798044092606955,NA,"y",1,1,1,1,14.45584,0.66,0.0952928972800002,0.714924260254357,0.0185999999999993,0.0612077566158603,2.1849,0.1728,1.0106,2.0121,0.920911712206508,0.0790882877934917,0.0159723469254969,0.970936107559301
"336",2024-11-27,-66.312,41.892,312,"116.34",1.5081,0.994629003381658,0.835000000000003,17.9967,2.01,"good",0.794890632186845,0.865671641791045,"y",1,1,1,1,11.5696,0.84,0.0966061600000004,0.560712241276566,0.0149999999999988,0.0484926170845458,3.1183,0.2567,1.0127,2.8616,0.917679504858416,0.0823204951415836,0.0168847047165561,0.937417626937218
"337",2024-11-27,-66.312,41.892,313,"105.9",NA,NA,NA,13.62,2.51,NA,NA,0.868525896414343,"y",0,0,0,0,NA,NA,NA,NA,NA,NA,NA,NA,NA,NA,NA,NA,NA,NA
"338",2024-11-27,-66.312,41.892,314,"123.77",NA,NA,NA,26.18,3.32,NA,NA,0.876506024096386,"y",0,0,0,0,NA,NA,NA,NA,NA,NA,NA,NA,NA,NA,NA,NA,NA,NA
"339",2024-11-27,-66.312,41.892,315,"101.05",NA,NA,NA,8.95,0.95,NA,NA,0.852631578947368,"y",0,0,0,0,NA,NA,NA,NA,NA,NA,NA,NA,NA,NA,NA,NA,NA,NA
"340",2024-11-27,-66.312,41.892,316,"106.26",NA,NA,NA,15.89,2.05,NA,NA,0.878048780487805,"y",0,0,0,0,NA,NA,NA,NA,NA,NA,NA,NA,NA,NA,NA,NA,NA,NA
"341",2024-11-27,-66.312,41.892,317,"109.75",NA,NA,NA,20.53,2.2,NA,NA,0.877272727272727,"y",0,0,0,0,NA,NA,NA,NA,NA,NA,NA,NA,NA,NA,NA,NA,NA,NA
"342",2024-11-27,-66.312,41.892,318,"103.08",NA,NA,NA,14.55,1.7,NA,NA,0.858823529411765,"y",0,0,0,0,NA,NA,NA,NA,NA,NA,NA,NA,NA,NA,NA,NA,NA,NA
"343",2024-11-27,-66.312,41.892,319,"100.47",NA,NA,NA,9.18,1.39,NA,0.804900322975832,0.863309352517986,"n",0,0,0,0,NA,NA,NA,NA,NA,NA,NA,NA,NA,NA,NA,NA,NA,NA
"344",2024-11-27,-66.312,41.892,320,"121.64",NA,NA,NA,18.2,2.05,NA,0.810217348846293,0.863414634146342,"n",0,0,0,0,NA,NA,NA,NA,NA,NA,NA,NA,NA,NA,NA,NA,NA,NA
"345",2024-11-27,-66.312,41.892,321,"122.11",NA,NA,NA,18.47,2.05,NA,0.810739846225433,0.848780487804878,"n",0,0,0,0,NA,NA,NA,NA,NA,NA,NA,NA,NA,NA,NA,NA,NA,NA
"346",2024-11-27,-66.312,41.892,322,"99.83",NA,NA,NA,9.76,NA,NA,0.803999666346916,NA,"n",0,0,0,0,NA,NA,NA,NA,NA,NA,NA,NA,NA,NA,NA,NA,NA,NA
"347",2024-11-27,-66.312,41.892,323,"106.79",NA,NA,NA,14.23,NA,NA,0.800192799673724,NA,"n",0,0,0,0,NA,NA,NA,NA,NA,NA,NA,NA,NA,NA,NA,NA,NA,NA
"348",2024-11-27,-66.312,41.892,324,"101.68",NA,NA,NA,13.57,NA,NA,0.801005130196471,NA,"n",0,0,0,0,NA,NA,NA,NA,NA,NA,NA,NA,NA,NA,NA,NA,NA,NA
"349",2024-11-27,-66.312,41.892,325,"112.83",NA,NA,NA,21.13,NA,NA,0.813550091092239,NA,"n",0,0,0,0,NA,NA,NA,NA,NA,NA,NA,NA,NA,NA,NA,NA,NA,NA
"350",2024-11-27,-66.312,41.892,326,"111.32",NA,NA,NA,18.54,NA,NA,0.809718136629769,NA,"n",0,0,0,0,NA,NA,NA,NA,NA,NA,NA,NA,NA,NA,NA,NA,NA,NA
"351",2024-11-27,-66.312,41.892,327,"107.38",NA,NA,NA,15.88,NA,NA,0.80743040450265,NA,"n",0,0,0,0,NA,NA,NA,NA,NA,NA,NA,NA,NA,NA,NA,NA,NA,NA
"352",2024-11-27,-66.312,41.892,328,"108.28",NA,NA,NA,14.89,NA,NA,0.812283891205932,NA,"n",0,0,0,0,NA,NA,NA,NA,NA,NA,NA,NA,NA,NA,NA,NA,NA,NA
"353",2024-11-27,-66.312,41.892,329,"136.01",NA,NA,NA,30.31,NA,NA,0.822407579868,NA,"n",0,0,0,0,NA,NA,NA,NA,NA,NA,NA,NA,NA,NA,NA,NA,NA,NA
"354",2024-11-27,-66.312,41.892,330,"108.6",NA,NA,NA,18.17,NA,NA,0.811106747672619,NA,"n",0,0,0,0,NA,NA,NA,NA,NA,NA,NA,NA,NA,NA,NA,NA,NA,NA
"355",2024-11-27,-66.312,41.892,331,"127.29",NA,NA,NA,29.43,NA,NA,0.81789480684487,NA,"n",0,0,0,0,NA,NA,NA,NA,NA,NA,NA,NA,NA,NA,NA,NA,NA,NA
"356",2024-11-27,-66.312,41.892,332,"105.68",NA,NA,NA,15.83,NA,NA,0.817928900659553,NA,"n",0,0,0,0,NA,NA,NA,NA,NA,NA,NA,NA,NA,NA,NA,NA,NA,NA
"357",2024-11-27,-66.312,41.892,333,"115.41",NA,NA,NA,22.36,NA,NA,0.796655330127829,NA,"n",0,0,0,0,NA,NA,NA,NA,NA,NA,NA,NA,NA,NA,NA,NA,NA,NA
"358",2024-11-27,-66.312,41.892,334,"131.97999999999999",NA,NA,NA,25.17,NA,NA,0.811468605770827,NA,"n",0,0,0,0,NA,NA,NA,NA,NA,NA,NA,NA,NA,NA,NA,NA,NA,NA
"359",2024-11-27,-66.312,41.892,335,"121.73",NA,NA,NA,19.29,NA,NA,0.808972648608174,NA,"n",0,0,0,0,NA,NA,NA,NA,NA,NA,NA,NA,NA,NA,NA,NA,NA,NA
"360",2024-11-27,-66.312,41.892,336,"127.12",NA,NA,NA,24.75,NA,NA,0.811078634062879,NA,"n",0,0,0,0,NA,NA,NA,NA,NA,NA,NA,NA,NA,NA,NA,NA,NA,NA
"361",2024-11-27,-66.312,41.892,337,"126.03",NA,NA,NA,28.61,NA,NA,0.812174906289874,NA,"n",0,0,0,0,NA,NA,NA,NA,NA,NA,NA,NA,NA,NA,NA,NA,NA,NA
"362",2024-11-27,-66.312,41.892,338,"114.1",NA,NA,NA,22.01,NA,NA,0.806645845508282,NA,"n",0,0,0,0,NA,NA,NA,NA,NA,NA,NA,NA,NA,NA,NA,NA,NA,NA
"363",2024-11-27,-66.312,41.892,339,"108.85",NA,NA,NA,17.51,NA,NA,0.814470006957301,NA,"n",0,0,0,0,NA,NA,NA,NA,NA,NA,NA,NA,NA,NA,NA,NA,NA,NA
"364",2024-11-27,-66.312,41.892,340,"114.03",NA,NA,NA,23.8,NA,NA,0.815393465556238,NA,"n",0,0,0,0,NA,NA,NA,NA,NA,NA,NA,NA,NA,NA,NA,NA,NA,NA
"365",2024-11-27,-66.312,41.892,341,"100.14",NA,NA,NA,12.52,NA,NA,0.825092691242276,NA,"n",0,0,0,0,NA,NA,NA,NA,NA,NA,NA,NA,NA,NA,NA,NA,NA,NA
"366",2024-12-17,-66.90417,42.06317,342,"118.25",1.5097,1.30489501225411,0.5853,20.6109,1.61,"good",0.790019451076315,0.832298136645963,"y",1,1,1,1,17.58792,0.59,0.10294209576,0.830925194267359,0.0197000000000003,0.0621436137272104,3.1149,0.2216,0.9979,2.8933,0.928858069279913,0.0711419307200873,0.0149384216640947,0.993886022862951
"367",2024-12-17,-66.90417,42.06317,343,"116.43",1.5088,1.3785790031813,0.3942,23.0304,NA,"good",0.7838562054063,NA,"y",1,1,1,1,17.32472,0.39,0.06829404624,0.810168709243282,0.0207999999999995,0.0637806422235119,3.3041,0.2263,1.0229,3.0778,0.931509336884477,0.0684906631155232,0.014803831820028,0.985693027258141
"368",2024-12-17,-66.90417,42.06317,344,"94.46",1.5027,1.10467824582421,0.436,11.8149,1,"good",0.791270054304061,0.86,"y",1,1,1,1,16.04176,0.44,0.0699420736,0.761554637748899,0.0166000000000004,0.0529238026743616,1.9686,0.1442,1.0117,1.8244,0.92674997460124,0.0732500253987605,0.0152894738237094,0.978023910586012
"369",2024-12-17,-66.90417,42.06317,345,"127.57",1.5083,1.54478552012204,0.7249,30.9133,3.28,"good",0.778965765395291,0.810975609756098,"y",1,1,1,1,17.61368,0.72,0.12768156632,0.802298834363461,0.0233000000000008,0.0698889709498934,4.4291,0.338,1.0212,4.0911,0.923686527737012,0.0763134722629879,0.0168678899316772,0.987418310528189
"370",2024-12-17,-66.90417,42.06317,346,"131.16999999999999",1.4962,1.47707525731854,0.4288,27.3183,2.87,"good",0.790568060021436,0.850174216027874,"y",1,1,1,1,15.55064,0.43,0.06668114432,0.740443070273975,0.0221,0.0705276978033878,4.0176,0.2962,1.0307,3.7214,0.926274392672242,0.0737256073277579,0.0154404969687502,0.976285709563372
"371",2024-12-17,-66.90417,42.06317,347,"106.66",1.498,1.54873164218965,0.5241,16.3344,1.29,"good",0.783642803658116,0.829457364341085,"y",1,1,1,1,15.87656,0.52,0.08320905096,0.739598258795381,0.023200000000001,0.0715821645119848,2.4974,0.2454,1.0225,2.252,0.901737807319612,0.0982621926803876,0.0212597325147347,0.979155452594747
"372",2024-12-17,-66.90417,42.06317,348,"137.13",1.5046,0.810846736674198,0.782300000000003,41.4869,5.02,"good",0.801339285714286,0.882470119521912,"y",1,1,1,1,14.8456,0.78,0.1161371288,0.749487664972634,0.0122,0.0408156559584316,3.3761,0.1936,1.1013,3.1825,0.942655727022304,0.0573442729776962,0.0113920542299441,0.969295807310972
"373",2024-12-17,-66.90417,42.06317,349,"121.43",1.5027,0.885073534304983,0.600199999999998,23.2309,NA,"good",0.79871260886028,NA,"y",1,1,1,1,16.48248,0.6,0.0989278449599997,0.819126030033104,0.013300000000001,0.043970639655746,4.1206,0.3238,1.0205,3.7968,0.921419210794544,0.0785807892054555,0.0158173220528664,0.988205466256196
"374",2024-12-17,-66.90417,42.06317,350,"104.52",1.4962,0.90896938911912,0.7049,18.6679,1.96,"good",0.802663541185901,0.86734693877551,"y",1,1,1,1,15.44592,0.7,0.10887829008,0.788199075501436,0.0136000000000003,0.0460619084066678,3.1661,0.2058,1.0251,2.9603,0.934998894539023,0.0650011054609773,0.0128270879706711,0.979039523047763
"375",2024-12-17,-66.90417,42.06317,351,"120.22",1.5061,1.02914813093416,0.760999999999999,28.2697,3.88,"good",0.806519348065194,0.871134020618557,"y",1,1,1,1,13.258,0.76,0.10089338,0.686138102393582,0.0154999999999994,0.0531912685140701,4.8806,0.4023,1.0176,4.4783,0.917571610047945,0.0824283899520551,0.01594829862586,0.965339128000396
"376",2024-12-17,-66.90417,42.06317,352,"119.3",1.4929,1.1990086409002,0.653900000000003,23.3588,4.25,"good",0.800028285875919,0.891764705882353,"y",1,1,1,1,17.17632,0.65,0.11231595648,0.864091103868737,0.0178999999999991,0.0599589119967351,4.1397,0.3204,1.0079,3.8193,0.92260308718023,0.0773969128197696,0.0154771933244814,0.999258765609402
"377",2024-12-17,-66.90417,42.06317,353,"121.91",1.5,1.03333333333329,0.327299999999997,18.9054,1.81,"good",0.806857905738929,0.856353591160221,"y",1,1,1,1,13.62928,0.33,0.0446086334399996,0.699887187244578,0.0154999999999994,0.0535011975140195,3.166,0.2942,1.0031,2.8718,0.907075173720783,0.0929248262792166,0.0179476955564141,0.971431734628676
"378",2024-12-17,-66.90417,42.06317,354,"123.33",1.4971,1.00193707835152,0.5513,28.8734,3.79,"good",0.785020603488318,0.852242744063325,"y",1,1,1,1,17.4692,0.55,0.0963076996,0.814519489797345,0.0150000000000006,0.046606190854065,4.7564,0.3611,1.0506,4.3953,0.924081237911025,0.0759187620889748,0.0163209696578018,0.986052943929635
"379",2024-12-17,-66.90417,42.06317,355,"114.24",1.5011,0.69282526147496,0.5292,20.9625,NA,"good",0.790592414684378,NA,"y",1,1,1,1,16.86272,0.53,0.08923751424,0.804042834091157,0.0104000000000006,0.0330850126766289,3.4396,0.2622,0.9852,3.1774,0.923770205837888,0.0762297941621119,0.0159630971245947,0.982110964423722
"380",2024-12-17,-66.90417,42.06317,356,"132.62",1.4948,0.42146106502539,0.6319,33.226,4.07,"good",0.789896739302876,0.847665847665848,"y",1,1,1,1,16.22376,0.63,0.10251793944,0.774509103095645,0.00629999999999953,0.020059710812054,5.773,0.4599,0.9881,5.3131,0.920336047115884,0.0796639528841157,0.0167376562609748,0.973086606214105
"381",2024-12-17,-66.90417,42.06317,357,"113.74",1.502,0.905459387483374,0.4193,17.7246,3.3,"good",0.776469552139717,0.718181818181818,"y",1,1,1,1,17.80352,0.42,0.07465015936,0.795142122104822,0.0136000000000003,0.0405072058930123,3.1413,0.2457,0.9933,2.8956,0.921783974787508,0.0782160252124917,0.0174836631455995,0.98104300916015
"382",2024-12-17,-66.90417,42.06317,358,"119.09",1.4945,0.749414519906241,0.5498,27.2892,3.92,"good",0.795105654090607,0.854591836734694,"y",1,1,1,1,16.47408,0.55,0.09057449184,0.803735669345261,0.0111999999999988,0.0365756564233179,4.4059,0.3394,0.9898,4.0665,0.922966930706553,0.0770330692934474,0.0157836403462739,0.983124239635943
"383",2024-12-17,-66.90417,42.06317,359,"101.6",1.5011,0.846046232762681,0.4215,11.5107,2.34,"good",0.802161049652689,0.905982905982906,"y",1,1,1,1,15.45488,0.42,0.0651423192,0.783974842808845,0.0127000000000006,0.0427643915051827,1.6636,0.1443,0.9845,1.5193,0.913260399134407,0.0867396008655927,0.0171604715887936,0.982330783569109
"384",2024-12-17,-66.90417,42.06317,360,"114.39",1.4989,0.994062312362334,0.573500000000002,20.9698,1.59,"good",0.781932964323134,0.723270440251572,"y",1,1,1,1,15.90736,0.57,0.0912287096000003,0.73395030671423,0.014899999999999,0.0455851710588365,4.0174,0.2744,1.0058,3.743,0.931697117538707,0.0683028824612934,0.0148946071065197,0.965841794553277
"385",2024-12-17,-66.90417,42.06317,361,"104.42",1.4962,0.975805373613135,0.759300000000001,18.0877,2.39,"good",0.78767322292543,0.870292887029289,"y",1,1,1,1,13.61976,0.76,0.10341483768,0.640861961533549,0.0145999999999997,0.0459577160760288,3.2925,0.2445,1.0037,3.048,0.925740318906606,0.0742596810933941,0.0157673187531458,0.949396195414707
"386",2024-12-17,-66.90417,42.06317,362,"103.47",1.5078,1.00145907945353,0.6681,14.5138,1.63,"good",0.790872028465136,0.877300613496933,"y",1,1,1,1,15.01528,0.67,0.10031708568,0.715958713955573,0.0151000000000003,0.0478873807316864,2.5516,0.1985,1.0172,2.3531,0.922205674870669,0.0777943251293306,0.0162689694112206,0.967308388670892
"387",2024-12-17,-66.90417,42.06317,363,"114.43",1.5075,1.05472636815922,0.641600000000001,19.3486,1.6,"good",0.794377743539056,0.80625,"y",1,1,1,1,13.92384,0.64,0.0893353574400001,0.678849159631284,0.0159000000000003,0.0512943679498798,3.4701,0.1724,1.0027,3.2977,0.950318434627244,0.0496815653727559,0.010215635576458,0.954379042797106
"388",2024-12-17,-66.90417,42.06317,364,"124.05",1.4957,1.04298990439254,0.654199999999999,31.6279,3.01,"good",0.792954067440125,0.87375415282392,"y",1,1,1,1,13.9272,0.65,0.0911117423999998,0.677008766371584,0.0155999999999992,0.0503748077297253,4.229,0.326,1.0122,3.903,0.922913218254907,0.0770867817450934,0.0159605046144524,0.958616471098503
"389",2024-12-17,-66.90417,42.06317,365,"105.39",1.496,1.14304812834219,0.749099999999999,17.0555,2.54,"good",0.789100902068816,0.877952755905512,"y",1,1,1,1,15.414,0.75,0.115466274,0.729993790918134,0.0170999999999992,0.0541988154314045,3.0481,0.2682,1.0045,2.7799,0.912010760801811,0.087989239198189,0.0185568511745492,0.973228234526787
"390",2024-12-17,-66.90417,42.06317,366,"109.62",NA,NA,NA,22.9,2.2,NA,NA,0.859090909090909,"y",0,0,0,0,NA,NA,NA,NA,NA,NA,NA,NA,NA,NA,NA,NA,NA,NA
"391",2024-12-17,-66.90417,42.06317,367,"114.91",NA,NA,NA,27.76,3.15,NA,NA,0.866666666666667,"y",0,0,0,0,NA,NA,NA,NA,NA,NA,NA,NA,NA,NA,NA,NA,NA,NA
"392",2024-12-17,-66.90417,42.06317,368,"104.55",NA,NA,NA,18.5,1.6,NA,NA,0.84375,"y",0,0,0,0,NA,NA,NA,NA,NA,NA,NA,NA,NA,NA,NA,NA,NA,NA
"393",2024-12-17,-66.90417,42.06317,369,"132.84",NA,NA,NA,34.46,NA,NA,NA,NA,"y",0,0,0,0,NA,NA,NA,NA,NA,NA,NA,NA,NA,NA,NA,NA,NA,NA
"394",2024-12-17,-66.90417,42.06317,370,"107.99",NA,NA,NA,21.17,1.69,NA,NA,0.846153846153846,"y",0,0,0,0,NA,NA,NA,NA,NA,NA,NA,NA,NA,NA,NA,NA,NA,NA
"395",2024-12-17,-66.90417,42.06317,371,"120.94",NA,NA,NA,27.23,2.58,NA,NA,0.844961240310078,"y",0,0,0,0,NA,NA,NA,NA,NA,NA,NA,NA,NA,NA,NA,NA,NA,NA
"396",2024-12-17,-66.90417,42.06317,372,"125.71",NA,NA,NA,25.61,NA,NA,0.802177171192143,NA,"n",0,0,0,0,NA,NA,NA,NA,NA,NA,NA,NA,NA,NA,NA,NA,NA,NA
"397",2024-12-17,-66.90417,42.06317,373,"116.93",NA,NA,NA,24.29,NA,NA,0.802751349421376,NA,"n",0,0,0,0,NA,NA,NA,NA,NA,NA,NA,NA,NA,NA,NA,NA,NA,NA
"398",2024-12-17,-66.90417,42.06317,374,"126.17",NA,NA,NA,32.22,NA,NA,0.8115051936028,NA,"n",0,0,0,0,NA,NA,NA,NA,NA,NA,NA,NA,NA,NA,NA,NA,NA,NA
"399",2024-12-17,-66.90417,42.06317,375,"126.07",NA,NA,NA,28.03,NA,NA,0.799751051970655,NA,"n",0,0,0,0,NA,NA,NA,NA,NA,NA,NA,NA,NA,NA,NA,NA,NA,NA
"400",2024-12-17,-66.90417,42.06317,376,"120.69",NA,NA,NA,28.42,NA,NA,0.802993424245802,NA,"n",0,0,0,0,NA,NA,NA,NA,NA,NA,NA,NA,NA,NA,NA,NA,NA,NA
"401",2024-12-17,-66.90417,42.06317,377,"121.85",NA,NA,NA,25.68,NA,NA,0.803338783798662,NA,"n",0,0,0,0,NA,NA,NA,NA,NA,NA,NA,NA,NA,NA,NA,NA,NA,NA
"402",2024-12-17,-66.90417,42.06317,378,"109.5",NA,NA,NA,24.1,NA,NA,0.791168626320275,NA,"n",0,0,0,0,NA,NA,NA,NA,NA,NA,NA,NA,NA,NA,NA,NA,NA,NA
"403",2024-12-17,-66.90417,42.06317,379,"133.21",NA,NA,NA,26.51,NA,NA,0.80739205392945,NA,"n",0,0,0,0,NA,NA,NA,NA,NA,NA,NA,NA,NA,NA,NA,NA,NA,NA
"404",2024-12-17,-66.90417,42.06317,380,"127.63",NA,NA,NA,38.6,NA,NA,0.799545393699031,NA,"n",0,0,0,0,NA,NA,NA,NA,NA,NA,NA,NA,NA,NA,NA,NA,NA,NA
"405",2024-12-17,-66.90417,42.06317,381,"122.33",NA,NA,NA,26.13,2.24,NA,0.80133165235206,0.84375,"n",0,0,0,0,NA,NA,NA,NA,NA,NA,NA,NA,NA,NA,NA,NA,NA,NA
"406",2024-12-17,-66.90417,42.06317,382,"134.82",NA,NA,NA,37.75,4.66,NA,0.795982450219372,0.877682403433476,"n",0,0,0,0,NA,NA,NA,NA,NA,NA,NA,NA,NA,NA,NA,NA,NA,NA
"407",2024-12-17,-66.90417,42.06317,383,"123.43",NA,NA,NA,30.11,3.63,NA,0.801938546660758,0.87603305785124,"n",0,0,0,0,NA,NA,NA,NA,NA,NA,NA,NA,NA,NA,NA,NA,NA,NA
"408",2024-12-17,-66.90417,42.06317,384,"130.31",NA,NA,NA,31.35,NA,NA,0.792408431192304,NA,"n",0,0,0,0,NA,NA,NA,NA,NA,NA,NA,NA,NA,NA,NA,NA,NA,NA
"409",2024-12-17,-66.90417,42.06317,385,"131.19",NA,NA,NA,33.46,NA,NA,0.808056619026555,NA,"n",0,0,0,0,NA,NA,NA,NA,NA,NA,NA,NA,NA,NA,NA,NA,NA,NA
"410",2024-12-17,-66.90417,42.06317,386,"124.69",NA,NA,NA,30.59,NA,NA,0.808622380295501,NA,"n",0,0,0,0,NA,NA,NA,NA,NA,NA,NA,NA,NA,NA,NA,NA,NA,NA
"411",2024-12-17,-66.90417,42.06317,387,"124.05",NA,NA,NA,25.55,NA,NA,0.803238465133519,NA,"n",0,0,0,0,NA,NA,NA,NA,NA,NA,NA,NA,NA,NA,NA,NA,NA,NA
"412",2024-12-17,-66.90417,42.06317,388,"127.79",NA,NA,NA,26.71,NA,NA,0.805552297756911,NA,"n",0,0,0,0,NA,NA,NA,NA,NA,NA,NA,NA,NA,NA,NA,NA,NA,NA
"413",2024-12-17,-66.90417,42.06317,389,"98",NA,NA,NA,16.06,NA,NA,0.791057990261178,NA,"n",0,0,0,0,NA,NA,NA,NA,NA,NA,NA,NA,NA,NA,NA,NA,NA,NA
"414",2024-12-17,-66.90417,42.06317,390,"120.4",NA,NA,NA,26.69,NA,NA,0.80677955709857,NA,"n",0,0,0,0,NA,NA,NA,NA,NA,NA,NA,NA,NA,NA,NA,NA,NA,NA
"415",2024-12-17,-66.90417,42.06317,391,"122.21",NA,NA,NA,27.45,NA,NA,0.799361378458572,NA,"n",0,0,0,0,NA,NA,NA,NA,NA,NA,NA,NA,NA,NA,NA,NA,NA,NA
"416",2024-12-17,-66.90417,42.06317,392,"112.01",NA,NA,NA,25.57,NA,NA,0.797640268228504,NA,"n",0,0,0,0,NA,NA,NA,NA,NA,NA,NA,NA,NA,NA,NA,NA,NA,NA
"417",2024-12-17,-66.90417,42.06317,393,"129.38",NA,NA,NA,34.94,NA,NA,0.801902089907433,NA,"n",0,0,0,0,NA,NA,NA,NA,NA,NA,NA,NA,NA,NA,NA,NA,NA,NA
"418",2024-12-17,-66.90417,42.06317,394,"107.54",NA,NA,NA,18.96,NA,NA,0.806384855663869,NA,"n",0,0,0,0,NA,NA,NA,NA,NA,NA,NA,NA,NA,NA,NA,NA,NA,NA
"419",2024-12-17,-66.90417,42.06317,395,"126.83",NA,NA,NA,35.02,NA,NA,0.804964982309452,NA,"n",0,0,0,0,NA,NA,NA,NA,NA,NA,NA,NA,NA,NA,NA,NA,NA,NA
"420",2025-02-04,-66.83183,42.04467,396,"103.01",1.497,0.981963927855677,0.5005,17.9904,3.52,"good",0.787748614953257,0.803977272727273,"y",1,1,1,1,17.44792,0.5,0.0873268396,0.822862376900565,0.0146999999999995,0.0462641941130054,2.576,0.173,1.0189,2.403,0.932841614906832,0.0671583850931677,0.0142544602535274,0.986301914485341
"421",2025-02-04,-66.83183,42.04467,397,"102.17",1.4925,1.286432160804,0.4274,19.6821,5.33,"good",0.795924114421224,0.814258911819887,"y",1,1,1,1,16.15376,0.43,0.06904117024,0.786770374990127,0.0191999999999997,0.0630369510417936,2.7312,0.1751,1.0267,2.5561,0.935888986526069,0.0641110134739309,0.0130835118500453,0.983409547879309
"422",2025-02-04,-66.83183,42.04467,398,"99.95",1.4909,1.26769065665037,0.7336,18.4085,4.06,"good",0.781487126142036,0.798029556650246,"y",1,1,1,1,16.96576,0.73,0.12446081536,0.780248159324753,0.0189000000000004,0.0580144608538893,2.6354,0.1603,1.0152,2.4751,0.939174318888973,0.0608256811110267,0.0132911943839385,0.977112827092478
"423",2025-02-04,-66.83183,42.04467,399,"97.83",1.5069,1.00869334395116,0.4263,16.3331,2.43,"good",0.785770533833898,0.840163934426229,"y",1,1,1,1,17.50616,0.43,0.07462876008,0.81013718190118,0.0152000000000001,0.0470847153756654,2.1919,0.1253,1.0077,2.0666,0.94283498334778,0.0571650166522195,0.0122464310007813,0.983165498274191
"424",2025-02-04,-66.83183,42.04467,400,"104.66",1.498,0.761014686248336,0.4989,19.1618,4.19,"good",0.783580139047576,0.823389021479713,"y",1,1,1,1,17.64448,0.5,0.08802831072,0.81349567763886,0.0114000000000001,0.0351638099617683,2.7661,0.166,1.0108,2.6001,0.939987708325802,0.0600122916741984,0.0129878518195663,0.980622937729626
"425",2025-02-04,-66.83183,42.04467,401,"108.06",1.4967,1.34963586557098,0.5111,21.0559,2.35,"good",0.781634530609116,0.859574468085107,"y",1,1,1,1,18.07456,0.51,0.09237907616,0.829505891917095,0.0202000000000009,0.0618062860092167,3.2813,0.2255,1.0058,3.0558,0.931277237680188,0.0687227623198123,0.015006678251804,0.99088316751663
"426",2025-02-04,-66.83183,42.04467,402,"110.33",1.4965,1.0090210491145,0.5048,19.325,3.53,"good",0.78961940995681,0.84985835694051,"y",1,1,1,1,16.45784,0.5,0.08307917632,0.789798871682452,0.0150999999999986,0.0479616987910985,2.9667,0.1747,1.0051,2.792,0.941113021202009,0.058886978797991,0.0123886773453822,0.976676697793337
"427",2025-02-04,-66.83183,42.04467,403,"107.78",1.5005,0.879706764411943,0.4719,20.3287,2.02,"good",0.792650298044974,0.856435643564356,"y",1,1,1,1,16.464,0.47,0.077693616,0.797230786438755,0.0132000000000012,0.0424262372271339,3.2008,0.2242,1.0107,2.9766,0.929955011247188,0.0700449887528119,0.0145238075413387,0.980611173230432
"428",2025-02-04,-66.83183,42.04467,404,"103.3",1.5011,0.866031576843641,0.5598,18.1594,7.12,"good",0.791533003479774,0.776685393258427,"y",1,1,1,1,17.29392,0.56,0.09681136416,0.829279640833828,0.0129999999999999,0.0415428624818133,2.9118,0.1701,1.004,2.7417,0.941582526272409,0.0584174737275912,0.0121781152922902,0.9853106345405
"429",2025-02-04,-66.83183,42.04467,405,"106.31",1.497,0.975283901135586,0.3636,17.201,4.19,"good",0.787174514825396,0.79236276849642,"y",1,1,1,1,17.00776,0.36,0.06184021536,0.807132547397091,0.0145999999999997,0.0458255222740573,2.7758,0.1875,1.0118,2.5883,0.932451905756899,0.0675480942431011,0.0143759559299079,0.98138090976666
"430",2025-02-04,-66.83183,42.04467,406,"101.01",1.4959,0.922521558927723,0.3823,17.6346,3.97,"good",0.790087686918003,0.843828715365239,"y",1,1,1,1,16.97248,0.38,0.06488579104,0.813444810250414,0.0137999999999998,0.0439479488069556,2.8819,0.1923,1.0109,2.6896,0.933273187827475,0.0667268121725251,0.0140067794877227,0.983044481995003
"431",2025-02-04,-66.83183,42.04467,407,"100.5",1.4939,1.10449159917,0.3763,13.7732,2.19,"good",0.792296721424153,0.844748858447489,"y",1,1,1,1,14.73976,0.38,0.05546571688,0.702744866825991,0.0165000000000006,0.0531764162194807,2.204,0.1704,1.0049,2.0336,0.922686025408348,0.0773139745916516,0.0160583660024158,0.966797603418269
"432",2025-02-04,-66.83183,42.04467,408,"102.23",1.5007,1.14613180515753,0.525799999999999,17.1488,NA,"good",0.791652063508858,NA,"y",1,1,1,1,15.40112,0.53,0.0809790889599998,0.733344118785107,0.017199999999999,0.0550104706799558,3.0288,0.2123,1.0056,2.8165,0.929906233491812,0.070093766508188,0.0146038916128729,0.971728473173306
"433",2025-02-04,-66.83183,42.04467,409,"99.71",1.5092,1.09992048767562,0.6463,20.1106,2.71,"good",0.781371309544364,0.841328413284133,"y",1,1,1,1,16.20136,0.65,0.10470938968,0.736826298518904,0.0166000000000004,0.0503099792338925,3.8805,0.2696,1.0127,3.6109,0.930524416956578,0.0694755830434222,0.0151893557394252,0.969573470160545
"434",2025-02-04,-66.83183,42.04467,410,"103.83",1.5038,1.44966085915673,0.5924,20.239,4.55,"good",0.78712767599268,0.795604395604396,"y",1,1,1,1,15.43248,0.59,0.0914220115199999,0.727913140521624,0.0217999999999989,0.0681000156275309,3.809,0.2585,1.0087,3.5505,0.932134418482541,0.0678655815174587,0.0144467040577297,0.970395788641977
"435",2025-02-04,-66.83183,42.04467,411,"102.11",1.5048,1.05661881977673,0.608399999999999,20.7211,1.83,"good",0.787257025241967,0.852459016393443,"y",1,1,1,1,16.01152,0.61,0.0974140876799999,0.750648644856781,0.0159000000000002,0.0496664494316908,3.9148,0.2875,0.9909,3.6273,0.926560743843875,0.0734392561561255,0.0156236858186713,0.973562099258406
"436",2025-02-04,-66.83183,42.04467,412,"91.82",1.5029,1.21764588462306,0.516500000000001,14.5174,1.5,"good",0.779804768763002,0.84,"y",1,1,1,1,14.36064,0.52,0.0741727056000002,0.647787954626566,0.0183,0.0552984675364063,2.7102,0.1969,0.989,2.5133,0.927348535163457,0.0726514648365434,0.0159975060993893,0.951585133708622
"437",2025-02-04,-66.83183,42.04467,413,"126.15",1.4992,1.18062966915686,0.717800000000002,28.7054,5.17,"good",0.78618187583999,0.882011605415861,"y",1,1,1,1,13.9496,0.72,0.1001302288,0.650411478299895,0.0176999999999996,0.0552165385322218,5.5119,0.144,0.9882,5.3679,0.973874707451151,0.0261252925488489,0.00558606104592636,0.943070233577485
"438",2025-02-04,-66.83183,42.04467,414,"108",1.4994,1.5006002400961,0.615400000000002,28.1052,2.99,"good",0.793404487810884,0.862876254180602,"y",1,1,1,1,15.6128,0.62,0.0960811712000004,0.750111313288763,0.0225000000000009,0.0726346968622657,5.2859,0.3721,1.0106,4.9138,0.929605176034356,0.0703948239656445,0.014543254712645,0.97908174492449
"439",2025-02-04,-66.83183,42.04467,415,"99.91",1.496,1.1631016042781,0.573300000000002,18.5069,1.9,"good",0.777558767703314,0.826315789473684,"y",1,1,1,1,15.61784,0.57,0.0895370767200003,0.706175690158604,0.0174000000000003,0.0522880399586522,3.5703,0.3217,0.9958,3.2486,0.909895526986528,0.0901044730134722,0.0200429500125602,0.965411133758655
"440",2025-02-04,-66.83183,42.04467,416,"107.22",1.4934,1.11825364939066,0.581999999999998,22.6338,6.81,"good",0.790012841466262,0.800293685756241,"y",1,1,1,1,14.60536,0.58,0.0850031951999997,0.697934264775057,0.0167000000000002,0.0532534302192101,4.2528,0.3468,1.0103,3.906,0.918453724604966,0.0815462753950339,0.0171236706592128,0.964372648619382
"441",2025-02-04,-66.83183,42.04467,417,"101.76",1.5086,1.02744266207087,0.5386,16.958,3.48,"good",0.789025404404861,0.801724137931034,"y",1,1,1,1,14.67368,0.54,0.07903244048,0.693715614652096,0.0155000000000012,0.0486998284875274,3.0653,0.2282,1.0058,2.8371,0.92555377940169,0.0744462205983101,0.015706261284315,0.961742892309885
"442",2025-02-04,-66.83183,42.04467,418,"100.19",1.4939,1.03085882589194,0.697199999999999,17.941,2.18,"good",0.783598626023022,0.844036697247706,"y",1,1,1,1,16.27584,0.7,0.11347515648,0.749105069994822,0.0153999999999996,0.0476364270220209,3.3505,0.2343,1.0106,3.1162,0.930070138785256,0.0699298612147441,0.01513291804889,0.971798532330831
"443",2025-02-04,-66.83183,42.04467,419,"100.31",1.509,1.00066269052343,0.584399999999999,16.1444,4.68,"good",0.787602305885702,0.801282051282051,"y",1,1,1,1,15.48288,0.58,0.0904819507199999,0.734487085468989,0.0150999999999986,0.0471126908743624,2.9112,0.2232,1.007,2.688,0.923330585325639,0.0766694146743611,0.0162844068859272,0.968722139676864
"444",2025-02-04,-66.83183,42.04467,420,"106.4",NA,NA,NA,21.5,4.43,NA,NA,0.884875846501129,"y",0,0,0,0,NA,NA,NA,NA,NA,NA,NA,NA,NA,NA,NA,NA,NA,NA
"445",2025-02-04,-66.83183,42.04467,421,"104.9",NA,NA,NA,21.72,2.5,NA,NA,0.868,"y",0,0,0,0,NA,NA,NA,NA,NA,NA,NA,NA,NA,NA,NA,NA,NA,NA
"446",2025-02-04,-66.83183,42.04467,422,"104.19",NA,NA,NA,18.44,NA,NA,NA,NA,"y",0,0,0,0,NA,NA,NA,NA,NA,NA,NA,NA,NA,NA,NA,NA,NA,NA
"447",2025-02-04,-66.83183,42.04467,423,"104.46",NA,NA,NA,17.97,4.52,NA,NA,0.805309734513274,"y",0,0,0,0,NA,NA,NA,NA,NA,NA,NA,NA,NA,NA,NA,NA,NA,NA
"448",2025-02-04,-66.83183,42.04467,424,"105.01",NA,NA,NA,22.43,5.19,NA,NA,0.859344894026975,"y",0,0,0,0,NA,NA,NA,NA,NA,NA,NA,NA,NA,NA,NA,NA,NA,NA
"449",2025-02-04,-66.83183,42.04467,425,"103.74",NA,NA,NA,14.72,3.25,NA,NA,0.821538461538462,"y",0,0,0,0,NA,NA,NA,NA,NA,NA,NA,NA,NA,NA,NA,NA,NA,NA
"450",2025-02-04,-66.83183,42.04467,426,"100.15",NA,NA,NA,16.75,3.1,NA,0.815854837328243,0.829032258064516,"n",0,0,0,0,NA,NA,NA,NA,NA,NA,NA,NA,NA,NA,NA,NA,NA,NA
"451",2025-02-04,-66.83183,42.04467,427,"98.33",NA,NA,NA,20.33,2.71,NA,0.787041338828525,0.845018450184502,"n",0,0,0,0,NA,NA,NA,NA,NA,NA,NA,NA,NA,NA,NA,NA,NA,NA
"452",2025-02-04,-66.83183,42.04467,428,"102.68",NA,NA,NA,22.36,NA,NA,0.789984014006775,NA,"n",0,0,0,0,NA,NA,NA,NA,NA,NA,NA,NA,NA,NA,NA,NA,NA,NA
"453",2025-02-04,-66.83183,42.04467,429,"102.52",NA,NA,NA,17.36,NA,NA,0.787789723206589,NA,"n",0,0,0,0,NA,NA,NA,NA,NA,NA,NA,NA,NA,NA,NA,NA,NA,NA
"454",2025-02-04,-66.83183,42.04467,430,"101.69",NA,NA,NA,17.1,NA,NA,0.793580178072478,NA,"n",0,0,0,0,NA,NA,NA,NA,NA,NA,NA,NA,NA,NA,NA,NA,NA,NA
"455",2025-02-04,-66.83183,42.04467,431,"111.19",NA,NA,NA,21.86,NA,NA,0.791719146536329,NA,"n",0,0,0,0,NA,NA,NA,NA,NA,NA,NA,NA,NA,NA,NA,NA,NA,NA
"456",2025-02-04,-66.83183,42.04467,432,"95.16",NA,NA,NA,17.4,NA,NA,0.794571638912381,NA,"n",0,0,0,0,NA,NA,NA,NA,NA,NA,NA,NA,NA,NA,NA,NA,NA,NA
"457",2025-02-04,-66.83183,42.04467,433,"108.05",NA,NA,NA,22.42,NA,NA,0.794589301573566,NA,"n",0,0,0,0,NA,NA,NA,NA,NA,NA,NA,NA,NA,NA,NA,NA,NA,NA
"458",2025-02-04,-66.83183,42.04467,434,"111.91",NA,NA,NA,27.37,NA,NA,0.795280942266847,NA,"n",0,0,0,0,NA,NA,NA,NA,NA,NA,NA,NA,NA,NA,NA,NA,NA,NA
"459",2025-02-04,-66.83183,42.04467,435,"100.59",NA,NA,NA,17,NA,NA,0.796569730522863,NA,"n",0,0,0,0,NA,NA,NA,NA,NA,NA,NA,NA,NA,NA,NA,NA,NA,NA
"460",2025-02-04,-66.83183,42.04467,436,"99.41",NA,NA,NA,21.04,NA,NA,0.788077176543026,NA,"n",0,0,0,0,NA,NA,NA,NA,NA,NA,NA,NA,NA,NA,NA,NA,NA,NA
"461",2025-02-04,-66.83183,42.04467,437,"101.45",NA,NA,NA,26.09,NA,NA,0.795210423693289,NA,"n",0,0,0,0,NA,NA,NA,NA,NA,NA,NA,NA,NA,NA,NA,NA,NA,NA
"462",2025-02-04,-66.83183,42.04467,438,"101.96",NA,NA,NA,19.32,NA,NA,0.786243064771437,NA,"n",0,0,0,0,NA,NA,NA,NA,NA,NA,NA,NA,NA,NA,NA,NA,NA,NA
"463",2025-02-04,-66.83183,42.04467,439,"108.9",NA,NA,NA,17.6,NA,NA,0.79085324153626,NA,"n",0,0,0,0,NA,NA,NA,NA,NA,NA,NA,NA,NA,NA,NA,NA,NA,NA
"464",2025-02-04,-66.83183,42.04467,440,"104.73",NA,NA,NA,18.58,NA,NA,0.781968567218824,NA,"n",0,0,0,0,NA,NA,NA,NA,NA,NA,NA,NA,NA,NA,NA,NA,NA,NA
"465",2025-02-04,-66.83183,42.04467,441,"114.42",NA,NA,NA,28.28,NA,NA,0.797436687634828,NA,"n",0,0,0,0,NA,NA,NA,NA,NA,NA,NA,NA,NA,NA,NA,NA,NA,NA
"466",2025-02-04,-66.83183,42.04467,442,"105.22",NA,NA,NA,25.32,NA,NA,0.783262215662998,NA,"n",0,0,0,0,NA,NA,NA,NA,NA,NA,NA,NA,NA,NA,NA,NA,NA,NA
"467",2025-02-04,-66.83183,42.04467,443,"110.55",NA,NA,NA,23.39,NA,NA,0.803852866912379,NA,"n",0,0,0,0,NA,NA,NA,NA,NA,NA,NA,NA,NA,NA,NA,NA,NA,NA
"468",2025-02-04,-66.83183,42.04467,444,"114.41",NA,NA,NA,29.54,NA,NA,0.786123560642626,NA,"n",0,0,0,0,NA,NA,NA,NA,NA,NA,NA,NA,NA,NA,NA,NA,NA,NA
"469",2025-02-04,-66.83183,42.04467,445,"102.62",NA,NA,NA,19.77,NA,NA,0.789041709698748,NA,"n",0,0,0,0,NA,NA,NA,NA,NA,NA,NA,NA,NA,NA,NA,NA,NA,NA
"470",2025-02-04,-66.83183,42.04467,446,"109.97",NA,NA,NA,18.07,NA,NA,0.816616059379217,NA,"n",0,0,0,0,NA,NA,NA,NA,NA,NA,NA,NA,NA,NA,NA,NA,NA,NA
"471",2025-02-04,-66.83183,42.04467,447,"100.58",NA,NA,NA,13.42,NA,NA,0.793327196643268,NA,"n",0,0,0,0,NA,NA,NA,NA,NA,NA,NA,NA,NA,NA,NA,NA,NA,NA
"472",2025-02-04,-66.83183,42.04467,448,"110.37",NA,NA,NA,25.65,NA,NA,0.793896201624943,NA,"n",0,0,0,0,NA,NA,NA,NA,NA,NA,NA,NA,NA,NA,NA,NA,NA,NA
"473",2025-02-04,-66.83183,42.04467,449,"102.61",NA,NA,NA,15.89,NA,NA,0.78715614421402,NA,"n",0,0,0,0,NA,NA,NA,NA,NA,NA,NA,NA,NA,NA,NA,NA,NA,NA
"474",2025-03-11,-66.79917,42.01433,450,"103.11",1.492,0.97184986595174,0.6443,18.6634,6.17,"good",0.785072820541031,0.807131280388979,"y",1,1,1,1,17.02232,0.64,0.10967480776,0.797325343199393,0.0145,0.0452176345680502,2.8577,0.1805,1.0058,2.6772,0.936837316723239,0.063162683276761,0.0135753773637344,0.978589896564283
"475",2025-03-11,-66.79917,42.01433,451,"100.83",1.5038,0.871126479585029,0.4288,15.7033,3.17,"good",0.779545239670984,0.83596214511041,"y",1,1,1,1,14.98056,0.43,0.06423664128,0.67763353187526,0.0130999999999997,0.0395149770540188,2.808,0.1767,1.0215,2.6313,0.93707264957265,0.0629273504273504,0.0138726339566015,0.951934738423436
"476",2025-03-11,-66.79917,42.01433,452,"102.25",1.5088,1.00079533404032,0.5099,16.4989,5.59,"good",0.787085372040125,0.81216457960644,"y",1,1,1,1,16.464,0.51,0.083949936,0.773116057005158,0.0151000000000003,0.0470045362138728,2.4427,0.1523,1.0345,2.2904,0.937650960003275,0.062349039996725,0.0132750226545581,0.975008348035086
"477",2025-03-11,-66.79917,42.01433,453,"98.28",1.4935,1.091396049548,0.528,19.5418,7.35,"good",0.782294087270849,0.798639455782313,"y",1,1,1,1,16.99936,0.53,0.0897566208,0.777893960682974,0.0162999999999993,0.0501316678020503,3.2628,0.203,1.0156,3.0598,0.937783498835356,0.0622165011646438,0.0135449001728631,0.976746547939192
"478",2025-03-11,-66.79917,42.01433,454,"95.49",1.4984,0.934329951948702,0.5065,13.8274,2.6,"good",0.798254987327464,0.819230769230769,"y",1,1,1,1,15.722,0.51,0.07963193,0.773952412241922,0.0139999999999993,0.0463124188088489,2.1296,0.1552,1.022,1.9744,0.927122464312547,0.072877535687453,0.0147026793608084,0.979520966207759
"479",2025-03-11,-66.79917,42.01433,455,"108.48",1.4907,1.01294693768031,0.6491,21.0333,4.48,"good",0.777791591922278,0.841517857142857,"y",1,1,1,1,16.30552,0.65,0.10583913032,0.732777992831781,0.0151000000000003,0.0455854459533326,3.6179,0.2383,1.0017,3.3796,0.934133060615274,0.0658669393847259,0.0146361877456318,0.965612449044713
"480",2025-03-11,-66.79917,42.01433,456,"99.47",1.4979,1.01475398891782,0.5591,17.9842,3.44,"good",0.786096367413706,0.825581395348837,"y",1,1,1,1,16.81456,0.56,0.09401020496,0.784817742318027,0.0152000000000001,0.0474397735395376,2.9763,0.2144,1.0101,2.7619,0.927964250915566,0.0720357490844337,0.0154087084052352,0.979798215708119
"481",2025-03-11,-66.79917,42.01433,457,"103.9",1.509,0.901259111994717,0.3765,16.1959,5.18,"good",0.788686514104671,0.77992277992278,"y",1,1,1,1,15.71024,0.38,0.0591490536,0.73660894642393,0.0136000000000003,0.0426503357405756,2.7394,0.1817,1.0172,2.5577,0.933671606921224,0.0663283930787764,0.0140160839553119,0.96881758917993
"482",2025-03-11,-66.79917,42.01433,458,"107.26",1.4916,0.972110485384819,0.444,17.9624,NA,"good",0.796972369826962,NA,"y",1,1,1,1,16.56312,0.44,0.0735402528,0.823222622651751,0.0145,0.0478806990238866,2.8088,0.2096,1.0203,2.5992,0.925377385360296,0.0746226146397038,0.0151504526076149,0.987475127288425
"483",2025-03-11,-66.79917,42.01433,459,"97.61",1.4974,0.928275677841564,0.766,16.683,5,"good",0.780925491346436,0.784,"y",1,1,1,1,13.58,0.77,0.1040228,0.616660269078493,0.0138999999999996,0.0423726011550483,2.8156,0.1669,1.0253,2.6487,0.940723114078704,0.0592768859212956,0.0129860546577212,0.938994302782573
"484",2025-03-11,-66.79917,42.01433,460,"112.9",1.4928,0.978027867095373,0.6349,19.556,NA,"good",0.774463480159304,NA,"y",1,1,1,1,17.9032,0.63,0.1136674168,0.799978962336348,0.0145999999999997,0.0433645011364983,3.5026,0.25,1.0095,3.2526,0.928624450408268,0.0713755495917319,0.0160977930566362,0.979373551886894
"485",2025-03-11,-66.79917,42.01433,461,"113.54",1.5024,0.93849840255597,0.6192,24.5381,7.49,"good",0.791683058116886,0.807743658210948,"y",1,1,1,1,17.21608,0.62,0.10660196736,0.825370493047715,0.0141000000000009,0.0450514679253768,4.1965,0.3078,1.0147,3.8887,0.926653163350411,0.073346836649589,0.0152793887076427,0.988508230850088
"486",2025-03-11,-66.79917,42.01433,462,"111.51",1.4956,0.581706338593157,0.570599999999998,22.4962,5.08,"good",0.789187469407734,0.854330708661417,"y",1,1,1,1,15.1956,0.57,0.0867060935999998,0.721569791211409,0.00869999999999926,0.0275935371089606,4.1564,0.2917,1.0266,3.8647,0.929819074198826,0.0701809258011741,0.0147950185674536,0.961755551361119
"487",2025-03-11,-66.79917,42.01433,463,"100.77",1.5089,0.788653986347598,0.567599999999999,17.9253,5.61,"good",0.796249558326182,0.787878787878788,"y",1,1,1,1,14.3192,0.57,0.0812757791999999,0.699822219497609,0.0118999999999989,0.0387068602094197,3.158,0.2328,1.0125,2.9252,0.926282457251425,0.0737175427485751,0.0150199818941307,0.962348080083789
"488",2025-03-11,-66.79917,42.01433,464,"104.21",1.4905,1.14055686011402,0.543,17.8393,6.29,"good",0.792120613951841,0.818759936406995,"y",1,1,1,1,14.26152,0.54,0.0774400536,0.689859198609735,0.0169999999999995,0.0548662799999702,3.2132,0.2344,1.0075,2.9788,0.927050914975725,0.0729490850242749,0.0151646110076212,0.961305993560602
"489",2025-03-11,-66.79917,42.01433,465,"113.9",1.5032,0.997871208089447,0.586999999999999,18.1661,7.56,"good",0.787906120341629,0.80952380952381,"y",1,1,1,1,14.3948,0.59,0.0844974759999999,0.675248438321904,0.0150000000000006,0.0470485621601511,3.3296,0.1815,1.0097,3.1481,0.945488947621336,0.0545110523786641,0.0115614605832515,0.953394293005775
"490",2025-03-11,-66.79917,42.01433,466,"104.32",1.5087,1.05388745277381,0.591700000000001,20.2063,3.34,"good",0.782899496849093,0.841317365269461,"y",1,1,1,1,16.35312,0.59,0.0967614110400001,0.755421517743891,0.0158999999999985,0.0485437591105558,3.7913,0.2021,1.064,3.5892,0.946693746208425,0.0533062537915754,0.011572814519241,0.968542385896072
"491",2025-03-11,-66.79917,42.01433,467,"98.02",1.5094,1.02689810520733,0.4778,14.8726,7.3,"good",0.789211045058749,0.79041095890411,"y",1,1,1,1,13.45344,0.48,0.0642805363199999,0.635316893322632,0.0154999999999994,0.0487168839322503,2.6326,0.2403,1.0165,2.3923,0.908721416090557,0.0912785839094431,0.0192405173107888,0.953254943421611
"492",2025-03-11,-66.79917,42.01433,468,"101.81",1.506,0.9960159362549,0.567499999999999,19.0465,6.01,"good",0.784569610557945,0.801996672212978,"y",1,1,1,1,13.40248,0.57,0.0760590739999999,0.619397162468183,0.0149999999999988,0.0462337713279213,3.5946,0.2364,0.9997,3.3582,0.934234685361375,0.0657653146386246,0.0141678473443782,0.942722417264872
"493",2025-03-11,-66.79917,42.01433,469,"100.94",1.5019,1.0719754977029,0.5437,15.2049,4.22,"good",0.785946060960689,0.815165876777251,"y",1,1,1,1,15.87712,0.54,0.08632390144,0.746816795141446,0.0160999999999998,0.0500796903114232,2.7427,0.1852,1.0012,2.5575,0.932475298063952,0.0675247019360483,0.0144539284318665,0.969890944369584
"494",2025-03-11,-66.79917,42.01433,470,"98.93",1.504,0.984042553191558,0.539300000000002,22.644,3.18,"good",0.795264238593834,0.849056603773585,"y",1,1,1,1,14.25872,0.54,0.0768972769600003,0.695542213840384,0.014800000000001,0.0480640287965794,4.134,0.309,1.0033,3.825,0.925253991291727,0.0747460087082729,0.0153031810049602,0.96299504513071
"495",2025-03-11,-66.79917,42.01433,471,"100.83",1.505,0.996677740863825,0.653799999999999,16.2552,5.08,"good",0.796848840838796,0.834645669291339,"y",1,1,1,1,14.7672,0.65,0.0965479535999999,0.731156611874923,0.0150000000000006,0.0490608936212342,2.8087,0.2506,1.0011,2.5581,0.910777227899028,0.089222772100972,0.0181257095758884,0.972613327823323
"496",2025-03-11,-66.79917,42.01433,472,"103.89",1.4907,1.05319648487293,0.614299999999999,15.6896,5.36,"good",0.7903655610029,0.789179104477612,"y",1,1,1,1,14.82096,0.61,0.0910451572799998,0.711974410839937,0.0157000000000007,0.0502396691073977,2.7707,0.2055,0.9955,2.5652,0.925831017432418,0.0741689825675822,0.0155483730515408,0.96465549890317
"497",2025-03-11,-66.79917,42.01433,473,"114.02",1.5024,1.13152289669858,0.639899999999999,23.5015,13.46,"good",0.784453537585677,0.784546805349183,"y",1,1,1,1,14.94192,0.64,0.0956133460799998,0.693102784321421,0.0169999999999995,0.0524955447667505,4.5138,0.3209,1.0032,4.1929,0.928906907705259,0.0710930922947406,0.0153238645462263,0.960511831098889
"498",2025-03-11,-66.79917,42.01433,474,"106.4",NA,NA,NA,19.81,3.73,NA,NA,0.828418230563003,"y",0,0,0,0,NA,NA,NA,NA,NA,NA,NA,NA,NA,NA,NA,NA,NA,NA
"499",2025-03-11,-66.79917,42.01433,475,"93.95",NA,NA,NA,15.61,2.94,NA,NA,0.829931972789116,"y",0,0,0,0,NA,NA,NA,NA,NA,NA,NA,NA,NA,NA,NA,NA,NA,NA
"500",2025-03-11,-66.79917,42.01433,476,"101.25",NA,NA,NA,19.14,5.59,NA,NA,0.790697674418605,"y",0,0,0,0,NA,NA,NA,NA,NA,NA,NA,NA,NA,NA,NA,NA,NA,NA
"501",2025-03-11,-66.79917,42.01433,477,"100.62",NA,NA,NA,20.4,5.6,NA,NA,0.792857142857143,"y",0,0,0,0,NA,NA,NA,NA,NA,NA,NA,NA,NA,NA,NA,NA,NA,NA
"502",2025-03-11,-66.79917,42.01433,478,"98.07",NA,NA,NA,12.61,3.1,NA,NA,0.8,"y",0,0,0,0,NA,NA,NA,NA,NA,NA,NA,NA,NA,NA,NA,NA,NA,NA
"503",2025-03-11,-66.79917,42.01433,479,"100.63",NA,NA,NA,15.47,3.12,NA,NA,0.814102564102564,"y",0,0,0,0,NA,NA,NA,NA,NA,NA,NA,NA,NA,NA,NA,NA,NA,NA
"504",2025-03-11,-66.79917,42.01433,480,"97.51",NA,NA,NA,17.53,4.77,NA,0.793636395151319,0.79874213836478,"n",0,0,0,0,NA,NA,NA,NA,NA,NA,NA,NA,NA,NA,NA,NA,NA,NA
"505",2025-03-11,-66.79917,42.01433,481,"98.36",NA,NA,NA,19,4.85,NA,0.788765243245572,0.781443298969072,"n",0,0,0,0,NA,NA,NA,NA,NA,NA,NA,NA,NA,NA,NA,NA,NA,NA
"506",2025-03-11,-66.79917,42.01433,482,"110.5",NA,NA,NA,23.8,NA,NA,0.800410371199403,NA,"n",0,0,0,0,NA,NA,NA,NA,NA,NA,NA,NA,NA,NA,NA,NA,NA,NA
"507",2025-03-11,-66.79917,42.01433,483,"101.13",NA,NA,NA,15.75,NA,NA,0.788488957993277,NA,"n",0,0,0,0,NA,NA,NA,NA,NA,NA,NA,NA,NA,NA,NA,NA,NA,NA
"508",2025-03-11,-66.79917,42.01433,484,"102.45",NA,NA,NA,19.11,NA,NA,0.815446633562924,NA,"n",0,0,0,0,NA,NA,NA,NA,NA,NA,NA,NA,NA,NA,NA,NA,NA,NA
"509",2025-03-11,-66.79917,42.01433,485,"102.37",NA,NA,NA,20.13,NA,NA,0.788463363586867,NA,"n",0,0,0,0,NA,NA,NA,NA,NA,NA,NA,NA,NA,NA,NA,NA,NA,NA
"510",2025-03-11,-66.79917,42.01433,486,"99.44",NA,NA,NA,18.51,NA,NA,0.790693408340467,NA,"n",0,0,0,0,NA,NA,NA,NA,NA,NA,NA,NA,NA,NA,NA,NA,NA,NA
"511",2025-03-11,-66.79917,42.01433,487,"103.09",NA,NA,NA,17.38,NA,NA,0.793893589836311,NA,"n",0,0,0,0,NA,NA,NA,NA,NA,NA,NA,NA,NA,NA,NA,NA,NA,NA
"512",2025-03-11,-66.79917,42.01433,488,"101.02",NA,NA,NA,17.62,NA,NA,0.79305867348411,NA,"n",0,0,0,0,NA,NA,NA,NA,NA,NA,NA,NA,NA,NA,NA,NA,NA,NA
"513",2025-03-11,-66.79917,42.01433,489,"105.01",NA,NA,NA,20.43,NA,NA,0.789197671678607,NA,"n",0,0,0,0,NA,NA,NA,NA,NA,NA,NA,NA,NA,NA,NA,NA,NA,NA
"514",2025-03-11,-66.79917,42.01433,490,"109.57",NA,NA,NA,23.83,NA,NA,0.790055060259448,NA,"n",0,0,0,0,NA,NA,NA,NA,NA,NA,NA,NA,NA,NA,NA,NA,NA,NA
"515",2025-03-11,-66.79917,42.01433,491,"99.44",NA,NA,NA,17.75,NA,NA,0.786684288591727,NA,"n",0,0,0,0,NA,NA,NA,NA,NA,NA,NA,NA,NA,NA,NA,NA,NA,NA
"516",2025-03-11,-66.79917,42.01433,492,"101.16",NA,NA,NA,16.96,NA,NA,0.787710573530651,NA,"n",0,0,0,0,NA,NA,NA,NA,NA,NA,NA,NA,NA,NA,NA,NA,NA,NA
"517",2025-03-11,-66.79917,42.01433,493,"104.84",NA,NA,NA,18.65,NA,NA,0.781543971441528,NA,"n",0,0,0,0,NA,NA,NA,NA,NA,NA,NA,NA,NA,NA,NA,NA,NA,NA
"518",2025-03-11,-66.79917,42.01433,494,"95.97",NA,NA,NA,17.86,NA,NA,0.807130075559261,NA,"n",0,0,0,0,NA,NA,NA,NA,NA,NA,NA,NA,NA,NA,NA,NA,NA,NA
"519",2025-03-11,-66.79917,42.01433,495,"101.12",NA,NA,NA,19.09,NA,NA,0.790772080939934,NA,"n",0,0,0,0,NA,NA,NA,NA,NA,NA,NA,NA,NA,NA,NA,NA,NA,NA
"520",2025-03-11,-66.79917,42.01433,496,"95.79",NA,NA,NA,16.43,NA,NA,0.78857623538192,NA,"n",0,0,0,0,NA,NA,NA,NA,NA,NA,NA,NA,NA,NA,NA,NA,NA,NA
"521",2025-03-11,-66.79917,42.01433,497,"101.43",NA,NA,NA,21.4,NA,NA,0.803338275383806,NA,"n",0,0,0,0,NA,NA,NA,NA,NA,NA,NA,NA,NA,NA,NA,NA,NA,NA
"522",2025-03-11,-66.79917,42.01433,498,"119.32",NA,NA,NA,24.77,NA,NA,0.792599850104466,NA,"n",0,0,0,0,NA,NA,NA,NA,NA,NA,NA,NA,NA,NA,NA,NA,NA,NA
"523",2025-03-11,-66.79917,42.01433,499,"101.05",NA,NA,NA,21.47,NA,NA,0.818330967177819,NA,"n",0,0,0,0,NA,NA,NA,NA,NA,NA,NA,NA,NA,NA,NA,NA,NA,NA
"524",2025-03-11,-66.79917,42.01433,500,"107.49",NA,NA,NA,25.36,NA,NA,0.804246183401955,NA,"n",0,0,0,0,NA,NA,NA,NA,NA,NA,NA,NA,NA,NA,NA,NA,NA,NA
"525",2025-03-11,-66.79917,42.01433,501,"97.77",NA,NA,NA,16.54,NA,NA,0.790646877625315,NA,"n",0,0,0,0,NA,NA,NA,NA,NA,NA,NA,NA,NA,NA,NA,NA,NA,NA
"526",2025-03-11,-66.79917,42.01433,502,"120.14",NA,NA,NA,23.18,NA,NA,0.785465222976693,NA,"n",0,0,0,0,NA,NA,NA,NA,NA,NA,NA,NA,NA,NA,NA,NA,NA,NA
"527",2025-03-11,-66.79917,42.01433,503,"104.07",NA,NA,NA,24.06,NA,NA,0.790207344923006,NA,"n",0,0,0,0,NA,NA,NA,NA,NA,NA,NA,NA,NA,NA,NA,NA,NA,NA
"528",2025-04-28,-66.700335,41.938335,504,"104.33",1.505,1.22923588039864,0.7353,19.5844,9.05,"good",0.756183250889988,0.788313120176406,"y",1,1,1,1,17.26144,0.74,0.12692336832,0.703471217311272,0.0184999999999995,0.0504163838163554,3.3883,0.2115,1.0241,3.1768,0.937579317061653,0.0624206829383467,0.0152192079912545,0.956309217685229
"529",2025-04-28,-66.700335,41.938335,505,"111.47",1.4911,0.925491248071881,0.5565,32.4097,7.76,"good",NA,0.845360824742268,"y",1,1,1,1,17.27656,0.56,0.0961440564,NA,0.0137999999999998,NA,4.8542,0.3342,1.0302,4.52,0.931152404103663,0.0688475958963372,NA,NA
"530",2025-04-28,-66.700335,41.938335,506,"119.02",1.4983,0.901021157311654,0.8414,30.0773,9.73,"good",0.775632076935009,0.827338129496403,"y",1,1,1,1,16.01264,0.84,0.13473035296,0.714867237447634,0.0135000000000005,0.0401581984181697,4.2132,0.2966,1.0214,3.9166,0.929602202601348,0.0703977973986518,0.0157950075906855,0.960563696098811
"531",2025-04-28,-66.700335,41.938335,507,"109.55",1.5091,1.11324630574514,0.5683,21.299,10.22,"good",0.765879503120413,0.805283757338552,"y",1,1,1,1,16.36432,0.57,0.09299843056,0.696885336858171,0.0167999999999999,0.0475501427932517,3.7919,0.2535,1.0272,3.5384,0.9331469711754,0.0668530288245998,0.0156516643263207,0.956306830504185
"532",2025-04-28,-66.700335,41.938335,508,"128.74",1.4915,1.00569896077778,0.441,43.4497,10.06,"good",0.78185499441644,0.834990059642147,"y",1,1,1,1,15.61896,0.44,0.0688796136,0.717617054513184,0.0150000000000006,0.046102314288032,3.9703,0.2912,1.014,3.6791,0.926655416467269,0.0733445835327305,0.0159997545842714,0.964101338608489
"533",2025-04-28,-66.700335,41.938335,509,"99.82",1.509,1.10669317428762,0.4283,17.7975,5.21,"good",0.76564562978611,0.792706333973129,"y",1,1,1,1,16.8728,0.43,0.0722662024,0.71712311428444,0.0167000000000002,0.0472230653636868,2.9569,0.1991,1.0108,2.7578,0.932665967736481,0.0673340322635192,0.0157800247250788,0.961220586254065
"534",2025-04-28,-66.700335,41.938335,510,"130.26",1.5006,0.892976142876114,0.6163,44.3966,13.97,"good",0.771006987333742,0.793128131710809,"y",1,1,1,1,15.83512,0.62,0.09759184456,0.687384296448533,0.013399999999999,0.0389957812458482,7.2929,0.477,1.0385,6.8159,0.934593920114084,0.0654060798859164,0.0149775352797659,0.953265484042269
"535",2025-04-28,-66.700335,41.938335,511,"99.29",1.4954,0.989701752039538,0.5255,20.9566,7.61,"good",0.76200331886179,0.784494086727989,"y",1,1,1,1,16.83864,0.53,0.0884870532,0.701508539331218,0.0147999999999993,0.0415846871185904,3.7242,0.2652,1.0097,3.459,0.92879007572096,0.0712099242790398,0.0169477256425147,0.9572344620247
"536",2025-04-28,-66.700335,41.938335,512,"125.19",1.5016,0.892381459776288,0.4936,41.4804,10.98,"good",0.772561354717511,0.845173041894353,"y",1,1,1,1,15.0388,0.49,0.0742315168,0.666082455953826,0.0134000000000007,0.0392361403079899,6.592,0.4296,1.0431,6.1624,0.934830097087379,0.0651699029126214,0.0148221544316379,0.946695323746912
"537",2025-04-28,-66.700335,41.938335,513,"129.04",1.5064,0.843069569835409,0.656,41.364,14.38,"good",0.773263732798357,0.806675938803894,"y",1,1,1,1,15.17992,0.66,0.0995802752,0.665439220247477,0.0127000000000006,0.0371828283247533,6.2919,0.3451,1.0539,5.9468,0.945151702983201,0.0548482970167994,0.0124360981279561,0.945929726624667
"538",2025-04-28,-66.700335,41.938335,514,"108.66",1.4953,0.862703136494358,0.3777,23.356,4.61,"good",0.761581693443524,0.82646420824295,"y",1,1,1,1,16.16776,0.38,0.06106562952,0.674021334073043,0.0129000000000001,0.0361844335258712,4.1885,0.2745,1.0216,3.914,0.934463411722574,0.0655365882774263,0.015625122394593,0.947511447203061
"539",2025-04-28,-66.700335,41.938335,515,"135.69999999999999",1.4964,0.948944132584914,0.5856,48.3567,15.94,"good",0.792327646413249,0.840025094102886,"y",1,1,1,1,16.48472,0.59,0.09653452032,0.787865251320029,0.0142000000000007,0.0456942927739542,7.7869,0.5376,1.0108,7.2493,0.930960972916051,0.0690390270839487,0.0143374972438631,0.981001784982961
"540",2025-04-28,-66.700335,41.938335,516,"108.7",1.4997,1.13356004534237,0.6163,28.963,17.44,"good",0.772365202272406,0.772935779816514,"y",1,1,1,1,17.4272,0.62,0.1074038336,0.761008384512119,0.0169999999999995,0.04979730940341,4.3999,0.3124,1.0046,4.0875,0.928998386326962,0.071001613673038,0.0161624379667948,0.974135240692624
"541",2025-04-28,-66.700335,41.938335,517,"126.23",1.4993,0.927099313012711,0.5255,35.2461,9.04,"good",0.775079745489528,0.847345132743363,"y",1,1,1,1,15.47112,0.53,0.0813007356,0.682008895434896,0.0138999999999996,0.0412190229390633,5.2067,0.3313,1.0323,4.8754,0.936370445771794,0.063629554228206,0.014311575531396,0.953373514151051
"542",2025-04-28,-66.700335,41.938335,518,"106.25",1.496,0.969251336898393,0.4936,22.5882,8.87,"good",0.771718993996178,0.812852311161218,"y",1,1,1,1,18.074,0.49,0.089213264,0.797560379207534,0.0145,0.0424586939520568,4.6568,0.3354,1.0045,4.3214,0.927976292733207,0.0720237072667927,0.0164416443509882,0.97859315171615
"543",2025-04-28,-66.700335,41.938335,519,"128.86000000000001",1.4905,1.06675612210669,0.656,39.9241,15.8,"good",0.782529815775503,0.815822784810127,"y",1,1,1,1,14.7532,0.66,0.096780992,0.67428952244456,0.0159000000000003,0.0490529828680086,5.1116,0.3956,1.0048,4.716,0.92260740277017,0.0773925972298302,0.0168305823771835,0.957559959373753
"544",2025-04-28,-66.700335,41.938335,520,"107.92",1.4956,1.0497459213694,0.3777,24.3667,8.37,"good",0.770126448184075,0.805256869772999,"y",1,1,1,1,15.6632,0.38,0.0591599064,0.677259140865378,0.0157000000000007,0.045666233156305,5.0581,0.3591,1.0023,4.699,0.929004962337637,0.0709950376623633,0.0163198814687528,0.953575788866522
"545",2025-04-28,-66.700335,41.938335,521,"140.81",1.5007,1.01952422202971,0.5856,46.1941,13.96,"good",0.771441357217863,0.819484240687679,"y",1,1,1,1,13.00488,0.59,0.07615657728,0.564751973371716,0.0152999999999999,0.0446066799145953,5.097,0.364,1.0135,4.733,0.928585442417108,0.0714145575828919,0.0163224143560325,0.928007813794193
"546",2025-04-28,-66.700335,41.938335,522,"136.25",NA,NA,NA,35.1712,17.89,NA,0.784892184514603,0.806595863610956,"n",1,0,0,0.333333333333333,NA,NA,NA,NA,NA,NA,3.8613,0.2507,1.0775,3.6106,0.935073679848756,0.0649263201512444,0.0139661588952397,NA
"547",2025-04-28,-66.700335,41.938335,523,"127.33",NA,NA,NA,33.8294,23.91,NA,0.782996446877568,0.834797156001673,"n",1,0,0,0.333333333333333,NA,NA,NA,NA,NA,NA,3.6984,0.2462,1.0821,3.4522,0.93343067272334,0.0665693272766602,0.0144457805480053,NA
"548",2025-04-28,-66.700335,41.938335,524,"141.68",NA,NA,NA,47.5813,10.51,NA,0.783807924541784,0.806850618458611,"n",1,0,0,0.333333333333333,NA,NA,NA,NA,NA,NA,3.545,0.1901,1.1043,3.3549,0.946375176304655,0.0536248236953455,0.0115932619307777,NA
"549",2025-04-28,-66.700335,41.938335,525,"110.09",NA,NA,NA,20.5203,9,NA,0.765641827848521,0.804444444444444,"n",1,0,0,0.333333333333333,NA,NA,NA,NA,NA,NA,4.6902,0.2619,1.0722,4.4283,0.944160163745682,0.0558398362543175,0.0130865219577997,NA
"550",2025-04-28,-66.700335,41.938335,526,"113.86",NA,NA,NA,29.9456,13.41,NA,0.769214842915153,0.785980611483967,"n",1,0,0,0.333333333333333,NA,NA,NA,NA,NA,NA,4.1668,0.2575,1.0417,3.9093,0.938201977536719,0.0617980224632811,0.0142620663217212,NA
"551",2025-04-28,-66.700335,41.938335,527,"110.76",NA,NA,NA,32.0084,6.18,NA,0.771475612651679,0.797734627831715,"n",0,0,0,0,NA,NA,NA,NA,NA,NA,NA,NA,NA,NA,NA,NA,NA,NA
"552",2025-04-28,-66.700335,41.938335,528,"133.79",1.4907,0.81169920171721,0.4558,29.9069,13.3,"good",0.792764044367068,0.837593984962406,"y",1,1,1,1,13.95128,0.46,0.06358993424,0.66706082473023,0.0120999999999984,0.0391678750551828,4.7705,0.3855,1.0091,4.385,0.919190860496803,0.0808091395031967,0.0167465592488199,0.95714039563306
"553",2025-04-28,-66.700335,41.938335,529,"91.63",1.5002,1.01319824023464,0.7049,12.7396,9.76,"good",0.769386302150078,0.771516393442623,"y",1,1,1,1,18.74152,0.7,0.13210897448,0.818369022133365,0.0152000000000001,0.043934868122795,2.3434,0.1663,0.9991,2.1771,0.929034735853888,0.0709652641461125,0.0163655619836315,0.983299046536056
"554",2025-04-28,-66.700335,41.938335,530,"110.83",1.4903,0.966248406361148,0.571199999999999,19.061,4.29,"good",0.770246183711286,0.792540792540792,"y",1,1,1,1,14.38808,0.57,0.0821847129599998,0.627557397201984,0.0144000000000002,0.0420558153056721,3.8042,0.2734,1.0166,3.5308,0.928132064560223,0.0718679354397771,0.0165119324360797,0.940301400210977
"555",2025-04-28,-66.700335,41.938335,531,"105.19",1.5092,1.11979856877814,0.671900000000001,24.612,9.43,"good",0.76819476704011,0.795334040296925,"y",1,1,1,1,14.88872,0.67,0.10003730968,0.644115818811871,0.0168999999999997,0.048307734664985,5.0589,0.2997,1.021,4.7592,0.940757872264722,0.0592421277352784,0.0137326352207158,0.942012587948607
"556",2025-04-28,-66.700335,41.938335,532,"136.38999999999999",1.5094,1.13952563932682,0.4389,36.6348,7.35,"good",0.79372495585781,0.880272108843537,"y",1,1,1,1,14.26824,0.44,0.06262330536,0.689980189275304,0.017199999999999,0.0552430200204595,5.0164,0.385,1.0307,4.6314,0.923251734311458,0.0767482656885416,0.0158312518927404,0.963633864143819
"557",2025-04-28,-66.700335,41.938335,533,"130.63999999999999",1.4911,0.905371873113843,0.5532,34.8171,15.44,"good",0.781930174501022,0.808290155440414,"y",1,1,1,1,14.20608,0.55,0.07858803456,0.65523662082403,0.0135000000000005,0.0415175217865291,5.1438,0.4601,0.9988,4.6837,0.910552509817645,0.0894474901823555,0.0195057985753878,0.952550491807548
"558",2025-04-28,-66.700335,41.938335,534,"112.93",NA,NA,NA,33.9783,NA,NA,0.762595538917486,NA,"n",0,0,0,0,NA,NA,NA,NA,NA,NA,NA,NA,NA,NA,NA,NA,NA,NA
"559",2025-04-28,-66.700335,41.938335,535,"103.45",NA,NA,NA,23.1605,NA,NA,0.763683858293215,NA,"n",0,0,0,0,NA,NA,NA,NA,NA,NA,NA,NA,NA,NA,NA,NA,NA,NA
"560",2025-04-28,-66.700335,41.938335,536,"105.39",NA,NA,NA,23.1654,NA,NA,0.76653111968712,NA,"n",0,0,0,0,NA,NA,NA,NA,NA,NA,NA,NA,NA,NA,NA,NA,NA,NA
"561",2025-04-28,-66.700335,41.938335,537,"119.48",NA,NA,NA,40.5878,NA,NA,0.766210536170968,NA,"n",0,0,0,0,NA,NA,NA,NA,NA,NA,NA,NA,NA,NA,NA,NA,NA,NA
"562",2025-04-28,-66.700335,41.938335,538,"110.95",NA,NA,NA,27.9749,NA,NA,0.7692145458965,NA,"n",0,0,0,0,NA,NA,NA,NA,NA,NA,NA,NA,NA,NA,NA,NA,NA,NA
"563",2025-04-28,-66.700335,41.938335,539,"116.68",NA,NA,NA,29.2638,NA,NA,0.790451000895304,NA,"n",0,0,0,0,NA,NA,NA,NA,NA,NA,NA,NA,NA,NA,NA,NA,NA,NA
"564",2025-04-28,-66.700335,41.938335,540,"135.5",NA,NA,NA,47.1035,NA,NA,0.766584224102243,NA,"n",0,0,0,0,NA,NA,NA,NA,NA,NA,NA,NA,NA,NA,NA,NA,NA,NA
"565",2025-04-28,-66.700335,41.938335,541,"133.13999999999999",NA,NA,NA,45.7741,NA,NA,0.767001426570921,NA,"n",0,0,0,0,NA,NA,NA,NA,NA,NA,NA,NA,NA,NA,NA,NA,NA,NA
"566",2025-04-28,-66.700335,41.938335,542,"131.86000000000001",NA,NA,NA,43.7452,NA,NA,0.771316624452511,NA,"n",0,0,0,0,NA,NA,NA,NA,NA,NA,NA,NA,NA,NA,NA,NA,NA,NA
"567",2025-04-28,-66.700335,41.938335,543,"122.08",NA,NA,NA,39.2015,NA,NA,0.772103108299427,NA,"n",0,0,0,0,NA,NA,NA,NA,NA,NA,NA,NA,NA,NA,NA,NA,NA,NA
"568",2025-04-28,-66.700335,41.938335,544,"110.62",NA,NA,NA,29.3432,NA,NA,0.770440851713515,NA,"n",0,0,0,0,NA,NA,NA,NA,NA,NA,NA,NA,NA,NA,NA,NA,NA,NA
"569",2025-04-28,-66.700335,41.938335,545,"105.82",NA,NA,NA,19.4478,NA,NA,0.77492055656681,NA,"n",0,0,0,0,NA,NA,NA,NA,NA,NA,NA,NA,NA,NA,NA,NA,NA,NA
"570",2025-04-28,-66.700335,41.938335,546,"101.36",NA,NA,NA,20.361,NA,NA,0.763268012376602,NA,"n",0,0,0,0,NA,NA,NA,NA,NA,NA,NA,NA,NA,NA,NA,NA,NA,NA
"571",2025-04-28,-66.700335,41.938335,547,"96.46",NA,NA,NA,19.4847,NA,NA,0.768392636273589,NA,"n",0,0,0,0,NA,NA,NA,NA,NA,NA,NA,NA,NA,NA,NA,NA,NA,NA
"572",2025-04-28,-66.700335,41.938335,548,"107.23",NA,NA,NA,20.2403,NA,NA,0.773293874102656,NA,"n",0,0,0,0,NA,NA,NA,NA,NA,NA,NA,NA,NA,NA,NA,NA,NA,NA
"573",2025-04-28,-66.700335,41.938335,549,"109.86",NA,NA,NA,27.292,NA,NA,0.770320973178954,NA,"n",0,0,0,0,NA,NA,NA,NA,NA,NA,NA,NA,NA,NA,NA,NA,NA,NA
"574",2025-04-28,-66.700335,41.938335,550,"123.74",NA,NA,NA,26.5446,NA,NA,0.786340724667164,NA,"n",0,0,0,0,NA,NA,NA,NA,NA,NA,NA,NA,NA,NA,NA,NA,NA,NA
"575",2025-04-28,-66.700335,41.938335,551,"105.93",NA,NA,NA,24.6378,NA,NA,0.759442807393517,NA,"n",0,0,0,0,NA,NA,NA,NA,NA,NA,NA,NA,NA,NA,NA,NA,NA,NA
"576",2025-04-28,-66.700335,41.938335,552,"112.05",NA,NA,NA,32.9963,NA,NA,0.764212957210354,NA,"n",0,0,0,0,NA,NA,NA,NA,NA,NA,NA,NA,NA,NA,NA,NA,NA,NA
"577",2025-05-19,-66.60333,41.96717,553,"127.59",1.5043,0.884132154490526,0.5078,50.946,14.19,"good",0.753184687403154,0.791402396053559,"y",1,1,1,1,15.6156,0.51,0.0792960168,0.629954374574488,0.013300000000001,0.0358216086833595,3.8409,0.2309,0.9848,3.61,0.939883881381968,0.0601161186180322,0.0148375786088187,0.933019587556878
"578",2025-05-19,-66.60333,41.96717,554,"133.04",1.4909,0.764638808773229,0.4637,48.7014,13.87,"good",0.754141688305675,0.809661139149243,"y",1,1,1,1,15.63856,0.46,0.07251600272,0.641196480556292,0.0114000000000001,0.0311007914885506,3.4134,0.2072,0.9779,3.2062,0.939298060584754,0.0607019394152458,0.0149240763412035,0.933097752734611
"579",2025-05-19,-66.60333,41.96717,555,"126.71",1.5054,0.943270891457463,0.696,43.1838,14.83,"good",0.75055766298252,0.792987188132165,"y",1,1,1,1,15.76344,0.7,0.1097135424,0.628336127194866,0.0142000000000007,0.0378151881808004,4.1347,0.2487,0.9974,3.886,0.939850533291412,0.0601494667085883,0.0150038235461454,0.93262859544324
"580",2025-05-19,-66.60333,41.96717,556,"137.19",1.5079,0.901916572717042,0.5612,48.9006,13.9,"good",0.761752839728494,0.819424460431655,"y",1,1,1,1,14.68824,0.56,0.08243040288,0.617833798448025,0.0136000000000003,0.0378563409397711,3.0178,0.1889,0.9892,2.8289,0.937404731923918,0.0625952680760819,0.0149131448655602,0.932567550321225
"581",2025-05-19,-66.60333,41.96717,557,"110.11",1.491,0.831656606304462,0.5663,29.3647,8.87,"good",0.752615263939904,0.774520856820744,"y",1,1,1,1,15.91128,0.57,0.09010557864,0.639004511935264,0.0123999999999995,0.0336179434329542,3.1745,0.1962,0.9868,2.9783,0.938194991337218,0.0618050086627816,0.0152896157552342,0.935334245758183
"582",2025-05-19,-66.60333,41.96717,558,"114.79",1.4953,0.829265030428763,0.7052,31.4643,11.26,"good",0.756494417709995,0.792184724689165,"y",1,1,1,1,15.55456,0.71,0.10969075712,0.634457833203512,0.0124000000000013,0.0340552780199159,3.4618,0.2078,0.9966,3.254,0.939973424230169,0.0600265757698307,0.0146168062857077,0.93494947429999
"583",2025-05-19,-66.60333,41.96717,559,"121.93",1.5016,0.899041022908813,0.6479,37.0146,16.46,"good",0.754173837626875,0.811664641555286,"y",1,1,1,1,15.11664,0.65,0.09794071056,0.612945403335258,0.0134999999999987,0.0365722270660603,4.0071,0.2764,0.9861,3.7307,0.93102243517756,0.0689775648224402,0.0169564900501439,0.931287137906107
"584",2025-05-19,-66.60333,41.96717,560,"139.05000000000001",1.5073,0.908909971472172,0.6294,48.7542,NA,"good",0.758966777153365,NA,"y",1,1,1,1,14.91056,0.63,0.09384706464,0.618021005185038,0.0137,0.0377089083711292,5.4044,0.2327,1.1121,5.1717,0.956942491303382,0.0430575086966176,0.0103782900888928,0.927539766956979
"585",2025-05-19,-66.60333,41.96717,561,"120.24",1.4981,1.02796876042985,0.596,40.3352,22.58,"good",0.765581523889681,0.773693534100974,"y",1,1,1,1,16.18568,0.6,0.0964666528,0.685857861267742,0.0153999999999996,0.0438518660084662,5.6016,0.3292,1.0296,5.2724,0.94123107683519,0.05876892316481,0.0137765214109392,0.951494532904919
"586",2025-05-19,-66.60333,41.96717,562,"104.13",1.4993,1.0538251183885,0.5189,20.4227,15.13,"good",0.762134092121643,0.780568407138136,"y",1,1,1,1,16.23888,0.52,0.08426354832,0.681246365551628,0.0157999999999987,0.0443033273573367,3.2456,0.2023,0.9998,3.0433,0.93766946019226,0.0623305398077397,0.0148263104399161,0.949887453745444
"587",2025-05-19,-66.60333,41.96717,563,"115.03",1.5071,0.889124809236331,0.4261,41.3075,17.08,"good",0.753121390216311,0.790983606557377,"y",1,1,1,1,16.03056,0.43,0.06830621616,0.643440375930322,0.0134000000000007,0.0360146555432796,4.3275,0.2111,1.0526,4.1164,0.951218948584633,0.0487810514153669,0.0120429981572124,0.934361236465887
"588",2025-05-19,-66.60333,41.96717,564,"116.5",1.497,1.02872411489644,0.5626,37.2666,18.03,"good",0.755246155246155,0.788685524126456,"y",1,1,1,1,15.48904,0.56,0.08714133904,0.63577973272085,0.0153999999999996,0.0420309685402919,4.5306,0.2461,1.0361,4.2845,0.945680483821127,0.0543195161788726,0.0132949104299478,0.933718706825067
"589",2025-05-19,-66.60333,41.96717,565,"136.16999999999999",1.5088,1.19962884411444,0.7067,39.1264,17.8,"good",0.769470832507383,0.797752808988764,"y",1,1,1,1,15.7556,0.71,0.1113448252,0.680277030323337,0.0180999999999987,0.0520380504194923,NA,NA,NA,NA,NA,NA,NA,NA
"590",2025-05-19,-66.60333,41.96717,566,"111.03",1.4901,0.932823300449606,0.7568,34.6413,14.65,"good",0.755803455483137,0.81160409556314,"y",1,1,1,1,14.24136,0.76,0.10777861248,0.58073698000129,0.0138999999999996,0.0381996928865302,NA,NA,NA,NA,NA,NA,NA,NA
"591",2025-05-19,-66.60333,41.96717,567,"131.13999999999999",1.4905,0.912445488091263,0.5588,45.696,22.03,"good",0.761939172282932,0.783477076713572,"y",1,1,1,1,14.11368,0.56,0.07886724384,0.591589827484678,0.0136000000000003,0.0383282498360332,NA,NA,NA,NA,NA,NA,NA,NA
"592",2025-05-19,-66.60333,41.96717,568,"125.54",1.493,0.864032150033498,0.4428,42.3688,14.36,"good",0.751576851435545,0.788300835654596,"y",1,1,1,1,13.87904,0.44,0.06145638912,0.562240726935012,0.0129000000000001,0.0347806617469595,NA,NA,NA,NA,NA,NA,NA,NA
"593",2025-05-19,-66.60333,41.96717,569,"113.01",1.4901,0.684517817596089,0.5488,37.0718,26.06,"good",0.761589934046232,0.780506523407521,"y",1,1,1,1,15.22864,0.55,0.08357477632,0.637364610238827,0.0101999999999993,0.028711783408039,NA,NA,NA,NA,NA,NA,NA,NA
"594",2025-05-19,-66.60333,41.96717,570,"141.06",1.4996,0.913576953854364,0.8592,54.1478,34.5,"good",0.772054673768738,0.792753623188406,"y",1,1,1,1,12.90464,0.86,0.11087666688,0.565602107175503,0.0137,0.0400787754221157,NA,NA,NA,NA,NA,NA,NA,NA
"595",2025-05-19,-66.60333,41.96717,571,"118.2",1.5022,1.01850619091998,0.5552,39.7958,20.34,"good",0.751070218869813,0.790068829891839,"y",1,1,1,1,15.80936,0.56,0.08777356672,0.629649499101226,0.0152999999999999,0.0409154013752702,5.4978,0.2767,1.0461,5.2211,0.94967077740187,0.0503292225981302,0.012528442365805,0.931877323144818
"596",2025-05-19,-66.60333,41.96717,572,"126.18",1.5084,1.03420843277651,0.7946,45.5309,33.88,"good",0.764687729610581,0.797225501770956,"y",1,1,1,1,15.47672,0.79,0.12297801712,0.661539561212213,0.0156000000000009,0.0439504676515593,4.6945,0.2195,1.0454,4.475,0.953243156885717,0.0467568431142826,0.0110024589094637,0.94079947284781
"597",2025-05-19,-66.60333,41.96717,573,"99.46",1.5034,1.04429958760137,0.6488,21.8527,12.21,"good",0.757487592862456,0.796068796068796,"y",1,1,1,1,15.638,0.65,0.101459344,0.643642526598688,0.0156999999999989,0.0430616973344823,4.6592,0.2616,1.0397,4.3976,0.943853021978022,0.056146978021978,0.0136163387936087,0.937926927532078
"598",2025-05-19,-66.60333,41.96717,574,"129.9",1.499,1.06070713809208,0.5619,49.3801,21.3,"good",0.762043297864332,0.784037558685446,"y",1,1,1,1,15.52824,0.56,0.08725318056,0.654779838523595,0.0159000000000002,0.0445756361797,5.2474,0.2796,1.0584,4.9678,0.946716469108511,0.0532835308914891,0.0126791732890827,0.940611942534336
"599",2025-05-19,-66.60333,41.96717,575,"120.93",1.4917,1.0457866863311,0.7703,41.4568,31.38,"good",0.755676400390659,0.766093052899936,"y",1,1,1,1,15.77296,0.77,0.12149911088,0.645828128527934,0.0156000000000009,0.042803343107389,4.1294,0.241,1.0158,3.8884,0.941638010364702,0.0583619896352981,0.0142592113880591,0.938123078642029
"600",2025-05-19,-66.60333,41.96717,576,"110.52",1.5082,0.994563055297743,0.5513,24.8736,9.07,"good",0.774645105217414,0.77728776185226,"y",1,1,1,1,15.86872,0.55,0.08748425336,0.705830148441288,0.0150000000000006,0.0441331907282183,5.0479,0.3566,1.0177,4.6913,0.929356762217952,0.070643237782048,0.0159197994174746,0.959197735187866
"601",2025-05-19,-66.60333,41.96717,577,"111.11",1.4901,0.96637809542985,0.355,25.2801,14.75,"good",0.758294343739081,0.771525423728814,"y",1,1,1,1,15.47056,0.36,0.054920488,0.631168146708273,0.0144000000000002,0.0399816086383454,NA,NA,NA,NA,NA,NA,NA,NA
"602",2025-05-19,-66.60333,41.96717,578,"126.22",1.5007,1.03951489304985,0.4289,47.2283,17.85,"good",0.753407502481254,0.788235294117647,"y",1,1,1,1,14.25928,0.43,0.06115805192,0.576773539957833,0.0155999999999992,0.0421551711227885,NA,NA,NA,NA,NA,NA,NA,NA
"603",2025-05-19,-66.60333,41.96717,579,"143.61000000000001",1.4905,1.10030191211009,0.474,50.8689,21.94,"good",0.754348147678522,0.788514129443938,"y",1,1,1,1,15.21408,0.47,0.0721147392,0.624605977399071,0.0164000000000009,0.0447911099269934,NA,NA,NA,NA,NA,NA,NA,NA
"604",2025-05-19,-66.60333,41.96717,580,"124.78",1.494,1.35207496653286,0.4664,37.6656,20.3,"good",0.761525336171945,0.796059113300493,"y",1,1,1,1,15.6912,0.47,0.0731837568,0.652941987008456,0.0202000000000009,0.0566967972542245,NA,NA,NA,NA,NA,NA,NA,NA
"605",2025-05-19,-66.60333,41.96717,581,"138.82",1.4911,0.992555831265459,0.3732,38.1527,15.84,"good",0.764272013503491,0.79229797979798,"y",1,1,1,1,15.3636,0.37,0.0573369552,0.657387975381866,0.0147999999999993,0.042105981814771,NA,NA,NA,NA,NA,NA,NA,NA
"606",2025-05-19,-66.60333,41.96717,582,"124.98",1.5089,1.16641261846377,0.5499,40.0711,24.34,"good",0.749919881984892,0.778553820870994,"y",1,1,1,1,16.54968,0.55,0.09100669032,0.661654796814879,0.0175999999999998,0.0466415574225419,NA,NA,NA,NA,NA,NA,NA,NA
"607",2025-05-19,-66.60333,41.96717,583,"125.32",NA,NA,NA,43.9749,22.4,NA,0.772100358884401,0.794196428571429,"n",0,0,0,0,NA,NA,NA,NA,NA,NA,NA,NA,NA,NA,NA,NA,NA,NA
"608",2025-05-19,-66.60333,41.96717,584,"101.68",NA,NA,NA,22.9889,NA,NA,0.762024281283576,NA,"n",0,0,0,0,NA,NA,NA,NA,NA,NA,NA,NA,NA,NA,NA,NA,NA,NA
"609",2025-05-19,-66.60333,41.96717,585,"112.02",NA,NA,NA,27.2282,NA,NA,0.760402817666978,NA,"n",0,0,0,0,NA,NA,NA,NA,NA,NA,NA,NA,NA,NA,NA,NA,NA,NA
"610",2025-05-19,-66.60333,41.96717,586,"120.73",NA,NA,NA,57.4794,NA,NA,0.762126664267722,NA,"n",0,0,0,0,NA,NA,NA,NA,NA,NA,NA,NA,NA,NA,NA,NA,NA,NA
"611",2025-05-19,-66.60333,41.96717,587,"112.77",NA,NA,NA,30.7964,NA,NA,0.757828837136808,NA,"n",0,0,0,0,NA,NA,NA,NA,NA,NA,NA,NA,NA,NA,NA,NA,NA,NA
"612",2025-05-19,-66.60333,41.96717,588,"115.93",NA,NA,NA,31.9549,NA,NA,0.747753865604336,NA,"n",0,0,0,0,NA,NA,NA,NA,NA,NA,NA,NA,NA,NA,NA,NA,NA,NA
"613",2025-05-19,-66.60333,41.96717,589,"105.2",NA,NA,NA,27.6475,NA,NA,0.761414232751605,NA,"n",0,0,0,0,NA,NA,NA,NA,NA,NA,NA,NA,NA,NA,NA,NA,NA,NA
"614",2025-05-19,-66.60333,41.96717,590,"106.62",NA,NA,NA,25.6811,NA,NA,0.758113943717364,NA,"n",0,0,0,0,NA,NA,NA,NA,NA,NA,NA,NA,NA,NA,NA,NA,NA,NA
"615",2025-05-19,-66.60333,41.96717,591,"110.73",NA,NA,NA,25.1913,NA,NA,0.65550408275873,NA,"n",0,0,0,0,NA,NA,NA,NA,NA,NA,NA,NA,NA,NA,NA,NA,NA,NA
"616",2025-05-19,-66.60333,41.96717,592,"101.3",NA,NA,NA,21.4458,NA,NA,0.758815245875649,NA,"n",0,0,0,0,NA,NA,NA,NA,NA,NA,NA,NA,NA,NA,NA,NA,NA,NA
"617",2025-05-19,-66.60333,41.96717,593,"123.2",NA,NA,NA,42.3689,NA,NA,0.776469574706372,NA,"n",0,0,0,0,NA,NA,NA,NA,NA,NA,NA,NA,NA,NA,NA,NA,NA,NA
"618",2025-05-19,-66.60333,41.96717,594,"107.36",NA,NA,NA,32.8544,NA,NA,0.764792539203273,NA,"n",0,0,0,0,NA,NA,NA,NA,NA,NA,NA,NA,NA,NA,NA,NA,NA,NA
"619",2025-05-19,-66.60333,41.96717,595,"120.13",NA,NA,NA,40.5981,NA,NA,0.764826432764095,NA,"n",0,0,0,0,NA,NA,NA,NA,NA,NA,NA,NA,NA,NA,NA,NA,NA,NA
"620",2025-05-19,-66.60333,41.96717,596,"114.95",NA,NA,NA,31.7627,NA,NA,0.766918429478602,NA,"n",0,0,0,0,NA,NA,NA,NA,NA,NA,NA,NA,NA,NA,NA,NA,NA,NA
"621",2025-05-19,-66.60333,41.96717,597,"107.28",NA,NA,NA,31.2435,NA,NA,0.764357386336358,NA,"n",0,0,0,0,NA,NA,NA,NA,NA,NA,NA,NA,NA,NA,NA,NA,NA,NA
"622",2025-05-19,-66.60333,41.96717,598,"99.13",NA,NA,NA,19.2275,NA,NA,0.761815108568457,NA,"n",0,0,0,0,NA,NA,NA,NA,NA,NA,NA,NA,NA,NA,NA,NA,NA,NA
"623",2025-05-19,-66.60333,41.96717,599,"111.46",NA,NA,NA,30.8653,NA,NA,0.762484084068517,NA,"n",0,0,0,0,NA,NA,NA,NA,NA,NA,NA,NA,NA,NA,NA,NA,NA,NA
"624",2025-05-19,-66.60333,41.96717,600,"103.98",NA,NA,NA,24.7474,NA,NA,0.757271470942402,NA,"n",0,0,0,0,NA,NA,NA,NA,NA,NA,NA,NA,NA,NA,NA,NA,NA,NA
"625",2025-05-19,-66.60333,41.96717,601,"107.99",NA,NA,NA,32.1977,NA,NA,NA,NA,"n",0,0,0,0,NA,NA,NA,NA,NA,NA,NA,NA,NA,NA,NA,NA,NA,NA
"626",2025-05-19,-66.60333,41.96717,602,"116.51",NA,NA,NA,41.8453,NA,NA,0.765510105077512,NA,"n",0,0,0,0,NA,NA,NA,NA,NA,NA,NA,NA,NA,NA,NA,NA,NA,NA
"627",2025-05-19,-66.60333,41.96717,603,"104.73",NA,NA,NA,25.7525,NA,NA,0.748082710416464,NA,"n",0,0,0,0,NA,NA,NA,NA,NA,NA,NA,NA,NA,NA,NA,NA,NA,NA
"628",2025-05-19,-66.60333,41.96717,604,"106.21",NA,NA,NA,26.9478,NA,NA,0.752536385159456,NA,"n",0,0,0,0,NA,NA,NA,NA,NA,NA,NA,NA,NA,NA,NA,NA,NA,NA
"629",2025-05-19,-66.60333,41.96717,605,"127.1",NA,NA,NA,41.4924,NA,NA,0.769358867610325,NA,"n",0,0,0,0,NA,NA,NA,NA,NA,NA,NA,NA,NA,NA,NA,NA,NA,NA
"630",2025-05-19,-66.60333,41.96717,606,"108.28",NA,NA,NA,26.334,NA,NA,0.755297334244703,NA,"n",0,0,0,0,NA,NA,NA,NA,NA,NA,NA,NA,NA,NA,NA,NA,NA,NA
"631",2025-05-19,-66.60333,41.96717,607,"101.85",NA,NA,NA,25.2804,NA,NA,0.764817803515767,NA,"n",0,0,0,0,NA,NA,NA,NA,NA,NA,NA,NA,NA,NA,NA,NA,NA,NA
"632",2025-05-19,-66.60333,41.96717,608,"104.8",NA,NA,NA,27.5575,NA,NA,0.744399891136714,NA,"n",0,0,0,0,NA,NA,NA,NA,NA,NA,NA,NA,NA,NA,NA,NA,NA,NA
"633",2025-01-30,NA,NA,2001,"NA",1.5045,0.910601528747095,0.739100000000001,13.2643,NA,"good",0.777799958260365,NA,"y",1,1,1,1,20.09896,0.74,0.14855141336,0.903443363995468,0.0137,0.0409811592121167,2.081,0.1588,1.0049,1.9222,0.923690533397405,0.0763094666025949,0.0169559666642259,1.00485154021206
"634",2025-01-30,NA,NA,2002,"NA",1.4908,1.1470351489134,0.778599999999998,20.5622,NA,"good",0.769996938686259,NA,"y",1,1,1,1,17.8276,0.78,0.1388056936,0.773711516792169,0.017100000000001,0.0498704296526194,3.2267,0.2327,1.0055,2.994,0.927882976415533,0.0721170235844671,0.0165871361972627,0.976330426372656
"635",2025-01-30,NA,NA,2003,"NA",1.5014,1.0190488877048,0.614200000000002,15.7672,NA,"good",0.776194731753055,NA,"y",1,1,1,1,17.93624,0.61,0.11016438608,0.806939692010463,0.0152999999999999,0.0455328373494939,2.8597,0.2097,1.0213,2.65,0.926670629786341,0.0733293702136588,0.0164114993710474,0.98215912000115
"636",2025-01-30,NA,NA,2004,"NA",1.5037,1.14384518188462,0.840199999999998,29.2537,NA,"good",0.769046964302968,NA,"y",1,1,1,1,18.73592,0.84,0.15741919984,0.811436874028243,0.017199999999999,0.049527176745368,3.998,0.263,1.0073,3.735,0.934217108554277,0.0657828914457228,0.015192758476318,0.983037374598132
"637",2025-01-30,NA,NA,2005,"NA",1.4974,1.02844931214114,0.732999999999999,19.5246,NA,"good",0.780608527714494,NA,"y",1,1,1,1,17.28944,0.73,0.1267315952,0.79130206440105,0.0154000000000014,0.0468773604291584,3.5176,0.2834,1.0061,3.2342,0.919433704798726,0.0805662952012736,0.0176755581207961,0.981462978956702
"638",2025-01-30,NA,NA,2006,"NA",1.4997,1.04687604187509,0.7565,13.6035,NA,"good",0.788169873009438,NA,"y",1,1,1,1,17.19368,0.76,0.1300701892,0.807935057307023,0.0157000000000007,0.0494205454506352,3.853,0.1759,0.9994,3.6771,0.954347261873865,0.0456527381261355,0.00967062531472616,0.980246058742915
"639",2025-01-30,NA,NA,2007,"NA",1.4932,1.02464505759442,0.8008,11.6992,NA,"good",0.789775868668396,NA,"y",1,1,1,1,16.50264,0.8,0.13215314112,0.78578717559037,0.0152999999999999,0.0487406013336386,1.7829,0.1465,1.0162,1.6364,0.91783050086937,0.0821694991306299,0.0172740115766897,0.98232273082103
"640",2025-01-30,NA,NA,2008,"NA",1.5074,0.955287249568807,0.702100000000002,29.6168,NA,"good",0.784681453481372,NA,"y",1,1,1,1,16.91312,0.7,0.11874701552,0.787849427477555,0.0144000000000002,0.0443662315678023,3.8612,0.32,0.9928,3.5412,0.917124210090127,0.0828757899098726,0.0178446946249769,0.981210220602037
"641",2025-01-30,NA,NA,2009,"NA",1.5089,0.934455563655585,0.8746,17.226,NA,"good",0.789462691595082,NA,"y",1,1,1,1,16.49704,0.87,0.14428311184,0.787711491819767,0.0140999999999991,0.0443843217496817,2.9714,0.243,1.0021,2.7284,0.918220367503534,0.0817796324964663,0.0172176637081494,0.980995310939787
"642",2025-01-30,NA,NA,2010,"NA",1.5094,1.12627534119514,0.555599999999999,14.2986,NA,"good",0.788296167930944,NA,"y",1,1,1,1,17.24744,0.56,0.0958267766399999,0.808295449012856,0.0169999999999995,0.0532005174487234,2.4274,0.2038,0.9984,2.2236,0.916041855483233,0.0839581445167669,0.0177742609276072,0.989807582270503
"643",2025-01-30,NA,NA,2011,"NA",1.4911,1.23398833076251,0.7985,15.1464,NA,"good",0.787552112500778,NA,"y",1,1,1,1,16.38952,0.8,0.1308703172,0.770014229963096,0.0183999999999997,0.0580842834112448,2.5962,0.1992,1.0107,2.397,0.923272475155997,0.0767275248440028,0.0163006005661525,0.980087796374555
"644",2025-01-30,NA,NA,2012,"NA",1.5048,1.06326422115896,0.826999999999994,35.5383,NA,"good",0.784165750681343,NA,"y",1,1,1,1,16.81568,0.83,0.139065673599999,0.776285528669639,0.016,0.0492629980883692,2.8386,0.2186,1.0069,2.62,0.922990206439794,0.0770097935602058,0.0166213509832518,0.979576543876184
"645",2025-01-30,NA,NA,2013,"NA",1.4927,1.07858243451462,0.566300000000001,21.6957,NA,"good",0.783217139336039,NA,"y",1,1,1,1,17.13096,0.57,0.0970126264800002,0.785106303120596,0.0160999999999998,0.04975404564785,4.1282,0.3191,1.0183,3.8091,0.922702388450172,0.077297611549828,0.0167567973542633,0.982069361035449
"646",2025-01-30,NA,NA,2014,"NA",1.5019,1.07863373060787,0.713299999999999,16.49,NA,"good",0.780066971165971,NA,"y",1,1,1,1,17.02064,0.71,0.12140822512,0.777498045998612,0.0161999999999995,0.0490437355556018,3.0273,0.2214,1.0216,2.8059,0.92686552373402,0.0731344762659796,0.0160846868773673,0.977144395349417
"647",2025-01-30,NA,NA,2015,"NA",1.4931,1.05820105820109,0.576699999999997,18.5269,NA,"good",0.786851875482315,NA,"y",1,1,1,1,17.49608,0.58,0.100899893359999,0.816171072454712,0.0158000000000005,0.0496462758279297,3.4534,0.2654,1.0218,3.188,0.923148201772167,0.0768517982278334,0.0163808166580742,0.9887755027224
"648",2025-01-30,NA,NA,2016,"NA",1.4984,1.10117458622535,0.702599999999999,15.2459,NA,"good",0.783670246609786,NA,"y",1,1,1,1,16.64152,0.7,0.11692331952,0.77212362600306,0.0165000000000006,0.050902595180195,2.7074,0.2052,1.0062,2.5022,0.924207726970525,0.0757922730294748,0.0163961237333501,0.97749331620539
"649",2025-01-30,NA,NA,2017,"NA",1.5008,1.14605543710015,0.6701,17.7663,NA,"good",0.789412262590251,NA,"y",1,1,1,1,16.92824,0.67,0.11343613624,0.803976851227676,0.017199999999999,0.0544217555683321,3.2085,0.2567,1.0057,2.9518,0.919993766557581,0.0800062334424186,0.0168483316793151,0.987003548640568
"650",2025-01-30,NA,NA,2018,"NA",1.5082,1.16032356451399,0.773500000000001,16.4396,NA,"good",0.783174058299607,NA,"y",1,1,1,1,16.96296,0.77,0.1312084956,0.785886791497583,0.0175000000000001,0.0535140562708734,2.9719,0.2542,0.9903,2.7177,0.914465493455365,0.0855345065446347,0.0185460999294189,0.982952993874166
"651",2025-01-30,NA,NA,2019,"NA",1.5004,1.1063716342309,0.663300000000002,16.5586,NA,"good",0.778650772148469,NA,"y",1,1,1,1,17.55264,0.66,0.11642666112,0.796948937713588,0.0166000000000004,0.0499830808071755,3.1847,0.2532,1.0106,2.9315,0.920494866078437,0.0795051339215625,0.0175984000037704,0.982839288494548
"652",2025-01-30,NA,NA,2020,"NA",1.5061,1.07562578846023,0.592700000000001,13.7777,NA,"good",0.794723818167807,NA,"y",1,1,1,1,17.0828,0.59,0.1012497556,0.835994481788068,0.0161999999999995,0.052398957290599,2.2993,0.17,1.0122,2.1293,0.926064454399165,0.073935545600835,0.0151772065026194,0.991485282555029
"653",2025-01-30,NA,NA,2021,"NA",1.4933,1.07145248777875,0.699399999999998,14.741,NA,"good",0.784066367555765,NA,"y",1,1,1,1,16.3464,0.7,0.1143267216,0.756361508632418,0.016,0.0496195277989152,2.6623,0.2096,1.0085,2.4527,0.921271081395786,0.0787289186042144,0.0170002213726145,0.975245113806167
"654",2025-01-30,NA,NA,2022,"NA",1.5078,1.02798779678999,0.6401,11.8975,NA,"good",0.7844526954952,NA,"y",1,1,1,1,17.53864,0.64,0.11226483464,0.813806530905116,0.0154999999999994,0.0476919810781996,2.0463,0.1644,1.0061,1.8819,0.91965987391878,0.0803401260812198,0.0173170976203827,0.987436071083483
"655",2025-01-30,NA,NA,2023,"NA",1.5023,1.03840777474534,0.5861,19.5601,NA,"good",0.778132637350687,NA,"y",1,1,1,1,18.02864,0.59,0.10566585904,0.807215059486072,0.0155999999999992,0.0468030882210764,3.7554,0.3269,1.0251,3.4285,0.912952015763967,0.0870479842360335,0.0193131066863877,0.988116221784528
"656",2025-01-30,NA,NA,2024,"NA",1.4986,1.16775657280129,0.628500000000002,17.6995,NA,"good",0.778717474506178,NA,"y",1,1,1,1,17.24856,0.63,0.1084071996,0.777625434344588,0.0175000000000001,0.0527722001633558,3.3803,0.384,1.0066,2.9963,0.88640061533,0.11359938467,0.0251375587343218,0.988018198968513
"657",2025-01-30,NA,NA,2025,"NA",1.4907,0.925739585429651,0.683,13.8522,NA,"good",0.808228796506401,NA,"y",1,1,1,1,16.00816,0.68,0.1093357328,0.83843579966013,0.0137999999999998,0.0482731280069664,2.1065,0.1643,1.0142,1.9422,0.922003323047709,0.0779966769522906,0.0149575166076422,0.99252530896834
"658",2025-01-30,NA,NA,2026,"NA",1.4915,1.14649681528669,0.7841,14.0579,NA,"good",0.780726312682954,NA,"y",1,1,1,1,16.12464,0.78,0.12643330224,0.739231319608353,0.017100000000001,0.0522861100807313,2.625,0.209,1.0077,2.416,0.920380952380952,0.0796190476190476,0.0174583621521,0.970896042987921
"659",2025-01-30,NA,NA,2027,"NA",1.4905,1.18752096611884,0.870499999999997,37.4247,NA,"good",0.787016201941039,NA,"y",1,1,1,1,16.4808,0.87,0.143465364,0.774250054437137,0.0177000000000014,0.0557563991693913,3.9718,0.314,1.02,3.6578,0.920942645651845,0.0790573543481545,0.0168379355935631,0.980537347195791
"660",2025-01-30,NA,NA,2028,"NA",1.4951,1.41127683766964,0.621699999999998,38.3437,NA,"good",0.780328982054771,NA,"y",1,1,1,1,16.47352,0.62,0.10241587384,0.751973996549278,0.0210999999999988,0.0642450174297237,3.0803,0.2306,1.0136,2.8497,0.925137161964744,0.0748628380352563,0.0164451958374736,0.975622146268941
"661",2025-01-30,NA,NA,2029,"NA",1.4908,1.12691172524818,0.903500000000001,21.9998,NA,"good",0.77988829665145,NA,"y",1,1,1,1,17.16904,0.9,0.1551222764,0.783048253531334,0.0167999999999999,0.0511972652114596,4.2131,0.3333,1.0115,3.8798,0.920889606228193,0.079110393771807,0.017413123525687,0.980260937429619
"662",2025-01-30,NA,NA,2030,"NA",1.4914,1.14657368915108,0.684399999999999,19.1975,NA,"good",0.776115194134546,NA,"y",1,1,1,1,15.8984,0.68,0.1088086496,0.714710046452018,0.0170999999999992,0.0512126620079849,3.7133,0.2847,1.0083,3.4286,0.923329652869415,0.0766703471305847,0.0171653257829679,0.963730256809025
